[
    {
        "N[C@H]1CC[C@H](N[C@@H]2C[C@H]2c2ccccc2)CC1": 1
    },
    {
        "O=C(CN[C@H]1C[C@@H]1c1ccccc1)N1CCN(Cc2ccccc2)CC1": 1
    },
    {
        "c1ccc(-c2ccc(OCC3CCNCC3)cn2)cc1": 0
    },
    {
        "c1ccc(-c2ncc(OCC3CCNCC3)nc2-c2ccccc2)cc1": 0
    },
    {
        "N#Cc1ccc(-c2cc(OCC3CCNCC3)cnc2-c2ccc(OC(F)(F)F)cc2)cc1": 1
    },
    {
        "C/C(=N\\NC(=O)c1cccc(S(=O)(=O)N2CCOCC2)c1)c1ccccc1O": 1
    },
    {
        "C/C(=N\\NC(=O)c1cccc(N2CCOCC2)c1)c1cc(Cl)ccc1O": 1
    },
    {
        "COc1ccccc1CN[C@H]1CC1c1ccc(OCc2ccccc2)cc1": 1
    },
    {
        "COc1ccc(C(C)N[C@H]2CC2c2ccccc2)cc1OC": 1
    },
    {
        "C#CCNC(=O)CN[C@H]1C[C@@H]1c1ccccc1": 1
    },
    {
        "Cc1ccc(NC(=O)CCC(=O)OCC(=O)c2ccc(-c3ccccc3)cc2)cc1Cl": 1
    },
    {
        "N#Cc1ccc(-c2cc(OCC3CCNCC3)cnc2-c2cccnc2)cc1": 1
    },
    {
        "C[C@H](O)[C@H](NC(=O)[C@H](CCCNC(=N)N)NC(=O)[C@@H](C)N)C(=O)N[C@@H](CCCCNC1CC1c1ccccc1)C(=O)N[C@@H](CCC(N)=O)C(=O)O": 0
    },
    {
        "CNC[C@H]1CC[C@H](C(=O)N2C[C@@H](c3ccc(C#N)cc3)[C@H](c3ccc4c(cnn4C)c3)C2)CC1": 1
    },
    {
        "N#Cc1ccc(-c2cc(OCC3CCNCC3)cnc2-c2ccccc2)cc1": 1
    },
    {
        "N#Cc1ccc(-c2cc(OCC3CCNCC3)cnc2-c2ccncc2)cc1": 1
    },
    {
        "C#CCSc1nc(Cl)c(C#N)c(-c2ccc(C)cc2)n1": 0
    },
    {
        "c1ccc(COc2ccc(C3C[C@@H]3NCc3ccccn3)cc2)cc1": 1
    },
    {
        "C/C(=N\\NC(=O)c1cccc(S(=O)(=O)N2CCOCC2)c1)c1cccc2ccccc12": 0
    },
    {
        "CN1CCN(C(=O)CN[C@H]2C[C@@H]2c2ccc(-c3ccc(OC(F)(F)F)cc3)cc2)CC1": 1
    },
    {
        "COc1ccc(-c2ccc([C@H]3C[C@@H]3NCC(=O)N3CCN(C)CC3)cc2)cc1": 1
    },
    {
        "NC1CC1c1cc(F)cc(F)c1OCc1ccccc1": 1
    },
    {
        "NC1CC1c1ccc(NC(=O)C(Cc2ccccc2)NC(=O)OCc2ccccc2)cc1": 1
    },
    {
        "COc1ncccc1CNC1CC1c1ccccc1": 1
    },
    {
        "O=[N+]([O-])c1ccc(-c2csc(NS(=O)(=O)c3cccc(Cl)c3)n2)cc1": 0
    },
    {
        "O=S(=O)(Nc1nc(-c2ccccc2Cl)cs1)c1cccc(Cl)c1": 0
    },
    {
        "O=[N+]([O-])c1ccccc1S(=O)(=O)Nc1nc(-c2ccc(Cl)cc2)cs1": 0
    },
    {
        "CS(=O)(=O)Nc1nc(-c2ccc(Cl)cc2)cs1": 0
    },
    {
        "COc1ccc(Nc2nc(C(C)=O)cs2)cc1": 0
    },
    {
        "COc1ccc(CN[C@H]2CC2c2ccccc2)cc1C": 1
    },
    {
        "COc1ccc(CN[C@H]2CC2c2ccccc2)cc1F": 1
    },
    {
        "COc1ccc(CC(C)N[C@H]2CC2c2ccccc2)cc1OC": 1
    },
    {
        "Cc1ccc(S(=O)(=O)N(CC(=O)N2C[C@@H]3C[C@H]2CN3)c2ccc(C#N)cc2)cc1": 1
    },
    {
        "C#CCSc1nc(NNC(N)=O)c(C#N)c(-c2ccc(C)cc2)n1": 1
    },
    {
        "CCc1cccc(COc2c(F)cc(F)cc2C2CC2N)c1": 1
    },
    {
        "O=C(OCO)c1cccc(-c2csc(NS(=O)(=O)c3cccc(Cl)c3)n2)c1": 0
    },
    {
        "COc1cccc(S(=O)(=O)Nc2nc(-c3ccc(Cl)cc3)cs2)c1": 0
    },
    {
        "Cc1ccc(-c2ncc(OC[C@@H]3CCNC3)cc2-c2ccc(C#N)cc2)cc1": 1
    },
    {
        "Cc1ccc(-c2ncc(OCC3CCNCC3)cc2-c2ccc(C(=O)N3CCNCC3)cc2)cc1": 0
    },
    {
        "CC(C)NC(=O)CN[C@H]1CC1c1ccccc1": 0
    },
    {
        "Cc1ccc(-c2ncc(OCC3CCNCC3)cc2-c2ccc(C#N)c(F)c2)cc1": 1
    },
    {
        "O=S(=O)(Nc1ccn(-c2ccccc2)n1)c1cc(Cl)cc(Cl)c1": 0
    },
    {
        "Cc1cccc(S(=O)(=O)Nc2nnc(-c3ccc(Cl)cc3)s2)c1": 0
    },
    {
        "COc1cccc(-c2csc(NS(=O)(=O)c3cccc(Cl)c3)n2)c1": 0
    },
    {
        "O=S(=O)(Nc1nc(-c2cccc(Br)c2)cs1)c1cccc(Cl)c1": 0
    },
    {
        "O=[N+]([O-])c1cccc(-c2csc(NS(=O)(=O)c3cccc(Cl)c3)n2)c1": 0
    },
    {
        "O=S(=O)(Cc1ccccc1)Nc1nc(-c2ccc(Cl)cc2)cs1": 0
    },
    {
        "Cc1ccc(S(=O)(=O)N(C)c2nc(-c3ccc(Cl)cc3)cs2)cc1": 0
    },
    {
        "O=C(Nc1ccccc1)Nc1nc(-c2ccc(Cl)cc2)cs1": 0
    },
    {
        "O=C(Nc1nc(-c2ccc(Cl)cc2)cs1)c1ccccc1": 0
    },
    {
        "N[C@H]1C[C@@H]1c1cccc(OCC[C@H](NC(=O)c2ccccc2)C(=O)NCc2ccccc2)c1": 1
    },
    {
        "CC(N[C@H]1C[C@@H]1c1ccccc1)c1ccc2c(c1)OCCO2": 1
    },
    {
        "C/C(=N\\NC(=O)c1ccc(O)cc1)c1ccccc1O": 1
    },
    {
        "C/C(=N\\NC(=O)c1cccc(S(=O)(=O)N2CCOCC2)c1)c1cc(Cl)ccc1O": 1
    },
    {
        "O=S(=O)(Nc1nc(-c2ccc(Cl)cc2)cs1)c1ccccc1": 0
    },
    {
        "CC(=O)c1csc(Nc2ccc(Br)cc2)n1": 0
    },
    {
        "N#Cc1ccc(-c2cc(OCC3CCNCC3)cnc2-c2ccc(F)cc2F)cc1": 1
    },
    {
        "C/C(=N\\NC(=O)c1ccccc1)c1cc(Cl)ccc1O": 1
    },
    {
        "N[C@@H]1C[C@H]1c1ccc(-c2cccc(O)c2)cc1": 1
    },
    {
        "Cl.N[C@@H]1C[C@H]1c1ccc(NC(=O)c2ccc(O)c3ncccc23)cc1": 1
    },
    {
        "COC(=O)c1ccnc(-c2cc(C(=O)Nc3ccc([C@@H]4C[C@H]4N)cc3)ccn2)c1.Cl": 1
    },
    {
        "CCNCCCCNCCCCNCCCCNCCCCNC/C=C/CNCCCCNCCCCNCCCCNCCCCNCC": 1
    },
    {
        "N[C@@H]1C[C@H]1c1ccc(OCC[C@H](NC(=O)c2ccccc2)C(=O)NCc2ccccc2)cc1": 1
    },
    {
        "COC(=O)c1cc(CN2CCN(C(=N)N)CC2)cc(C(=O)N2CCN(C(=O)c3ccc(C=N)cc3)CC2)c1": 1
    },
    {
        "CC(=O)c1csc(NC(=O)c2ccccc2)n1": 0
    },
    {
        "CC(=O)c1csc(Nc2cccc(O)c2)n1": 0
    },
    {
        "CC(=O)c1csc(Nc2ccc(O)cc2)n1": 0
    },
    {
        "CN1CCN(C(=O)CNC2CC2c2ccc(-c3cc(F)ccc3C(F)(F)F)cc2)CC1": 1
    },
    {
        "CCNC(=O)NC1CCC(N[C@H]2C[C@@H]2c2ccccc2)CC1": 1
    },
    {
        "Cc1ccc(-c2ncc(NCC3CCCNC3)cc2-c2ccc(C#N)cc2)cc1": 1
    },
    {
        "COc1ccc(C2CC2N)cc1": 0
    },
    {
        "O=c1c(Cl)c(C(F)(F)F)oc2ccc([N+](=O)[O-])cc12": 0
    },
    {
        "CN1CCN(C(=O)CN[C@H]2C[C@@H]2c2ccc(-c3cccnc3)cc2)CC1": 1
    },
    {
        "O=C(N[C@@H](CCCCNC1CC1c1ccccc1)C(=O)NCc1cccc(C(F)(F)F)c1)c1ccc(-c2ccccc2)cc1": 1
    },
    {
        "CNC[C@H]1CC[C@H](C(=O)N2C[C@@H](c3ccc(C)cc3)[C@H](c3ccc(C#N)cc3)C2)CC1": 1
    },
    {
        "N#Cc1ccc(N(CC(=O)N2CCC(N)CC2)Cc2ccccc2)cc1": 1
    },
    {
        "O=C(N/N=C/c1cc(Cl)ccc1O)c1ccc(O)cc1": 1
    },
    {
        "O=C(N/N=C/c1ccccc1O)c1ccc(O)cc1": 1
    },
    {
        "CN1CCN(C(=O)CN[C@H]2C[C@@H]2c2ccccc2)CC1": 1
    },
    {
        "CN1CCN(C(=O)CN[C@H]2C[C@@H]2c2ccc(-c3cccc(C#N)c3)cc2)CC1": 1
    },
    {
        "CN1CCN(C(=O)CN[C@H]2C[C@@H]2c2ccc(C3CC3)cc2)CC1": 1
    },
    {
        "NC1CCC(N[C@H]2C[C@@H]2c2ccc(OCc3cccnc3)cc2)CC1": 1
    },
    {
        "NC1CCC(N[C@H]2C[C@@H]2c2ccc(-c3cccc(C(F)(F)F)c3)nc2)CC1": 1
    },
    {
        "NC(=O)C1CCC(N[C@H]2C[C@@H]2c2ccc(-c3cccc(C(F)(F)F)c3)nc2)CC1": 1
    },
    {
        "Fc1ccc(CN[C@H]2CC2c2ccccc2)cc1": 1
    },
    {
        "Cc1ccc(-c2nnc(NS(=O)(=O)c3cccc(Cl)c3)s2)cc1": 0
    },
    {
        "CC(C)c1ccc(-c2ncc(OCC3CCNCC3)cc2-c2ccc(C#N)cc2)cc1": 1
    },
    {
        "C#CCSc1nc(Cl)c(C#N)c(-c2ccc(Cl)cc2)n1": 1
    },
    {
        "C#CCSc1nc(Cl)c(C#N)c(-c2ccc([N+](=O)[O-])cc2)n1": 0
    },
    {
        "C#CCSc1nc(NNC(N)=S)c(C#N)c(-c2ccccc2)n1": 1
    },
    {
        "C#CCSc1nc(NNC(N)=S)c(C#N)c(-c2cccc(OC)c2)n1": 1
    },
    {
        "C#CCSc1nc(NNC(N)=O)c(C#N)c(-c2cccc(Cl)c2)n1": 1
    },
    {
        "CN1CCN(C(=O)CN[C@H]2C[C@@H]2c2ccc(-c3cccc(C(F)(F)F)c3)cc2)CC1": 1
    },
    {
        "NC1CCC(N[C@H]2C[C@@H]2c2ccc(Br)cc2)CC1": 1
    },
    {
        "NC1CCC(NC2CC2c2ccccc2F)CC1": 1
    },
    {
        "NC1CCC(N[C@H]2C[C@@H]2c2ccc(C3CC3)cc2)CC1": 1
    },
    {
        "NC1CCC(N[C@H]2C[C@@H]2c2ccc(-c3cccnc3)cc2)CC1": 1
    },
    {
        "O=C(CNC1CC1c1ccccc1)NC1CC1": 1
    },
    {
        "N[C@@H]1CCN(C2CCC(N[C@H]3C[C@@H]3c3ccccc3)CC2)C1": 1
    },
    {
        "Cc1ccc(-c2ncc(OCC3CCCNC3)cc2-c2ccc(C#N)cc2)cc1": 1
    },
    {
        "Cc1ccc(-c2ncc(OCC3CCNCC3)cc2-c2ccc(C(=O)NC3CC3)cc2)cc1": 0
    },
    {
        "Cc1ccc(-c2ncc(OCC3CCNCC3)cc2-c2ccc(C(=O)O)cc2)cc1": 0
    },
    {
        "N#Cc1ccc(-c2cc(OCC3CCNCC3)cnc2-c2ccc(C#N)cc2)cc1": 1
    },
    {
        "Cc1ccc(-c2ncc(OCC3CCNCC3)cc2-c2ccc(CO)cc2)cc1": 0
    },
    {
        "O=C(N/N=C/c1ccccc1O)c1ccc(Br)cc1": 1
    },
    {
        "CC(=O)c1csc(Nc2ccc(Cl)cc2)n1": 0
    },
    {
        "COc1ccc(S(=O)(=O)Nc2nc(-c3ccc(Cl)cc3)cs2)cc1": 0
    },
    {
        "CN1CCN(C(=O)CN[C@H]2C[C@@H]2c2ccc(-c3ccccc3)cc2)CC1": 1
    },
    {
        "N[C@@H]1C[C@H]1c1ccc(Br)cc1": 1
    },
    {
        "Cc1noc(CN[C@H]2CC2c2ccccc2)n1": 1
    },
    {
        "O=[N+]([O-])c1ccccc1-c1csc(NS(=O)(=O)c2cccc(Cl)c2)n1": 0
    },
    {
        "O=S(=O)(Nc1nc(-c2ccc(Cl)cc2)cs1)c1cccc(C(F)(F)F)c1": 1
    },
    {
        "C#CCSc1nc(NNC(N)=S)c(C#N)c(-c2ccc([N+](=O)[O-])cc2)n1": 1
    },
    {
        "C#CCSc1nc(NNC(N)=S)c(C#N)c(-c2ccc(F)cc2)n1": 1
    },
    {
        "C#CCSc1nc(NNC(N)=S)c(C#N)c(-c2cc(OC)c(OC)c(OC)c2)n1": 1
    },
    {
        "C#CCSc1nc(Cl)c(C#N)c(-c2cc(OC)c(OC)c(OC)c2)n1": 1
    },
    {
        "Cc1cccc(S(=O)(=O)Nc2nc(-c3ccc(Cl)cc3)cs2)c1": 0
    },
    {
        "Cc1cccc(CNc2ccc([C@H]3C[C@@H]3NC3CCC(N)CC3)cn2)c1": 1
    },
    {
        "COc1cc(F)ccc1-c1ccc([C@H]2C[C@@H]2NCC(=O)N2CCN(C)CC2)cc1": 1
    },
    {
        "N#Cc1ccc(-c2nc(OCC3CCNCC3)cnc2-c2ccc(Br)cc2)cc1": 1
    },
    {
        "Cc1cc2c(cc1C#N)c(-c1cccc(N)c1C)cn2[C@H]1C[C@@H](O)C1": 1
    },
    {
        "O=S(=O)(c1ccc2[nH]c(Nc3cc(Cl)ccc3O)nc2c1)N1CCOCC1": 0
    },
    {
        "N#Cc1c(Cl)nc(SCc2cn(Cc3ccccc3Cl)nn2)nc1-c1ccccc1": 0
    },
    {
        "C/C(=N\\NC(=O)CN[C@@H]1C[C@H]1c1ccc(F)c(F)c1)c1ccc(Cl)cc1": 1
    },
    {
        "C/C(=N\\NC(=O)CN[C@@H]1C[C@H]1c1ccc(F)c(F)c1)c1ccc([N+](=O)[O-])cc1": 1
    },
    {
        "NC1CC1c1ccc(NC(=O)c2ccccc2)cc1": 1
    },
    {
        "Nc1nnc(NCc2c(Cl)cccc2Oc2ccccc2)[nH]1": 1
    },
    {
        "O=S(=O)(Nc1nc(-c2ccccc2)cs1)c1cccc(Cl)c1": 0
    },
    {
        "C/C(=N\\NC(=O)c1cccc(S(=O)(=O)N(C)C)c1)c1cc(Cl)ccc1O": 1
    },
    {
        "C/C(=N\\NC(=O)c1cncc(S(C)(=O)=O)c1)c1cc(Cl)ccc1O": 1
    },
    {
        "Cn1ncc2cc([C@@H]3CN(C(=O)[C@H]4CC[C@H](N)CC4)C[C@H]3c3ccc(C#N)cc3)ccc21": 1
    },
    {
        "CN1CCN(C(=O)CN[C@H]2C[C@@H]2c2ccc(OCc3ccc(Cl)cc3)cc2)CC1": 1
    },
    {
        "COc1cc(F)c(CN[C@H]2CC2c2ccccc2)c(F)c1": 1
    },
    {
        "NC1CCC(N[C@H]2C[C@@H]2c2cccnc2)CC1": 1
    },
    {
        "NC1CCCC(N[C@H]2C[C@@H]2c2ccccc2)C1": 1
    },
    {
        "Cc1ccc([C@@H]2CN(C(=O)CC3CCCNC3)C[C@H]2c2ccc(C#N)cc2)cc1": 1
    },
    {
        "COC(=O)C(C)N[C@H]1C[C@@H]1c1ccccc1": 1
    },
    {
        "COc1cc(C)c(CN[C@H]2CC2c2ccccc2)cc1C": 1
    },
    {
        "Cl.S=C(NCCCNCCCCCNCCCNC(=S)NCCC(c1ccccc1)c1ccccc1)NCCC(c1ccccc1)c1ccccc1": 1
    },
    {
        "CN1CCN(C(=O)CN[C@H]2C[C@@H]2c2ccc(OCc3cccc(F)c3)cc2)CC1": 1
    },
    {
        "C/C(=C\\CC/C(C)=C/C(=O)O)CC/C=C(\\C)CCCC(C)C": 0
    },
    {
        "NC1CC1c1cccc2ccccc12": 1
    },
    {
        "Cc1sc(NS(=O)(=O)c2cccc(Cl)c2)nc1-c1ccccc1": 0
    },
    {
        "COc1ccc(-c2csc(NS(=O)(=O)c3cccc(Cl)c3)n2)cc1": 0
    },
    {
        "O=S(=O)(Nc1nc(-c2ccc(Br)cc2)cs1)c1cccc(Cl)c1": 0
    },
    {
        "O=S(=O)(Nc1nc(-c2ccc(Cl)cc2)cs1)c1cccs1": 0
    },
    {
        "O=[N+]([O-])c1cccc(S(=O)(=O)Nc2nc(-c3ccc(Cl)cc3)cs2)c1": 0
    },
    {
        "O=S(=O)(Nc1nc(-c2ccc(Cl)cc2)cs1)c1ccccc1Cl": 0
    },
    {
        "O=S(=O)(Nc1nc(-c2ccc(Cl)cc2)cs1)c1ccc(-c2ccccc2)cc1": 0
    },
    {
        "CC(=O)c1csc(NC(=O)Nc2ccccc2)n1": 0
    },
    {
        "CC(C)COc1ccc(Cl)cc1C1CC1N": 1
    },
    {
        "CC(=O)c1csc(Nc2ccccc2C)n1": 0
    },
    {
        "NC1CCC(N[C@H]2C[C@@H]2c2ccc(-c3ccc4cn[nH]c4c3)cc2)CC1": 1
    },
    {
        "N[C@H]1C[C@@H]1c1ccc(Oc2ccccc2)cc1": 0
    },
    {
        "N#Cc1ccc(-c2cc(OCC3CCNCC3)cnc2-c2ccc(F)c(F)c2)cc1": 1
    },
    {
        "Cc1cccc(-c2ncc(OCC3CCNCC3)cc2-c2ccc(C#N)cc2)c1": 1
    },
    {
        "CCc1ccc(-c2ncc(OCC3CCNCC3)cc2-c2ccc(C#N)cc2)cc1": 1
    },
    {
        "N#Cc1ccc(-c2cc(OCC3CCNCC3)cnc2-c2ccc(F)nc2)cc1": 1
    },
    {
        "CC1(c2ccccc2)CC1NC1CCC(N)CC1": 1
    },
    {
        "CN1CCN(C(=O)CN[C@H]2C[C@@H]2c2ccc(-c3ccccc3C(F)(F)F)cc2)CC1": 1
    },
    {
        "c1ccc(C2C[C@@H]2NCc2nccs2)cc1": 1
    },
    {
        "COc1ccc(CN[C@H]2CC2c2ccc(Oc3ccccc3)cc2)cc1": 1
    },
    {
        "c1ccc(C2C[C@@H]2NCc2ccc3c(c2)OCCO3)cc1": 1
    },
    {
        "CN1CCN(C(=O)CN[C@H]2C[C@@H]2c2ccc(-c3ccncc3)cc2)CC1": 1
    },
    {
        "O=C(N/N=C/c1ccccc1O)c1cccc(Cl)c1": 1
    },
    {
        "[C-]#[N+]c1ccc(COc2ccc([C@H]3C[C@@H]3NCC(=O)N3CCN(C)CC3)cc2)cc1": 1
    },
    {
        "Cc1ccc(-c2ncc(OCC3CCNCC3)nc2-c2ccc(C)cc2)cc1": 0
    },
    {
        "N[C@H]1CCN(C(=O)CN[C@H]2C[C@@H]2c2ccccc2)C1": 1
    },
    {
        "NC1CCC(NC2CC2c2ccc3ccccc3c2)CC1": 1
    },
    {
        "N#Cc1c(Cl)nc(SCc2cn(Cc3ccccc3Cl)nn2)nc1-c1ccc(Cl)cc1": 0
    },
    {
        "C#CCSc1nc(NNC(N)=O)c(C#N)c(-c2ccc(Br)cc2)n1": 0
    },
    {
        "C#CCSc1nc(NNC(N)=S)c(C#N)c(-c2ccc(Br)cc2)n1": 1
    },
    {
        "O=C(CN[C@H]1C[C@@H]1c1ccc(OCc2ccccc2)cc1)NC1CC1": 1
    },
    {
        "COc1ncccc1-c1ccc([C@H]2C[C@@H]2NCC(=O)N2CCN(C)CC2)cc1": 1
    },
    {
        "NC1CCC(N[C@H]2C[C@@H]2c2ccc(-c3cccc(O)c3)s2)CC1": 1
    },
    {
        "Cn1ncc2cc([C@@H]3CN(C(=O)c4ccc(CN)cc4)C[C@H]3c3ccc(C#N)cc3)ccc21": 1
    },
    {
        "Cc1ccc([C@@H]2CN(C(=O)C[C@H]3CC[C@@H](N)CC3)C[C@H]2c2ccc(C#N)cc2)cc1": 1
    },
    {
        "Cc1ccc([C@@H]2CN(C(=O)CC3CCNCC3)C[C@H]2c2ccc(C#N)cc2)cc1": 1
    },
    {
        "Cc1ccc(-c2ncc(OCC3CCNCC3)cc2-c2ccc(CN3CCCCC3)cc2)cc1": 0
    },
    {
        "CC(C)(C)NC(=O)CN[C@H]1CC1c1ccccc1": 0
    },
    {
        "CN1CCN(C(=O)CN[C@H]2C[C@@H]2c2ccc(-c3ccc(F)cc3)cc2)CC1": 1
    },
    {
        "O=C(N[C@@H](CCCCNC1CC1c1ccccc1)C(=O)NCc1ccccc1)c1ccccc1": 1
    },
    {
        "NC1CCC(NC2CC2c2ccc(F)c(F)c2)CC1": 1
    },
    {
        "NC1CCC(N[C@H]2C[C@@H]2c2cnc(-c3cccc(O)c3)s2)CC1": 1
    },
    {
        "N#Cc1ccccc1S(=O)(=O)Nc1cccc(-c2ccc([C@H]3C[C@@H]3NC3CCC(N)CC3)cc2)c1": 1
    },
    {
        "C/C(=N\\NC(=O)CN[C@@H]1C[C@H]1c1ccc(F)c(F)c1)c1ccc(Br)cc1": 1
    },
    {
        "C#CCSc1nc(NNC(N)=O)c(C#N)c(-c2ccc([N+](=O)[O-])cc2)n1": 0
    },
    {
        "C#CCSc1nc(Cl)c(C#N)c(-c2ccc(F)cc2)n1": 0
    },
    {
        "C#CCSc1nc(Cl)c(C#N)c(-c2ccccc2)n1": 0
    },
    {
        "C#CCSc1nc(Nc2ccc([N+](=O)[O-])cc2)c(C#N)c(-c2ccccc2)n1": 0
    },
    {
        "COc1ccc(-c2ccc([C@H]3C[C@@H]3NCC(=O)N3CCN(C)CC3)cc2)cn1": 1
    },
    {
        "Nc1ccc(S(=O)(=O)Nc2cccc(-c3ccc([C@H]4C[C@@H]4NC4CCC(N)CC4)cc3)c2)cn1": 1
    },
    {
        "NC1CCC(N[C@H]2C[C@@H]2c2ccc(OCc3cccc(N4CCNCC4)c3)cc2)CC1": 1
    },
    {
        "NC1CCC(N[C@H]2C[C@@H]2c2cncs2)CC1": 1
    },
    {
        "NC1CCC(N[C@H]2C[C@@H]2c2ccc(-c3cccc(C(F)(F)F)c3)cc2)CC1": 1
    },
    {
        "COc1cccc(-c2ccc([C@H]3C[C@@H]3NCC(=O)N3CCN(C)CC3)cc2)c1": 1
    },
    {
        "COc1cncc(CN[C@H]2CC2c2ccccc2)c1": 1
    },
    {
        "COc1ccc(CN[C@H]2CC2c2ccccc2)c2ccccc12": 1
    },
    {
        "COc1ccc(CN(CC(=O)N2CCC(F)(CN)CC2)c2ccc(C#N)cc2)cc1F": 1
    },
    {
        "CC(N[C@H]1C[C@@H]1c1ccccc1)C(=O)NC1CC1": 1
    },
    {
        "COc1ccccc1-c1csc(NS(=O)(=O)c2cccc(Cl)c2)n1": 0
    },
    {
        "O=S(=O)(Nc1nc(-c2ccc(Cl)cc2)cs1)c1cccc(Cl)c1": 0
    },
    {
        "CNC1CCC(N[C@H]2C[C@@H]2c2ccccc2)CC1": 1
    },
    {
        "COc1ccc(NS(C)(=O)=O)cc1-c1ccc([C@H]2C[C@@H]2NC2CCC(N)CC2)cc1": 1
    },
    {
        "Cc1ccc(-c2ncc(OCC3CCNCC3)cc2-c2ccc(C#N)cc2)cc1": 1
    },
    {
        "Cc1ccc(-c2ncc(OCC3CCNCC3)cc2-c2ccc(C(=O)N3CCOCC3)cc2)cc1": 0
    },
    {
        "CN1CCN(C(=O)CN[C@H]2C[C@@H]2c2ccc(-c3ccc(S(C)(=O)=O)cc3)cc2)CC1": 1
    },
    {
        "O=C(N[C@@H](CCCCNC1CC1c1ccccc1)C(=O)NCc1ccccc1)c1ccc(-c2ccccc2)cc1": 1
    },
    {
        "CC(C)C[C@H](NC(=O)[C@H](Cc1ccccc1)NC(=O)[C@H](CO)NC(=O)[C@H](CCCNC(=N)N)NC(=O)[C@@H]1CCCN1)C(=O)N[C@H](C(N)=O)C(C)C": 0
    },
    {
        "NC1CC1c1c(F)c(F)c(F)c(F)c1F": 1
    },
    {
        "C/C(=N\\NC(=O)c1cccc(S(=O)(=O)N2CCOCC2)c1)c1ccc(Cl)cc1O": 1
    },
    {
        "Cn1nccc1-c1cncc(S(=O)(=O)Nc2nc(-c3ccc(Cl)cc3)cs2)c1": 0
    },
    {
        "Cc1ccc(-c2ncc(OCc3ccccc3)cc2-c2ccc(C#N)cc2)cc1": 0
    },
    {
        "c1ccc(-c2cc(OCC3CCNCC3)cnc2-c2ccccc2)cc1": 0
    },
    {
        "N#Cc1ccc(-c2cc(OCC3CCNCC3)cnc2-c2ccc(F)cc2)cc1": 1
    },
    {
        "NC1CC1c1c(F)cc(F)cc1OCc1ccccc1": 1
    },
    {
        "CC(C)(C)NC(=O)CN(Cc1ccccc1)[C@H]1C[C@@H]1c1ccccc1": 0
    },
    {
        "O=C1C(CCCCN[C@@H]2C[C@H]2c2ccccc2)C(=O)N(c2ccc(-c3ccccc3)cc2)CCN1Cc1cccc(Cl)c1": 1
    },
    {
        "CC(=O)N1CCc2cc(S(=O)(=O)N(CC(=O)N3CCC[C@@H](N)C3)c3ccc(C#N)cc3)ccc21": 1
    },
    {
        "COc1ccc(CN(CC(=O)N2CCC(CN)CC2)c2ccc(C#N)cc2)cc1F": 1
    },
    {
        "CSCC[C@H](NC(=O)[C@H](CO)NC(=O)[C@H](CCCNC(=N)N)NC(=O)[C@@H]1CCCN1)C(=O)N[C@@H](CC(C)C)C(=O)N[C@H](C(N)=O)C(C)C": 1
    },
    {
        "C#CCSc1nc(NNC(N)=S)c(C#N)c(-c2cccc(Cl)c2)n1": 1
    },
    {
        "O=[N+]([O-])c1ccc(S(=O)(=O)Nc2nc(-c3ccc(Cl)cc3)cs2)cc1": 0
    },
    {
        "O=S(=O)(Nc1nc(-c2ccc(Cl)cc2)cs1)c1cccc(-c2ccccc2)c1": 1
    },
    {
        "CC(=O)c1csc(Nc2ccccc2Cl)n1": 0
    },
    {
        "O=S(=O)(Nc1nc(-c2ccc(Cl)cc2)cs1)c1ccc(Cl)cc1": 0
    },
    {
        "CC(=O)c1csc(NS(=O)(=O)c2ccccc2)n1": 0
    },
    {
        "NC1CC1c1ccc(NC(=O)OCc2ccccc2)cc1": 1
    },
    {
        "CN1CCN(C(=O)CN[C@H]2C[C@@H]2c2ccc(-c3ccc(Cl)cc3)cc2)CC1": 1
    },
    {
        "C#CCSc1nc(NNC(N)=S)c(C#N)c(-c2ccc(Cl)cc2)n1": 1
    },
    {
        "c1ccc([C@H]2C[C@@H]2NC2CCC(N3CCOCC3)CC2)cc1": 1
    },
    {
        "Cl.Cl.S=C(NCCCNCCCCNCCCNC(=S)NCC(c1ccccc1)c1ccccc1)NCC(c1ccccc1)c1ccccc1": 0
    },
    {
        "COc1cccc(F)c1CN[C@H]1CC1c1ccccc1": 1
    },
    {
        "COc1ccc(CN[C@H]2CC2c2ccccc2)c(C)c1": 1
    },
    {
        "O=C(CN[C@H]1C[C@@H]1c1ccccc1)NCC1CCNCC1": 1
    },
    {
        "CN1CCN(C(=O)CN[C@H]2C[C@@H]2c2ccc(-c3cccc(Cl)c3)cc2)CC1": 1
    },
    {
        "CN1CCN(C(=O)CN[C@H]2C[C@@H]2c2ccc(OCc3ccc(F)cc3)cc2)CC1": 1
    },
    {
        "O=C(CN[C@H]1C[C@@H]1c1ccccc1)Nc1ccc(F)cc1": 0
    },
    {
        "CC(N[C@H]1C[C@@H]1c1ccccc1)C(N)=O": 1
    },
    {
        "N#Cc1ccc(-c2ncc(OCC3CCNCC3)nc2-c2ccc(Br)cc2)cc1": 0
    },
    {
        "Cl.S=C(NCCCNCCCCCNCCCNC(=S)NCC(c1ccccc1)c1ccccc1)NCC(c1ccccc1)c1ccccc1": 1
    },
    {
        "O=C(N[C@@H](CCCCNC1CC1c1ccccc1)C(=O)NCc1ccc(Cl)cc1)c1ccc(-c2ccccc2)cc1": 1
    },
    {
        "Cn1ncc2cc([C@@H]3CN(C(=O)[C@H]4CC[C@H](CN)CC4)C[C@H]3c3ccc(C#N)cc3)ccc21": 1
    },
    {
        "Cc1ccc([C@@H]2CN(C(=O)[C@@H]3CCC[C@@H](N)C3)C[C@H]2c2ccc(C#N)cc2)cc1": 1
    },
    {
        "O=S(=O)(Nc1nc(-c2cccc(Cl)c2)cs1)c1cccc(Cl)c1": 0
    },
    {
        "Cc1ccc(S(=O)(=O)Nc2nc(-c3ccc(Cl)cc3)cs2)cc1": 0
    },
    {
        "COc1cc(-c2nc(SCc3ccc(F)cc3)nc(NNC(N)=S)c2C#N)cc(OC)c1OC": 0
    },
    {
        "Fc1cccc(CN[C@H]2CC2c2ccccc2)c1": 1
    },
    {
        "Brc1ccc(-c2ncc(OCC3CCNCC3)nc2-c2ccc(Br)cc2)cc1": 0
    },
    {
        "N#Cc1ccc(-c2cc(OCC3CCNCC3)cnc2-c2ccsc2)cc1": 1
    },
    {
        "C#CCSc1nc(Cl)c(C#N)c(-c2ccc(F)c(F)c2)n1": 0
    },
    {
        "C#CCSc1nc(NNC(N)=O)c(C#N)c(-c2ccc(C(C)C)cc2)n1": 1
    },
    {
        "N#Cc1ccc(N(CC(=O)N2CCC(CN)CC2)Cc2cccc(C(N)=O)c2)cc1": 1
    },
    {
        "Cc1ccc(S(=O)(=O)N(CC(=O)N2CCC(N(C)C)CC2)c2ccc(C#N)cc2)cc1": 1
    },
    {
        "C/C(=N\\NC(=O)c1cccc(S(C)(=O)=O)c1)c1cc(Cl)ccc1O": 1
    },
    {
        "Cc1ccc(-c2ccc([C@H]3C[C@@H]3NC3CCC(N)CC3)cn2)cc1O": 1
    },
    {
        "N#Cc1ccc(N(CC(=O)N2CCC(CN)CC2)Cc2ccc(Cl)cc2)cc1": 1
    },
    {
        "CC(CN(C)C)NC(=O)CN[C@H]1C[C@@H]1c1ccccc1": 1
    },
    {
        "CCN1CCN(C(=O)CN[C@H]2C[C@@H]2c2ccccc2)CC1": 1
    },
    {
        "C#CCSc1nc(NNC(N)=S)c(C#N)c(-c2ccc(C(C)C)cc2)n1": 1
    },
    {
        "C#CCSc1nc(Nc2ccc(Cl)cc2)c(C#N)c(-c2ccccc2)n1": 0
    },
    {
        "CN(C)[C@@H]1CCN(CCN[C@H]2C[C@@H]2c2ccccc2)C1.Cl.Cl": 1
    },
    {
        "FC(F)(F)Oc1ccc(CN[C@H]2CC2c2ccccc2)cc1": 1
    },
    {
        "COc1ccc(F)cc1CN[C@H]1CC1c1ccccc1": 1
    },
    {
        "c1ccc(C2C[C@@H]2NCc2cccc3c2OCCCO3)cc1": 1
    },
    {
        "COc1ccc(CN(CC(=O)N2CCC3(CC2)CNC3)c2ccc(C#N)cc2)cc1F": 1
    },
    {
        "Cc1ccc(-c2ncc(OCC3CCNCC3)cc2-c2ccc(C#N)cc2)cn1": 1
    },
    {
        "N[C@@H]1C[C@H]1c1ccc(NC(=O)c2ccnc(-c3cc(C(=O)O)ccn3)c2)cc1.O=C(O)C(F)(F)F": 1
    },
    {
        "Cl.N[C@H]1C[C@@H]1c1ccc(NC(=O)CCCCNC(=O)c2ccc(O)c3ncccc23)cc1": 1
    },
    {
        "O=C(N[C@@H](CCCCN[C@@H]1C[C@H]1c1ccc(F)cc1)C(=O)NCc1ccc(F)cc1)c1ccccc1": 1
    },
    {
        "FC(F)(F)c1ccc(CN[C@H]2CC2c2ccccc2)cn1": 1
    },
    {
        "Fc1ccc(CN[C@H]2CC2c2ccc(Oc3ccccc3)cc2)cc1": 1
    },
    {
        "c1ccc(C2C[C@@H]2NCc2ccc3c(c2)OCCCO3)cc1": 1
    },
    {
        "O=S(=O)(Nc1nc(-c2ccccc2)c(-c2ccccc2)s1)c1cccc(Cl)c1": 0
    },
    {
        "O=S(=O)(Nc1nc(-c2ccc3c(c2)OCCO3)cs1)c1cccc(Cl)c1": 0
    },
    {
        "Cc1nccc(-c2cncc(S(=O)(=O)Nc3nc(-c4ccc(Cl)cc4)cs3)c2)n1": 0
    },
    {
        "O=S(=O)(Nc1nc(-c2ccc(Cl)cc2)cs1)c1cncc(Br)c1": 0
    },
    {
        "Cc1ccccc1S(=O)(=O)Nc1nc(-c2ccc(Cl)cc2)cs1": 0
    },
    {
        "O=S(=O)(Nc1nc(-c2ccc(Cl)cc2)cs1)C(F)(F)F": 0
    },
    {
        "CC(=O)c1csc(Nc2cccc(Cl)c2)n1": 0
    },
    {
        "CNC1CCN(C(=O)CN(c2ccc(C#N)cc2)S(=O)(=O)c2ccc(C)cc2)CC1": 1
    },
    {
        "COc1cc(NS(=O)(=O)c2ccc3c(c2)CCN3C(C)=O)ccc1-n1nc(C)cc1C": 0
    },
    {
        "CC(=O)N1CCc2cc(S(=O)(=O)N(CC(=O)N3CCC(N)CC3)c3ccc(C#N)cc3)ccc21": 1
    },
    {
        "NC1CC1c1cccc(F)c1OCc1ccccc1": 1
    },
    {
        "COc1ccc(-n2cc(-c3cncc(N)c3C)c3cc(C#N)ccc32)cc1": 1
    },
    {
        "CN[C@H]1CC[C@@H](n2cc(-c3cccc(N)c3C)c3cc(C#N)c(C)cc32)CC1": 1
    },
    {
        "O=S(=O)(Nc1nc(-c2ccc(Cl)cc2)cs1)c1ccccc1C(F)(F)F": 0
    },
    {
        "Cl.S=C(NCCCNCCCCCNCCCNC(=S)NC(c1ccccc1)c1ccccc1)NC(c1ccccc1)c1ccccc1": 1
    },
    {
        "C/C(=N\\NC(=O)CN[C@@H]1C[C@H]1c1ccc(F)c(F)c1)c1cc(Br)ccc1O": 1
    },
    {
        "NC1CCC(N[C@H]2C[C@@H]2c2ccc(OCc3ccccc3)cc2)CC1": 1
    },
    {
        "CN1CCN(C(=O)CN[C@H]2C[C@@H]2c2ccc(OCc3ccc(-c4ccccc4)cc3)cc2)CC1": 1
    },
    {
        "CN(C)[C@H]1CCN(C(=O)CN[C@H]2C[C@@H]2c2ccccc2)C1": 1
    },
    {
        "CSCCc1nc(-c2cccc(NC(=N)N)c2)oc1C": 1
    },
    {
        "NC1CC1c1ccc(OCCCC(=O)NCc2ccccc2)cc1": 1
    },
    {
        "COc1ccccc1CN[C@H]1CC1c1ccccc1": 1
    },
    {
        "Cc1ccc(-c2ncc(OCC3CCNCC3)cc2-c2ccc(CN3CCOCC3)cc2)cc1": 0
    },
    {
        "C/C(=N\\NC(=O)CN[C@@H]1C[C@H]1c1ccc(F)c(F)c1)c1cccc(N)c1O": 1
    },
    {
        "OC1CCC(N[C@H]2C[C@@H]2c2ccc(-c3cccc(C(F)(F)F)c3)nc2)CC1": 1
    },
    {
        "CS(=O)(=O)NC1CCC(N[C@H]2C[C@@H]2c2ccc(-c3cccc(C(F)(F)F)c3)nc2)CC1": 1
    },
    {
        "Fc1ccccc1CN[C@H]1CC1c1ccccc1": 1
    },
    {
        "Nc1ncccc1CN[C@H]1CC1c1ccccc1": 1
    },
    {
        "CN1CCN(C(=O)CN[C@H]2C[C@@H]2c2ccc(OCc3cccc(Br)c3)cc2)CC1": 1
    },
    {
        "O=C(CN[C@H]1C[C@@H]1c1ccccc1)N1CCN(c2ccccc2)CC1": 1
    },
    {
        "CN1CCN(C(=O)CN[C@H]2C[C@@H]2c2ccc(OCc3ccccc3)cc2)CC1": 1
    },
    {
        "COc1ccc(CN[C@H]2CC2c2ccccc2)c(C)c1C": 1
    },
    {
        "COc1cc(F)c(CN[C@H]2CC2c2ccccc2)cc1OC": 1
    },
    {
        "O=S(=O)(Nc1nc(-c2ccc(Cl)cc2)cs1)c1ccc(C(F)(F)F)cc1": 0
    },
    {
        "Cl.N[C@H]1C[C@@H]1c1ccc(NC(=O)CCCCCNC(=O)c2ccc(O)c3ncccc23)cc1": 1
    },
    {
        "CC(=O)Nc1ccc(S(=O)(=O)Nc2ccc(C#N)cc2)cc1": 1
    },
    {
        "O=C(O)/C=C/C(=O)N(O)CCCCNCc1ccc(COC(=O)Nc2cccc3ccccc23)cc1": 0
    },
    {
        "Oc1cccnc1CN[C@H]1CC1c1ccccc1": 1
    },
    {
        "N#Cc1ccc(N(CC(=O)N2CCC(N)CC2)Cc2ccc(C#N)c(F)c2)cc1": 1
    },
    {
        "c1ccc(C2C[C@@H]2NCc2ccncc2)cc1": 1
    },
    {
        "c1ccc(C2C[C@@H]2NCc2cnc3ccccc3c2)cc1": 1
    },
    {
        "COc1ccc2c(OC)ccc(CN[C@H]3CC3c3ccccc3)c2c1": 1
    },
    {
        "CN1CCN(C(=O)CN[C@H]2C[C@@H]2c2ccc(-c3cccc(F)c3)cc2)CC1": 1
    },
    {
        "Cc1ccc(-c2ncc(O)cc2-c2ccc(C#N)cc2)cc1": 0
    },
    {
        "Cc1ccc(-c2ncc(OCC3CCNCC3)cc2-c2ccc(CN3CCNCC3)cc2)cc1": 1
    },
    {
        "C#Cc1ccc(-c2cc(OCC3CCNCC3)cnc2-c2ccc(C)cc2)cc1": 0
    },
    {
        "O=S(=O)(Nc1ccn(-c2ccc(Cl)cc2)n1)c1cccc(C(F)(F)F)c1": 0
    },
    {
        "CN1CCN(C(=O)CN[C@H]2C[C@@H]2c2ccc(CCc3ccccc3)cc2)CC1": 1
    },
    {
        "NC1CC1c1cccc(OCCC[C@H](NC(=O)c2ccccc2)C(=O)NCc2ccccc2)c1": 1
    },
    {
        "Cc1ccc(CN(CC(=O)N2CCC(N)CC2)c2ccc(C#N)cc2)cc1": 1
    },
    {
        "CC(C)c1cc(C(=O)N2CC[C@@H](NC(=O)C3CC3)C2)[nH]n1": 0
    },
    {
        "Cc1ccc(S(=O)(=O)N(CC(=O)NC2CCNCC2)c2ccc(C#N)cc2)cc1": 1
    },
    {
        "N[C@@H]1CCN(C2CCC(N[C@H]3C[C@@H]3c3ccc(-c4cccc(C(F)(F)F)c4)cc3)CC2)C1": 1
    },
    {
        "Cn1ncc2cc(CN(CC(=O)N3CCC(N)CC3)c3ccc(C#N)cc3)ccc21": 1
    },
    {
        "COc1ccc(CN[C@H]2CC2c2ccccc2)c(Cl)c1OC": 1
    },
    {
        "COc1ccc(C(C)N[C@H]2CC2c2ccccc2)cc1": 1
    },
    {
        "C#CCSc1nc(NNC(N)=S)c(C#N)c(-c2ccc(C)cc2)n1": 1
    },
    {
        "C#CCSc1nc(Cl)c(C#N)c(-c2ccc(Br)cc2)n1": 0
    },
    {
        "COc1cc(N(CC(=O)N2CCC(N)CC2)S(=O)(=O)c2ccc3c(c2)CCN3C(C)=O)ccc1-n1nc(C)cc1C": 0
    },
    {
        "Cn1cc2cc(N(CC(=O)N3CCC[C@@H](N)C3)S(=O)(=O)c3ccc(C#N)cc3)ccc2n1": 1
    },
    {
        "Cc1ccc(S(=O)(=O)N(CC(=O)N2CCC(C)(N)CC2)c2ccc(C#N)cc2)cc1": 1
    },
    {
        "Cc1ccc(S(=O)(=O)N(CC(=O)N2CC[C@H](N)C2)c2ccc(C#N)cc2)cc1": 1
    },
    {
        "Cc1ccc(S(=O)(=O)N(CC(=O)N[C@@H]2CN3CCC2CC3)c2ccc(C#N)cc2)cc1": 1
    },
    {
        "CN1CCN(C(=O)CN[C@H]2C[C@@H]2c2ccc(-c3ccccc3F)cc2)CC1": 1
    },
    {
        "COc1cc(-c2nc(SCc3ccc(Cl)c(Cl)c3)nc(NNC(N)=S)c2C#N)cc(OC)c1OC": 0
    },
    {
        "C#CCSc1nc(Nc2ccc(F)cc2)c(C#N)c(-c2ccccc2)n1": 0
    },
    {
        "CN1CCN(C(=O)CN[C@H]2CC2c2ccc(-c3cc(Cl)cc(Cl)c3)cc2)CC1": 1
    },
    {
        "NC(=O)CN[C@H]1C[C@@H]1c1ccccc1": 1
    },
    {
        "C/C(=N\\NC(=O)CN[C@@H]1C[C@H]1c1ccc(F)c(F)c1)c1cc(Cl)ccc1O": 1
    },
    {
        "CCNCc1ccc(-c2cc(OCC3CCNCC3)cnc2-c2ccc(C)cc2)cc1": 0
    },
    {
        "N#Cc1ccc(-c2ncc(OCC3CCNCC3)nc2-c2ccc(C#N)cc2)cc1": 1
    },
    {
        "CN1CCN(C(=O)CN[C@H]2C[C@@H]2c2ccc(-c3ccc(F)nc3)cc2)CC1": 1
    },
    {
        "Cc1ccc(-c2ncc(OCC3CCNCC3)cc2-c2ccc(C#N)cc2F)cc1": 1
    },
    {
        "COc1ccc(-n2cc(-c3cccc(N)c3C)c3cc(C#N)ccc32)cc1": 1
    },
    {
        "c1ccc(C2C[C@@H]2NCc2ccc3c(c2)OCO3)cc1": 1
    },
    {
        "COc1ccc(CN[C@H]2CC2c2ccccc2)c(F)c1": 1
    },
    {
        "COc1ccc([C@@H]2C(=O)N([C@H]3CC[C@H](N)CC3)[C@H]2c2ccc(C#N)cc2)cc1": 0
    },
    {
        "CN1CCN(C(=O)CN[C@H]2C[C@@H]2c2ccc(OCc3cccc(Cl)c3)cc2)CC1": 1
    },
    {
        "Fc1cccnc1CN[C@H]1CC1c1ccccc1": 1
    },
    {
        "N#Cc1ccc(-c2cc(OCC3CCNCC3)cnc2-c2ccc(C(F)(F)F)cc2)cc1": 1
    },
    {
        "c1ccc([C@H]2C[C@@H]2NCC2CCNCC2)cc1": 1
    },
    {
        "NC1CC1c1ccc(OCCC(NC(=O)c2ccc(O)cc2)C(=O)Nc2ccccc2)cc1": 1
    },
    {
        "O=C(CN[C@H]1CC1c1ccccc1)N1CCOCC1": 1
    },
    {
        "N#Cc1ccc(N(CC(=O)N2CCC(CN)CC2)Cc2ccc(F)cc2)cc1": 1
    },
    {
        "Cc1ccc(CN(CC(=O)N2CCC(CN)CC2)c2ccc(C#N)cc2)cc1": 1
    },
    {
        "C#CCSc1nc(NNC(N)=O)c(C#N)c(-c2ccc(Cl)cc2)n1": 1
    },
    {
        "Cc1ccc([C@@H]2CN(C(=O)C3CCNCC3)C[C@H]2c2ccc(C#N)cc2)cc1": 1
    },
    {
        "Cc1ccc(S(=O)(=O)N(CC(=O)N2CCC(N)CC2)c2ccc(C#N)cc2)cc1": 1
    },
    {
        "N#Cc1ccc(N(CC(=O)N2CCC(CN)CC2)Cc2ccc(C(N)=O)cc2)cc1": 1
    },
    {
        "COc1ccc(CN(CC(=O)N2CCC(N)CC2)c2ccc(C#N)cc2)cc1F": 1
    },
    {
        "CC1(N)CCC(N[C@H]2C[C@@H]2c2ccccc2)CC1": 1
    },
    {
        "COc1cccc(CN[C@H]2CC2c2ccccc2)c1": 1
    },
    {
        "Cc1ccc([C@H]2C(=O)N([C@H]3CC[C@H](N)CC3)[C@H]2c2ccc(C#N)cc2)cc1": 0
    },
    {
        "Cc1ccc([C@@H]2CN(C(=O)[C@H]3CC[C@H](CN)CC3)C[C@H]2c2ccc(C#N)cc2)cc1": 1
    },
    {
        "CN1CCN(C(=O)CN[C@H]2C[C@@H]2c2ccc(OCc3ccc(C(F)(F)F)cc3)cc2)CC1": 1
    },
    {
        "Cc1ccc(-c2ccc(OCC3CCNCC3)cc2-c2ccc(C#N)cc2)cc1": 1
    },
    {
        "O=C(CN[C@@H]1C[C@H]1c1ccc(F)c(F)c1)N/N=C/c1cc(Cl)ccc1O": 1
    },
    {
        "C#CCSc1nc(Cl)c(C#N)c(-c2ccc(C(C)C)cc2)n1": 0
    },
    {
        "C#CCSc1nc(NNC(N)=S)c(C#N)c(-c2ccc(F)c(F)c2)n1": 1
    },
    {
        "COc1ccc(-c2ncc(OCC3CCNCC3)cc2-c2ccc(C#N)cc2)cc1": 1
    },
    {
        "Cc1ccc(-c2ncc(OCC3CCNCC3)cc2-c2ccc(C(=O)N3CCCCC3)cc2)cc1": 0
    },
    {
        "FC(F)(F)c1ccc(CN[C@H]2CC2c2ccccc2)cc1": 1
    },
    {
        "c1ccc(C2C[C@@H]2NCc2ccc3ccccc3n2)cc1": 1
    },
    {
        "N#Cc1cccc(Nc2ccc([C@H]3C[C@@H]3NC3CCC(N)CC3)cn2)c1": 1
    },
    {
        "NC1CC(N[C@H]2C[C@@H]2c2ccccc2)C1": 1
    },
    {
        "NC1CCC(N[C@H]2C[C@@H]2c2ccc(-c3cccc(NS(=O)(=O)N4CCNCC4)c3)cc2)CC1": 1
    },
    {
        "Cc1ccc(S(=O)(=O)N(CC(=O)Nc2cccnc2)c2ccc(C#N)cc2)cc1": 0
    },
    {
        "Cc1cc2c(cc1C#N)c(-c1cccc(N)c1C)cn2[C@H]1CC[C@H](O)CC1": 1
    },
    {
        "COc1cc(CN[C@H]2CC2c2ccccc2)cc(Cl)c1OC": 1
    },
    {
        "c1ccc(C2C[C@@H]2NCc2ccc3[nH]ccc3c2)cc1": 1
    },
    {
        "NC1CCC(NC2CC2c2ccc(O)cc2)CC1": 1
    },
    {
        "O=C(O)c1ccc(CN2CCC(CN[C@@H]3C[C@H]3c3ccccc3)CC2)cc1": 1
    },
    {
        "CSCCc1nc(-c2cc(N)ccc2Cl)oc1C": 0
    },
    {
        "O=C(CN[C@H]1C[C@@H]1c1ccccc1)N[C@H]1CCNC1": 1
    },
    {
        "CC(=O)NC1CCC(N[C@H]2C[C@@H]2c2ccc(-c3cccc(C(F)(F)F)c3)nc2)CC1": 1
    },
    {
        "NC1CCC(N[C@H]2C[C@@H]2c2ccc(-c3ccn[nH]3)cc2)CC1": 1
    },
    {
        "COc1cc(C#N)cc(-c2ccc([C@H]3C[C@@H]3NC3CCC(N)CC3)cn2)c1": 1
    },
    {
        "NCC1CCC(N[C@H]2C[C@@H]2c2ccccc2)CC1": 1
    },
    {
        "COC(=O)c1ccnc(-c2cc(C(=O)O)ccn2)c1": 0
    },
    {
        "Cl.N[C@H]1C[C@@H]1c1ccc(NC(=O)CCCNC(=O)c2ccc(O)c3ncccc23)cc1": 1
    },
    {
        "COc1ccc(C2CC2NC2CCC(N)CC2)cc1": 1
    },
    {
        "CCC(=C(c1ccc(OCCN(C)C)cc1)c1ccc(C(=O)N(C)CCN(C)[C@H]2C[C@@H]2c2ccccc2)cc1)c1ccccc1": 1
    },
    {
        "CC(C)(C)OC(=O)NC1CCC(N[C@H]2C[C@@H]2c2ccccc2)CC1": 0
    },
    {
        "c1ccc(C2C[C@@H]2NCc2cccnc2)cc1": 1
    },
    {
        "Cc1ccnc(CN[C@H]2CC2c2ccccc2)c1": 1
    },
    {
        "COc1cccc(CN[C@H]2CC2c2ccccc2)n1": 1
    },
    {
        "N#Cc1cccc(CN[C@H]2CC2c2ccccc2)c1": 1
    },
    {
        "CC1(C)CCc2cc(CN[C@H]3CC3c3ccccc3)ccc2O1": 1
    },
    {
        "O=C(CN[C@@H]1C[C@H]1c1ccc(F)c(F)c1)N/N=C/c1cc(Br)ccc1O": 1
    },
    {
        "CCN(CC)c1ccc(/C=N/NC(=O)CN[C@@H]2C[C@H]2c2ccc(F)c(F)c2)c(O)c1": 1
    },
    {
        "Cc1cc(-c2cnn(C)c2)cc(C2CCN(C(=O)c3cc(C(C)C)n[nH]3)C2)n1": 0
    },
    {
        "O=C(NNC(=O)c1cc(S(=O)(=O)N2CCOCC2)ccc1F)c1ccccc1O": 1
    },
    {
        "COc1ccc([C@@H]2CN(C(=O)CC3CCCNC3)C[C@H]2c2ccc(C#N)cc2)cn1": 1
    },
    {
        "COc1ccc(CN[C@H]2CC2c2ccccc2)cc1Cl": 1
    },
    {
        "NC1CC(N[C@H]2C[C@@H]2c2ccccc2)c2ccccc21": 1
    },
    {
        "Cc1ccccc1C1CC1NC1CCC(N)CC1": 1
    },
    {
        "NC1CCC(NC2CC2c2ccc(C(F)(F)F)cc2)CC1": 1
    },
    {
        "COc1ccc(CN[C@H]2CC2c2ccccc2)cc1OC": 1
    },
    {
        "Clc1ccc(CN[C@H]2CC2c2ccccc2)cn1": 1
    },
    {
        "Brc1cccc(CN[C@H]2CC2c2ccccc2)n1": 1
    },
    {
        "FC(F)(F)c1ccc(CN[C@H]2CC2c2ccccc2)nc1": 1
    },
    {
        "c1ccc(C2C[C@@H]2NCc2ccc3c(c2)CCO3)cc1": 1
    },
    {
        "COc1ccc(CN[C@H]2CC2c2ccccc2)cn1": 1
    },
    {
        "Clc1ncccc1CN[C@H]1CC1c1ccccc1": 1
    },
    {
        "Cc1cccc(CN[C@H]2CC2c2ccccc2)n1": 1
    },
    {
        "Cc1cc2c(cc1C#N)c(-c1cccc(N)c1C)cn2[C@@H]1CC[C@@H](O)C1": 1
    },
    {
        "CCOc1cccc(/C=N/NC(=O)CN[C@@H]2C[C@H]2c2ccc(F)c(F)c2)c1O": 1
    },
    {
        "Cc1ccc(Cn2cc(CSC(=S)N3CCN(C(=O)OC(C)(C)C)CC3)nn2)cc1": 1
    },
    {
        "C/C(=N\\NC(=O)CN[C@@H]1C[C@H]1c1ccc(F)c(F)c1)c1ccccc1O": 1
    },
    {
        "C/C(=N\\NC(=O)CN[C@@H]1C[C@H]1c1ccc(F)c(F)c1)c1cc(F)ccc1O": 1
    },
    {
        "N#Cc1ccc(CN[C@H]2CC2c2ccccc2)cc1": 1
    },
    {
        "c1ccc(C2C[C@@H]2NCc2ccccn2)cc1": 1
    },
    {
        "c1ccc(C2C[C@@H]2NCc2cccs2)cc1": 1
    },
    {
        "COc1ccc2ccccc2c1CN[C@H]1CC1c1ccccc1": 1
    },
    {
        "O=C(CN[C@@H]1C[C@H]1c1ccc(F)c(F)c1)N/N=C/c1cccs1": 1
    },
    {
        "COc1ccc(/C=N/NC(=O)CN[C@@H]2C[C@H]2c2ccc(F)c(F)c2)c(O)c1": 1
    },
    {
        "CN1CCN(C(=O)CN[C@H]2C[C@@H]2c2ccc(-c3ccc(F)cc3F)cc2)CC1": 1
    },
    {
        "NC1CCC(N[C@H]2C[C@@H]2c2ccc(OCc3ccccc3F)cc2)CC1": 1
    },
    {
        "O=C(N/N=C/c1cc(Cl)ccc1O)c1cccc(S(=O)(=O)N2CCOCC2)c1": 1
    },
    {
        "Cc1cc(Cl)ccc1COc1ccnn1-c1cc(C(=O)O)ccn1": 0
    },
    {
        "CCN(CC)c1ccc(/C=N/NC(=O)CN[C@@H]2C[C@H]2c2ccc(F)c(F)c2)cc1": 1
    },
    {
        "CN1CCN(C(=O)CN[C@H]2C[C@@H]2c2ccc(OCCc3ccccc3)cc2)CC1": 1
    },
    {
        "N#Cc1ccccc1S(=O)(=O)Nc1cccc(-c2ncc([C@H]3C[C@@H]3NC3CCC(N)CC3)s2)c1": 1
    },
    {
        "C/C(=N\\NC(=O)CN[C@@H]1C[C@H]1c1ccc(F)c(F)c1)c1cc(O)ccc1O": 1
    },
    {
        "C/C(=N\\NC(=O)CN[C@@H]1C[C@H]1c1ccc(F)c(F)c1)c1ccccc1": 1
    },
    {
        "COc1ccc([C@@H]2CN(C(=O)C[C@H]3CC[C@@H](N)CC3)C[C@H]2c2ccc(C#N)cc2)cn1": 1
    },
    {
        "O=C(CN[C@@H]1C[C@H]1c1ccc(F)c(F)c1)N/N=C/c1ccco1": 1
    },
    {
        "O=C(N[C@@H](CCCCN[C@@H]1C[C@H]1c1ccccc1)C(=O)NCc1cccc(Cl)c1)c1ccc(-c2ccccc2)cc1": 1
    },
    {
        "C/C(=N\\NC(=O)CN[C@@H]1C[C@H]1c1ccc(F)c(F)c1)c1cccc(N)c1": 1
    },
    {
        "C/C(=N\\NC(=O)CN[C@@H]1C[C@H]1c1ccc(F)c(F)c1)c1ccc(F)cc1": 1
    },
    {
        "CN1CCN(C(=O)CN[C@H]2C[C@@H]2c2ccc(-c3ccc(C#N)cc3)cc2)CC1": 1
    },
    {
        "CN(CCCOC1=C(C=C(C=C1)Cl)Cl)CC#C": 0
    },
    {
        "CC1C(C1NCC2=C(N=CC=C2)OC)C3=CC=CC=C3": 0
    },
    {
        "CC1C(C1NCC2=CC=CC=C2OC)C3=CC=CC=C3": 0
    }
]