[
    {
        "O=C(O)CNC(=O)C(=O)O": 0
    },
    {
        "Cl.N[C@@H]1C[C@H]1c1ccc(NC(=O)c2ccc(O)c3ncccc23)cc1": 1
    },
    {
        "COC(=O)CCN(O)C(=O)CCCCCCCCC(C)C": 0
    },
    {
        "O=C(O)c1ccncc1NCc1ccsc1": 1
    },
    {
        "Clc1ccc(N/N=C(\\c2ccccc2)c2ccccn2)nc1": 1
    },
    {
        "O=C(O)c1ccncc1NCc1cccs1": 1
    },
    {
        "O=C(O)c1ccncc1NCC1CC1": 1
    },
    {
        "CCS(=O)(=O)N1CC[C@H](n2cc(Oc3nc(O)c4ccncc4n3)cn2)C1": 1
    },
    {
        "Oc1nc(Oc2cnn([C@@H]3CCCN(Cc4ccccc4)C3)c2)nc2cnccc12": 1
    },
    {
        "Cn1cnc(-c2nccc3c(O)nc(OCCCC(F)(F)F)nc23)c1": 1
    },
    {
        "O=C(O)c1ccnc(-c2cn(C3CCCN(C(=O)Cc4ccccc4)C3)nn2)c1": 0
    },
    {
        "O=C(O)c1ccnc(-c2cn(CCOc3ccccc3)nn2)c1": 0
    },
    {
        "Cc1cccc(-n2cc(-c3cc(C(=O)[O-])ccn3)nn2)c1.[K+]": 1
    },
    {
        "Cc1nn(C)n(C)c1=S": 0
    },
    {
        "Cn1cc(Br)nc1-c1ccccc1": 0
    },
    {
        "Cc1ccsc1C(NC(=O)c1ccccc1)c1cc(Cl)c2cccnc2c1O": 1
    },
    {
        "CN(C)CCNC(=O)c1ccc2c(C(=O)O)c3ccccn3c2c1": 1
    },
    {
        "CCCC(=O)N1CCCC(n2cc(-c3cc(C(=O)O)ccn3)nn2)C1": 0
    },
    {
        "CC(C)CCCCCCCCC(=O)N(O)CCC(=O)O": 0
    },
    {
        "COC(=O)c1n[nH]c(C(=O)OC)c1O": 0
    },
    {
        "Nc1cn(-c2ccccc2)nn1": 0
    },
    {
        "C[n+]1nn(Cc2ccccc2)cc1Cl.Cc1ccc(S(=O)(=O)[O-])cc1": 0
    },
    {
        "COc1ccc(Cn2nnc(C(=O)O)c2N)cc1": 0
    },
    {
        "CSc1c(Cl)[n+]([O-])nn1-c1ccccc1": 0
    },
    {
        "[O-][n+]1nn(-c2ccccc2)c(Br)c1Cl": 0
    },
    {
        "[O-][n+]1nn(-c2ccccc2)c(Cl)c1Cl": 0
    },
    {
        "O=C(O)CC[C@@H](O)C(=O)O": 0
    },
    {
        "CCOC(=O)c1[nH]nnc1C": 0
    },
    {
        "Cn1cc(C(=O)O)nn1": 0
    },
    {
        "Cc1c(C(=O)O)cnn1C": 0
    },
    {
        "O=[N+]([O-])c1cnn(-c2ccccc2)c1": 0
    },
    {
        "[O-][n+]1nn(-c2ccccc2)c(Cl)c1Br": 0
    },
    {
        "[O-][n+]1nn(Cc2ccccc2)c(Br)c1Br": 0
    },
    {
        "Cn1c(Cl)cnc1CO": 0
    },
    {
        "NCCCNc1cnccc1C(=O)O": 1
    },
    {
        "[O-][n+]1nn(-c2ccccc2)c(CO)c1Cl": 0
    },
    {
        "C[n+]1ccnn1-c1ccccc1.[Cl-]": 0
    },
    {
        "COc1c(-c2ccccc2)nnn1C": 0
    },
    {
        "[O-][n+]1nn(Cc2ccccc2)cc1Cl": 0
    },
    {
        "Cc1ccc(-n2nc(C(=O)c3ccccc3)c(O)c2C)cc1": 0
    },
    {
        "OB(O)c1cc[nH]n1": 0
    },
    {
        "CN1CN(Cc2ccccc2)C=C1S": 0
    },
    {
        "CNC(=O)c1nnn(C)c1O": 0
    },
    {
        "COn1nnc(C(=O)O)c1C(=O)O": 0
    },
    {
        "[O-][n+]1nn(Cc2ccccc2)cc1Br": 0
    },
    {
        "O=C1CN=C(c2ccccc2)c2cc([N+](=O)[O-])ccc2N1": 0
    },
    {
        "O=C(O)/C=C/C(=O)N(O)CCCCNCc1ccc(COC(=O)Nc2cccc3ccccc23)cc1": 1
    },
    {
        "O=C(O)c1ccc(O)c2ncccc12": 1
    },
    {
        "Cc1csc(CNc2cnccc2C(=O)O)c1": 1
    },
    {
        "NCCNc1cnccc1C(=O)O": 0
    },
    {
        "O=C(CCc1ccccc1)Nc1cnccc1C(=O)O": 1
    },
    {
        "Cc1cn2c(n1)CCN(Cc1cc(C(=O)O)ccn1)CC2": 1
    },
    {
        "CCC(=O)N1CCCC(n2cc(-c3cc(C(=O)O)ccn3)nn2)C1": 0
    },
    {
        "O=C(O)CCN(O)C(=O)CCCCCCCCC1CCCCCC1": 0
    },
    {
        "O=C(O)CCN(O)C(=O)CCCCCCCCC1CC1": 0
    },
    {
        "CN(C)CCCCCCCCC(=O)N(O)CCC(=O)O": 1
    },
    {
        "CCC(=O)N1CCC(n2cc(-c3cc(C(=O)O)ccn3)nn2)CC1": 0
    },
    {
        "O=C(O)c1ccnc(-c2c[nH]nn2)c1": 1
    },
    {
        "O=C(O)c1ccnc(-c2cn(C3CN(C(=O)CCc4ccccc4)C3)nn2)c1": 1
    },
    {
        "O=C(O)c1ccncc1NCc1ccccc1": 1
    },
    {
        "Cc1cccc(CNc2cnccc2C(=O)O)c1C": 1
    },
    {
        "O=C(O)c1ccncc1NC[C@@H]1CCCc2ccccc21": 1
    },
    {
        "O=C(O)c1ccnc(-n2nccc2-c2ccc(F)cc2F)c1": 1
    },
    {
        "O=C(O)c1cccnc1NCc1ccco1": 0
    },
    {
        "CCOC(=O)c1nnn(-c2ccccc2)c1NC(C)=O": 0
    },
    {
        "Cc1c(Cl)[n+]([O-])nn1-c1ccccc1": 0
    },
    {
        "COc1sc(-c2ccccc2)nc1Cl": 0
    },
    {
        "O=C(O)c1cc[nH]n1": 0
    },
    {
        "O=C(O)c1cn(-c2ccccc2)nn1": 0
    },
    {
        "Cn1cc(N)nn1": 0
    },
    {
        "[O-][n+]1nn(-c2ccccc2)c(Br)c1Br": 0
    },
    {
        "CN1C=C(Br)N(O)N1": 0
    },
    {
        "Cn1cc(Cl)nc1Cl": 0
    },
    {
        "Clc1csc(-c2ccccc2)n1": 0
    },
    {
        "N#Cc1cccnc1Nc1cccnc1Cl": 0
    },
    {
        "CCOC(=O)N1CCC(n2cc(-c3cc(C(=O)O)ccn3)nn2)CC1": 0
    },
    {
        "O=C(O)c1ccnc(-c2cn(C3CCCN(C(=O)CCc4ccccc4)C3)nn2)c1": 0
    },
    {
        "O=C(O)c1ccnc(-c2cn(C3CCN(C(=O)Cc4ccccc4)CC3)nn2)c1": 0
    },
    {
        "O=C(O)c1ccnc(-c2cn(C3CCN(C(=O)c4ccccc4)CC3)nn2)c1": 1
    },
    {
        "Cc1c(O)c(C(=O)c2ccccc2)nn1-c1ccccc1": 0
    },
    {
        "COC(=O)c1n[nH]n(Cc2ccccc2)c1=O": 0
    },
    {
        "OCC1C(Cl)=NNN1c1ccccc1": 0
    },
    {
        "O=C(O)c1cnnn1-c1ccccc1": 0
    },
    {
        "Oc1csc(O)n1": 0
    },
    {
        "CC(Nc1cnccc1C(=O)O)c1ccccc1": 1
    },
    {
        "O=C(O)c1ccncc1NCc1ccn[nH]1": 1
    },
    {
        "O=C(Nc1cnccc1C(=O)O)c1ccccc1": 1
    },
    {
        "O=C(Cc1ccccc1)Nc1cnccc1C(=O)O": 1
    },
    {
        "O=C(O)CCN(O)C(=O)CCCCCCCCC1CCCCC1": 0
    },
    {
        "CCCN(C)CCCCC(=O)N(O)CCC(=O)O": 0
    },
    {
        "CCCCN(CCCC)CCCCC(=O)N(O)CCC(=O)O": 0
    },
    {
        "CCC(=O)N1CC(n2cc(-c3cc(C(=O)O)ccn3)nn2)C1": 0
    },
    {
        "Cc1c(O)c(C=O)nn1-c1ccccc1": 0
    },
    {
        "[O-][n+]1nn(Cc2ccccc2)c(C(=S)Nc2ccccc2)c1Cl": 0
    },
    {
        "O=C(O)c1cnn(-c2ccccc2)n1": 0
    },
    {
        "O=C(O)c1cc([N+](=O)[O-])[nH]n1": 0
    },
    {
        "Cl.N[C@H]1C[C@@H]1c1ccc(NC(=O)CCCNC(=O)c2ccc(O)c3ncccc23)cc1": 1
    },
    {
        "CCCCNc1cnccc1C(=O)O": 1
    },
    {
        "O=C(O)c1ccncc1NCC1CCCCC1": 1
    },
    {
        "O=C(O)/C=C/C(=O)CN(O)CCCCNCc1ccc(COC(=O)Nc2cccc3ccccc23)cc1": 1
    },
    {
        "O=C(O)c1ccnc(-c2cn(C3CCN(C(=O)Cc4ccccc4)C3)nn2)c1": 0
    },
    {
        "CCCC(=O)N1CCC(n2cc(-c3cc(C(=O)O)ccn3)nn2)C1": 0
    },
    {
        "C[C@H](c1ccccc1)N1CC[C@@H](CNCc2cc(C(=O)O)ccn2)C1=O": 1
    },
    {
        "c1cn[nH]c1": 0
    },
    {
        "Brc1cn(Cc2ccccc2)nn1": 0
    },
    {
        "O=C(O)c1ccncc1NCc1ccco1": 1
    },
    {
        "C[C@H](c1ccccc1)N1CCC[C@@H](CNCc2cc(C(=O)O)ccn2)C1=O": 1
    },
    {
        "N[C@@H]1C[C@H]1c1ccc(NC(=O)c2ccnc(-c3cc(C(=O)O)ccn3)c2)cc1.O=C(O)C(F)(F)F": 1
    },
    {
        "Cc1ccc(COc2ccnn2-c2cc(C(=O)O)ccn2)cc1": 1
    },
    {
        "CCc1cnn(-c2cc(C(=O)O)ccn2)c1OCc1ccc(F)cc1": 1
    },
    {
        "O=C(O)c1ccnc(-c2cn([C@H]3CCCN(C(=O)c4ccccc4)C3)nn2)c1": 0
    },
    {
        "O=C(O)CCN(O)C(=O)CCCCCCCCC1CCCC1": 0
    },
    {
        "CCCCCCCCCC(=O)N(O)CCC(=O)O": 0
    },
    {
        "CN(C)NC(=O)CCC(=O)O": 0
    },
    {
        "O=C(O)c1ccnc(-n2nccc2OCc2ccc(F)cc2)c1": 1
    },
    {
        "Cc1ccc(CNc2cnccc2C(=O)O)s1": 1
    },
    {
        "CC(C)CNc1cnccc1C(=O)O": 1
    },
    {
        "CCCCN(C)CCC(=O)N(O)CCC(=O)O": 0
    },
    {
        "CN(C)CCCCC(=O)N(O)CCC(=O)O": 0
    },
    {
        "CCCC(=O)N1CC(n2cc(-c3cc(C(=O)O)ccn3)nn2)C1": 1
    },
    {
        "O=C(O)c1ccnc(-n2nccc2-c2ccc(F)cc2)c1": 1
    },
    {
        "Cc1ccc(-c2ccnn2-c2cc(C(=O)O)ccn2)cc1": 1
    },
    {
        "O.O=C(O)c1cc(C(=O)O)[nH]n1": 0
    },
    {
        "CCCC(=O)N1CCC(n2cc(-c3cc(C(=O)O)ccn3)nn2)CC1": 0
    },
    {
        "O=C([O-])c1ccnc(-c2cn(Cc3ccccc3)nn2)c1.[K+]": 0
    },
    {
        "O=C(O)c1ccncc1NC(c1ccccc1)c1ccccc1": 1
    },
    {
        "CCCCN(C)CCCC(=O)N(O)CCC(=O)O": 0
    },
    {
        "CCCCN(C)CCCCCC(=O)N(O)CCC(=O)O": 0
    },
    {
        "CCCCCCN(C)CCCCC(=O)N(O)CCC(=O)O": 0
    },
    {
        "Cc1ccc(Cn2cc(C(=O)O)nn2)cc1": 0
    },
    {
        "Cc1ccsc1CNc1ncccc1C(=O)O": 0
    },
    {
        "O=C(O)c1ccnc(-c2cn(C3CN(C(=O)c4ccccc4)C3)nn2)c1": 0
    },
    {
        "O=C(O)c1ccnc(-c2cn(C3CN(C(=O)Cc4ccccc4)C3)nn2)c1": 0
    },
    {
        "Cn1cc(-c2cc(C(=O)[O-])ccn2)nn1.[K+]": 1
    },
    {
        "CCN(C)CCCCC(=O)N(O)CCC(=O)O": 0
    },
    {
        "Cc1ccc(C)c(CNc2cnccc2C(=O)O)c1": 1
    },
    {
        "CC(C)(Nc1cnccc1C(=O)O)c1ccccc1": 1
    },
    {
        "Cc1ccsc1CNc1cnccc1C(=O)O": 1
    },
    {
        "O=C(O)c1ccncc1NCc1cscn1": 1
    },
    {
        "Nc1cnccc1C(=O)O": 1
    },
    {
        "COC(=O)c1ccnc(-c2cc(C(=O)O)ccn2)c1": 1
    },
    {
        "CONC(=O)c1ccc2c(C(=O)OCCN(C)C)c3ccccn3c2c1": 1
    },
    {
        "COc1cc(-c2ccnn2-c2cc(C(=O)O)ccn2)ccc1Cl": 1
    },
    {
        "Cl.N[C@H]1C[C@@H]1c1ccc(NC(=O)CCCCNC(=O)c2ccc(O)c3ncccc23)cc1": 1
    },
    {
        "COc1ccc(COc2ccnn2-c2cc(C(=O)O)ccn2)cc1": 1
    },
    {
        "O=C(O)c1ccnc(-n2nccc2OCc2ccc(Cl)cc2)c1": 1
    },
    {
        "CCCCCCCCN(CCCC)CCCCC(=O)N(O)CCC(=O)O": 0
    },
    {
        "CCN1CCC(CNCc2cc(C(=O)O)ccn2)C1=O": 1
    },
    {
        "O=C(O)c1ccnc(-n2nccc2-c2cccc(F)c2)c1": 1
    },
    {
        "O=C(O)c1ccnc(-n2nccc2-c2ccc(O)cc2)c1": 1
    },
    {
        "N#Cc1ccc(COc2ccnn2-c2cc(C(=O)O)ccn2)cc1": 1
    },
    {
        "Cc1cc(Cl)ccc1COc1ccnn1-c1cc(C(=O)O)ccn1": 1
    },
    {
        "O=C(O)c1ccncc1NC[C@@H]1CCCc2cc(Oc3ccccc3)ccc21": 1
    },
    {
        "O=C(O)c1ccncc1NC[C@@H]1CCCc2cc(Sc3ccccc3)ccc21": 1
    },
    {
        "CC(=O)N1CC(n2cc(-c3cc(C(=O)O)ccn3)nn2)C1": 1
    },
    {
        "CCn1cc(-c2cc(C(=O)[O-])ccn2)nn1.[K+]": 1
    },
    {
        "CCCNc1cnccc1C(=O)O": 1
    },
    {
        "CCCCN(C)CCCCC(=O)N(O)CCC(=O)O": 0
    },
    {
        "O=C(O)c1ccncc1NCCCCc1ccccc1": 1
    },
    {
        "O=C(O)c1ccncc1NCCc1ccccc1": 0
    },
    {
        "O=C(O)c1ccncc1NCCCc1ccccc1": 1
    },
    {
        "COC(=O)c1ccnc(-c2cc(C(=O)Nc3ccc([C@@H]4C[C@H]4N)cc3)ccn2)c1.Cl": 1
    },
    {
        "Cl.N[C@H]1C[C@@H]1c1ccc(NC(=O)CCCCCNC(=O)c2ccc(O)c3ncccc23)cc1": 1
    },
    {
        "Oc1nc(Oc2cnn(CCN3CCOCC3)c2)nc2cnccc12": 1
    },
    {
        "CCCCCN(C)CCCCC(=O)N(O)CCC(=O)O": 0
    },
    {
        "CCCCN(CC)CCCCC(=O)N(O)CCC(=O)O": 0
    },
    {
        "CCCCCCN(CCCC)CCCCC(=O)N(O)CCC(=O)O": 0
    },
    {
        "CC(=O)N1CCCC(n2cc(-c3cc(C(=O)O)ccn3)nn2)C1": 0
    },
    {
        "O=C(O)c1ccnc(-c2cn(CCc3ccccc3)nn2)c1": 0
    },
    {
        "O=C(O)c1ccnc(-c2ccccn2)c1": 1
    },
    {
        "CCCCN(C)CCCCCCC(=O)N(O)CCC(=O)O": 1
    },
    {
        "O=C(O)c1ccnc(-c2cn(C3CCN(C(=O)CCc4ccccc4)CC3)nn2)c1": 0
    },
    {
        "CS(=O)(=O)c1ccc(-c2ccnn2-c2cc(C(=O)O)ccn2)cc1": 1
    },
    {
        "COc1cc(Cl)ccc1COc1ccnn1-c1cc(C(=O)O)ccn1": 1
    },
    {
        "CC(Oc1ccnn1-c1cc(C(=O)O)ccn1)c1ccc(F)cc1": 1
    },
    {
        "O=C(CCCc1ccccc1)Nc1cnccc1C(=O)O": 1
    },
    {
        "CN(c1ccccc1)c1ccc2c(c1)CCC[C@H]2CNc1cnccc1C(=O)O": 1
    },
    {
        "O=C(O)c1ccnc(-n2nccc2-c2cccc(O)c2)c1": 1
    },
    {
        "O=C(O)c1ccncc1NCc1cc2ccccc2s1": 1
    },
    {
        "O=C(O)c1ccncc1NCC1CCCC1": 1
    },
    {
        "O=C(O)c1ccncc1NCc1cccc(-c2ccccc2)c1": 1
    },
    {
        "O=C(O)c1ccnc(-c2cn(C3CCN(C(=O)CCc4ccccc4)C3)nn2)c1": 0
    },
    {
        "O=C(O)c1ccnc(-n2nccc2OCc2ccccc2)c1": 1
    },
    {
        "CCOc1cc(Cl)ccc1COc1ccnn1-c1cc(C(=O)O)ccn1": 1
    },
    {
        "COc1cc(-c2ccnn2-c2cc(C(=O)O)ccn2)ccc1C": 1
    },
    {
        "COc1ccc2c(c1)CCC[C@H]2CNc1cnccc1C(=O)O": 1
    },
    {
        "Cl.N[C@@H]1C[C@H]1c1ccccc1": 0
    },
    {
        "O=C(O)CCN(O)C(=O)CCCCCCCCc1ccccc1": 0
    },
    {
        "CN(C)CCc1cnn(-c2cc(C(=O)O)ccn2)c1OCc1ccc(F)cc1": 1
    },
    {
        "CCCCCCCCOC(=O)c1ccc(O)c2ncccc12": 1
    },
    {
        "COc1ccc([C@@H](C)N2CCC[C@@H](CNCc3cc(C(=O)O)ccn3)C2=O)cc1": 1
    },
    {
        "Cc1cnn(-c2cc(C(=O)O)ccn2)c1OCc1ccc(F)cc1": 1
    },
    {
        "Cc1ccc(-c2ccnn2-c2cc(C(=O)O)ccn2)cc1O": 1
    },
    {
        "CCc1ccc(COc2ccnn2-c2cc(C(=O)O)ccn2)cc1": 1
    },
    {
        "O=C(O)c1ccnc(-n2nccc2-c2ccc(F)c(F)c2)c1": 1
    },
    {
        "O=C(O)c1ccnc(-n2nccc2-c2ccccc2)c1": 1
    },
    {
        "O=C(O)c1ccnc(-n2nccc2OCc2ccc(Cl)cc2OCC2CC2)c1": 1
    },
    {
        "O=C(O)c1ccnc(-n2nccc2OCc2ccc(Cl)cc2OCc2ccccc2)c1": 1
    },
    {
        "CC(=O)NC1=CC(=C(C=C1)O)C2=CC=CC=N2": 0
    }
]