O=C(O)c1ccnc(-c2cn([C@@H]3CCCN(C(=O)c4ccccc4)C3)nn2)c1,0
CN(C)NC(=O)CCC(=O)O,0
CCOC(=O)N1CCC(n2cc(-c3cc(C(=O)O)ccn3)nn2)CC1,0
O=C(O)c1ccc(O)c2nc(C(=O)N3CCOCC3)ccc12,1
CN(C)C(=O)c1ccc2c(C(=O)O)ccc(O)c2n1,1
CCCCc1oc2ccccc2c1C(=O)c1cc(I)c(OCCN)c(I)c1,0
O=C(Nc1cccc2ccccc12)c1ccc2c(C(=O)O)ccc(O)c2n1,0
O=C(O)c1ccnc(-c2cn(C3CCN(C(=O)CCc4ccccc4)CC3)nn2)c1,0
O=C(O)c1ccnc(-c2cn(C3CCN(C(=O)Cc4ccccc4)CC3)nn2)c1,0
Cc1ccc(NC(=O)c2ccc3c(C(=O)O)ccc(O)c3n2)cc1,0
Cc1ccsc1CNc1cnccc1C(=O)O,1
O=C(O)/C=C/C(=O)N(O)CCCCNCc1ccc(COC(=O)Nc2cccc3ccccc23)cc1,1
O=C(O)c1ccnc(C(=O)O)c1,1
O=C(O)CNC(=O)C(=O)O,0
S=C(SSC(=S)N1CCCC1)N1CCCC1,1
O=C(O)C(=O)N[C@H](Cc1ccc(OS(=O)(=O)c2ccccc2)cc1)C(=O)O,0
O=C(O)C(=O)N[C@H](Cc1ccc(OCc2ccccc2[N+](=O)[O-])cc1)C(=O)O,0
CC(C)(C)c1ccc(S(=O)(=O)Oc2ccc(C[C@@H](NC(=O)C(=O)O)C(=O)O)cc2)cc1,0
O=C(O)C(=O)N[C@H](Cc1ccc(OCc2ccccc2)cc1)C(=O)O,0
O=C(O)C(=O)N[C@H](Cc1ccc(OS(=O)(=O)c2ccc(F)cc2)cc1)C(=O)O,0
O=C(O)C(=O)N[C@H](Cc1ccc(OS(=O)(=O)c2ccc(Br)cc2)cc1)C(=O)O,0
O=C(O)C(=O)N[C@H](Cc1ccc(OCC(=O)c2ccc(N3CCCC3)cc2)cc1)C(=O)O,0
Cc1ccsc1CNc1ncccc1C(=O)O,0
O=C(O)c1ccncc1NCc1ccco1,1
CCCCc1oc2ccccc2c1C(=O)c1cc(I)c(OCCC[N+](C)(C)C)c(I)c1,0
Cc1ccccc1NC(=O)c1ccc2c(C(=O)O)ccc(O)c2n1,0
CN(C)CCCCCCCCC(=O)N(O)CCC(=O)O,1
O=C(NC1CCCCC1)c1ccc2c(C(=O)O)ccc(O)c2n1,0
CCCC(=O)N1CC(n2cc(-c3cc(C(=O)O)ccn3)nn2)C1,1
O=C(O)CCN(O)C(=O)CCCCCCCCC1CC1,0
NCc1ccc(CN(CCCCN(O)C(=O)/C=C/C(=O)[O-])C(=S)Nc2ccc(-c3c4ccc(=O)cc-4oc4cc(O)ccc34)c(C(=O)[O-])c2)cc1.[Na+].[Na+],0
O=C(O)CCN(O)C(=O)CCCCCCCCC1CCCC1,0
COc1cccc(NC(=O)c2ccc3c(C(=O)O)ccc(O)c3n2)c1,0
O=C(Nc1nc2ccccc2[nH]1)c1ccc2c(C(=O)O)ccc(O)c2n1,0
O=c1[nH]c(Oc2ccc(Cl)c(O)c2)nc2cnccc12,1
Nc1cnccc1C(=O)O,1
CC(C)c1ccc(Oc2nc3cnccc3c(=O)[nH]2)cn1,1
O=c1[nH]c(Oc2cnn(Cc3ccccc3)c2)nc2cnccc12,1
O=C(O)c1ccc(O)c2ncccc12,1
O=C(O)C(=O)N[C@H](Cc1ccc(OCc2ccccc2F)cc1)C(=O)O,1
O=C(O)c1ccnc(-c2cn(C3CCN(C(=O)c4ccccc4)CC3)nn2)c1,0
O=C(O)c1ccnc(-c2ccccn2)c1,1
O=C(O)c1ccnc2c(O)cccc12,1
O=C(O)c1ccnc(-c2c[nH]nn2)c1,1
CC(=O)N1CC(n2cc(-c3cc(C(=O)O)ccn3)nn2)C1,1
CC(C)CCCCCCCCC(=O)N(O)CCC(=O)O,0
CN1CCN(C(=O)c2ccc3c(C(=O)O)ccc(O)c3n2)CC1,1
Cc1ccc(NC(=O)c2ccc3c(C(=O)O)ccc(O)c3n2)nc1,1
O=C(Nc1ccc(OC(F)(F)F)cc1)c1ccc2c(C(=O)O)ccc(O)c2n1,0
O=C(O)c1ccnc(-c2cn(CCc3ccccc3)nn2)c1,0
CCC(=O)N1CC(n2cc(-c3cc(C(=O)O)ccn3)nn2)C1,1
CC(=O)N1CCCC(n2cc(-c3cc(C(=O)O)ccn3)nn2)C1,0
O=C(O)c1ccnc(-c2cn(C3CN(C(=O)c4ccccc4)C3)nn2)c1,0
O=C(O)CC[C@@H](O)C(=O)O,0
O=C(Nc1ccccc1)c1ccc2c(C(=O)O)ccc(O)c2n1,0
O=C(Nc1ccc(F)cc1)c1ccc2c(C(=O)O)ccc(O)c2n1,0
CN1CCC(C(=O)c2ccc3c(C(=O)O)ccc(O)c3n2)CC1,0
COc1ccc(NC(=O)c2ccc3c(C(=O)O)ccc(O)c3n2)cc1,0
O=C(NCCc1c[nH]c2ccccc12)c1ccc2c(C(=O)O)ccc(O)c2n1,0
O=C(NCc1ccccc1)c1ccc2c(C(=O)O)ccc(O)c2n1,0
O=C(Nc1ccccc1F)c1ccc2c(C(=O)O)ccc(O)c2n1,0
O=C([O-])c1ccnc(-c2cn(Cc3ccccc3)nn2)c1.[K+],0
O=C(O)c1ccnc(-c2cn(C3CN(C(=O)CCc4ccccc4)C3)nn2)c1,1
CCC[C@]1(c2ccccc2)NC(=O)N(CC(=O)N(C)Cc2c(F)cccc2Cl)C1=O,0
CCNC(=S)SSC(=S)NCC,0
Cc1cccc(NC(=O)c2ccc3c(C(=O)O)ccc(O)c3n2)c1,0
O=C(O)c1cccnc1NCc1ccco1,0
C=CC(=O)N1CCCN(c2cc(NCCC(=O)O)nc(-c3ccccn3)n2)CC1,0
O=C(O)CCNc1cc(N2CCc3ccccc3CC2)nc(-c2ccccn2)n1,0
COC(=O)CCN(O)C(=O)CCCCCCCCC(C)C,0
O=C(Nc1ccccn1)c1ccc2c(C(=O)O)ccc(O)c2n1,1
O=c1[nH]c(Oc2cnn(CC3CCCCC3)c2)nc2cnccc12,1
O=C(O)CCN(O)C(=O)CCCCCCCCc1ccccc1,0
CCCCCCCCCC(=O)N(O)CCC(=O)O,0
O=C(NCCCN1CCOCC1)c1ccc2c(C(=O)O)ccc(O)c2n1,0
NCc1ccc(CNCCCCN(O)C(=O)/C=C/C(=O)O)cc1,1
O=c1[nH]c(Oc2cnn(Cc3ccccc3)c2)nc2ncccc12,0
O=c1[nH]c(Oc2cnn(C3CCCC3)c2)nc2cnccc12,1
Cn1cc(-c2cc(C(=O)[O-])ccn2)nn1.[K+],0
CN(c1ccccc1)c1ccc2c(c1)CCC[C@H]2CNc1cnccc1C(=O)O,1
O=C(O)c1ccncc1NCc1ccccc1,1
O=C(O)c1ccnc(-c2cn(CCOc3ccccc3)nn2)c1,0
O=C(O)CCN(O)C(=O)CCCCCCCCC1CCCCCC1,0
O=C(O)CCN(O)C(=O)CCCCCCCCC1CCCCC1,0
CN(C)c1ccc(NC(=O)c2ccc3c(C(=O)O)ccc(O)c3n2)cc1,0
CCN(CC)C(=O)c1ccc2c(C(=O)O)ccc(O)c2n1,1
Cc1cc(Cl)ccc1COc1ccnn1-c1cc(C(=O)O)ccn1,1
C=CS(=O)(=O)N1CCCN(c2cc(NCCC(=O)O)nc(-c3ccccn3)n2)CC1,0
