CCCCN(C)CCCC(=O)N(O)CCC(=O)O,1
CC(C)CCCCCCCCC(=O)N(O)CCC(=O)O,0
CCCCN(C)CCC(=O)N(O)CCC(=O)O,0
c1cc(N2CCC(N3CCCC3)CC2)ccc1CCN1CC2(COC2)C1,0
O=C(COc1cc(O)c2c(=O)cc(-c3ccccc3)oc2c1)OCc1ccccc1,1
COc1cccc2oc3cc(O)ccc3c(=O)c12,0
O=C(NNc1c2ccccc2nc2ccccc12)c1ccccn1,1
Cn1cnc(-c2nccc3c(O)nc(OCCCC(F)(F)F)nc23)c1,1
CN(C)CCCCC(=O)N(O)CCC(=O)O,0
c1cc(N2CCC(N3CCCC3)CC2)ccc1CCN1CCC2(C1)OCCO2,0
N#CC1CCN(CCc2ccc(N3CCC(N4CCCC4)CC3)cc2)C1,0
O=C(CCc1ccc(N2CCC(N3CCCC3)CC2)cc1)N1CCCC1,0
O=C(c1cncc(Br)c1)N1CCC(N2CCCC2)CC1,0
CCS(=O)(=O)N1CC[C@H](n2cc(Oc3nc(O)c4ccncc4n3)cn2)C1,1
Oc1ccccc1/C=N/Nc1ncc(F)c(N2CCOCC2)n1,1
O=C(c1ccc(C(=O)N2CC3CNCC3C2)cc1)N1CCC(N2CCCC2)CC1,0
O=C(c1ccc(C(=O)N2CC(N3CCCC3)C2)cc1)N1CCC(N2CCCC2)CC1,0
O=C(c1ccc(C(=O)N2CCC(N3CCCC3)CC2)o1)N1CCC(N2CCCC2)CC1,0
O=C(c1ccc(CN2CCC(N3CCCC3)CC2)cc1)N1CCC(N2CCCC2)CC1,0
O=C(c1ccc(C(=O)N2CCC(N3CCCC3)CC2)cc1)N1CCC(N2CCCCCC2)CC1,0
O=C(c1ccc(C(=O)N2CCC(N3CCCC3)CC2)cc1)N1CCC(C2CCNCC2)CC1,0
CCCCN(C)CCCCCCC(=O)N(O)CCC(=O)O,1
CN(C)C1CCN(C(=O)c2ccc(C(=O)N3CCC(N(C)C)CC3)cc2)CC1,0
O=C(c1ccc(C(=O)N2CCC(C3CCCN3)CC2)cc1)N1CCC(C2CCCN2)CC1,0
O=C(c1ccccc1C(=O)N1CCC(N2CCCC2)CC1)N1CCC(N2CCCC2)CC1,0
O=C(c1ccc(C(=O)N2CCC(N3CCCC3)CC2)c(-c2ccccc2)c1)N1CCC(N2CCCC2)CC1,0
O=C(c1ccc(C(=O)N2CCC(N3CCCC3)C2)cc1)N1CCC(N2CCCC2)CC1,0
O=C(c1ccc(C(=O)N2CCC(N3CCOCC3)CC2)cc1)N1CCC(N2CCCC2)CC1,0
FC1(F)CN(CCc2ccc(N3CCC(N4CCCC4)CC3)cc2)C1,0
c1cc(CN2CCCC2)ccc1CCN1CCCC1,0
c1cc(N2CCC(N3CCCC3)CC2)ccc1CCCN1CCCC1,0
CCCCc1oc2ccccc2c1C(=O)c1cc(I)c(OCCCC[N+](C)(C)C)c(I)c1,0
Clc1cc(N2CCC(N3CCCC3)CC2)ccc1CCN1CCCC1,0
O=C(O)CCN(O)C(=O)CCCCCCCCC1CCCCC1,0
CN(C)C/C=C/C(=O)Nc1cccc(C(OCCN2CCCCC2)c2cc3nccc(C(=O)O)c3s2)c1,1
CN1CCCC1CCOC(c1cc2nccc(C(=O)O)c2[nH]1)c1ccccc1Cl,1
CCCCc1oc2ccccc2c1C(=O)c1ccc(OCCCN(C)C)cc1,0
CCCCc1oc2ccccc2c1C(=O)c1cc(I)c(OCCC[N+](C)(C)C)c(I)c1.[I-],0
c1cc(N2CCC(N3CCCC3)CC2)ccc1CCN1CCCCC1,0
c1cc(N2CCC(N3CCCC3)CC2)ccc1CCN1CCC1,0
c1cc(CCN2CCCC2)cc(N2CCC(N3CCCC3)CC2)c1,0
O=C(c1ccc(C(=O)N2CCC(N3CCCCC3)CC2)cc1)N1CCC(N2CCCCC2)CC1,0
O=C(O)CCN(O)C(=O)CCCCCCCCC1CCCCCC1,0
O=C(O)CCN(O)C(=O)CCCCCCCCC1CCCC1,0
O=C(O)c1ccnc(C(=O)O)c1,0
O=C(c1ccc(C(=O)N2CCC(N3CCCC3)CC2)c([N+](=O)[O-])c1)N1CCC(N2CCCC2)CC1,0
O=C(c1ccc(C(=O)N2CCC3(CCNC3)C2)cc1)N1CCC(N2CCCC2)CC1,0
CCN1Cc2ccc(NC(=O)c3ccc(C(=O)N4CCC(N5CCCC5)CC4)cc3)cc2C1,0
O=C(c1ccc(C(=O)N2CCC(N3CCCC3)CC2)nc1)N1CCC(N2CCCC2)CC1,0
O=C(c1ccc(C(=O)N2CCC(N3CCCC3)CC2)c(C(=O)N2CCC(N3CCCC3)CC2)c1)N1CCC(N2CCCC2)CC1,0
O=C(c1ccc(C(=O)N2CCC(N3CCCC3)CC2)cc1)N1CCCC(N2CCCC2)CC1,0
CCCCc1oc2ccccc2c1C(=O)c1cc(I)c(OCCN(CC)CC)c(I)c1,0
CNc1ccccc(C(=O)/C=C/c2cccc(Oc3ccccc3)c2)c1=O,0
Cc1ccc(C(=O)c2coc3c2C(=O)C(=O)C(Br)=C3)cc1,1
CC(C1CCN(C(=O)c2ccc(C(=O)N3CCC(N4CCCC4)CC3)cc2)CC1)N1CCN(C)CC1,0
CCN(C)CCCCC(=O)N(O)CCC(=O)O,1
CCCCCCCCN(CCCC)CCCCC(=O)N(O)CCC(=O)O,1
Clc1ccc(N/N=C(\c2ccccc2)c2ccccn2)nc1,1
c1cc(N2CCC(N3CCCC3)CC2)ccc1N1CCC(N2CCCC2)CC1,0
O=C(O)c1ccnc(-n2nccc2OCc2ccc(Cl)cc2)c1,1
Cc1ccc(COc2ccnn2-c2cc(C(=O)O)ccn2)cc1,1
CC(Oc1ccnn1-c1cc(C(=O)O)ccn1)c1ccc(F)cc1,1
CCCCN(CCCC)CCCCC(=O)N(O)CCC(=O)O,0
CCCCCN(C)CCCCC(=O)N(O)CCC(=O)OC,0
OCC1(CO)CN(CCc2ccc(N3CCC(N4CCCC4)CC3)cc2)C1,0
CCN1Cc2ccc(NC(=O)c3ccc(C(=O)N4CCC(C5CCCN5)CC4)c(Nc4ccccc4)c3)cc2C1,0
CN1CCCC1C1CCN(C(=O)c2ccc(C(=O)N3CCC(C4CCCN4C)CC3)cc2)CC1,0
COc1cc(Cl)ccc1COc1ccnn1-c1cc(C(=O)O)ccn1,1
O=C(c1c(F)c(F)c(C(=O)N2CCC(N3CCCC3)CC2)c(F)c1F)N1CCC(N2CCCC2)CC1,0
O=C(c1ccc(C(=O)N2CCC(N3CCCC3)CC2)c(Cc2ccccc2)c1)N1CCC(N2CCCC2)CC1,0
O=C(c1ccc(C(=O)N2CCC(N3CCC3)CC2)cc1)N1CCC(N2CCC2)CC1,0
O=C(c1ccc(C(=O)N2CC3CCC(C2)C3N2CCCC2)cc1)N1CC2CCC(C1)C2N1CCCC1,0
O=C(c1ccc(C(=O)N2CCC(N3CCCC3)CC2)c(Br)c1)N1CCC(N2CCCC2)CC1,0
O=C(c1ccc(C(=O)N2CCC(N3CCCC3)CC2)cc1)N1CCC(N2CCCCC2)CC1,0
c1cc(N2CCC(N3CCCC3)CC2)ccc1CCN1CCOCC1,0
c1cc(CN2CCCC2)cc(N2CCC(N3CCCC3)CC2)c1,0
c1cc(N2CCC(N3CCCCC3)CC2)ccc1CCN1CCCC1,0
c1cc(N2CCC(N3CCCC3)CC2)ccc1CCN1CCCCCC1,0
c1cc(N2CCC(N3CCCC3)CC2)ccc1CCN1CCCC1,0
O=C(NCCCc1ccccc1)c1cccc(-c2cc(O)c3ncccc3c2)c1,0
Cc1cnn(-c2cc(C(=O)O)ccn2)c1OCc1ccc(F)cc1,1
CCN(C1=C(Cl)C(=O)N(c2cccc(C)c2C)C1=O)c1ccccc1,0
O=C(c1ccc(C(=O)N2CCC(N3CCCC3)CC2)cc1)N1CCC(C2CCCCC2)CC1,0
Oc1nc(Oc2cnn([C@@H]3CCCN(Cc4ccccc4)C3)c2)nc2cnccc12,1
NNC(=O)c1ccc(O)cc1,0
COc1ccc(Sc2cccc(CN(C)c3cc(C(=O)O)nc4cc(Cl)cc(Cl)c34)c2)cc1,1
CN(C)C1CCN(C(=O)c2ccc(C(=O)N3CCC(N4CCCC4)CC3)cc2)CC1,0
CCN1Cc2ccc(NC(=O)c3ccc(C(=O)N4CCC(C5CCCN5)CC4)cc3Nc3ccccc3)cc2C1,0
O=C(c1ccc(C(=O)N2CCN(C3CCCC3)CC2)cc1)N1CCC(N2CCCC2)CC1,0
O=C(c1ccc(C(=O)N2CCC(N3CCCC3)CC2)c(Nc2ccccc2)c1)N1CCC(N2CCCC2)CC1,0
O=C(O)c1ccnc(-n2nccc2OCc2ccc(C(F)(F)F)cc2)c1,1
O=C1CCN(CCc2ccc(N3CCC(N4CCCC4)CC3)cc2)C1,0
O=C(c1cccc(N2CCC(N3CCCC3)CC2)c1)N1CCCC1,0
c1ccc(N2CCC(N3CCCC3)CC2)cc1,0
O=C(O)CCN(O)C(=O)CCCCCCCCc1ccccc1,0
CCCCCCCCCC(=O)N(O)CCC(=O)O,0
O=C(O)c1ccnc(-n2nccc2OCc2ccc(Br)cc2)c1,1
O=c1c2ccccc2oc2c(O)ccc(O)c12,0
CCCCc1oc2ccccc2c1C(=O)c1ccc(OCCC[N+](C)(C)C)cc1.[I-],0
O=C(O)c1ccnc(-n2nccc2OCc2ccc(Cl)cc2OCc2ccccc2)c1,1
O=C(c1ccc(C(=O)N2CCC3(CCNC3)CC2)cc1)N1CCC(N2CCCC2)CC1,0
O=C(NCCCN1CCCC1)c1ccc(C(=O)N2CCC(N3CCCC3)CC2)cc1,0
C[N+]1(C2CCN(C(=O)c3ccc(C(=O)N4CCC(N5CCCC5)CC4)cc3)CC2)CCCC1,0
O=C(c1ccc(C(=O)N2CCC(N3CCCC3)CC2)c(Oc2ccccc2)c1)N1CCC(N2CCCC2)CC1,0
O=C(c1ccc(C(=O)N2CCC(N3CCCC3)CC2)c(NCc2ccccc2)c1)N1CCC(N2CCCC2)CC1,0
O=C(c1ccc(C(=O)N2CCC(N3CCCC3)CC2)cc1)N1CCC(N2CCCC2)CC1,0
CN1CCC(N2CCN(C(=O)c3ccc(C(=O)N4CCC(N5CCCC5)CC4)cc3)CC2)CC1,0
O=C(c1ccc(S(=O)(=O)N2CCC(N3CCCC3)CC2)cc1)N1CCC(N2CCCC2)CC1,0
CCCCCN(C)CCCCC(=O)N(O)CCC(=O)O,1
O=C(c1ccc(C(=O)N2CC3(CCNC3)C2)cc1)N1CCC(N2CCCC2)CC1,0
CCN1Cc2ccc(NC(=O)c3ccc(C(=O)N4CCC(C5CCCN5)CC4)cc3)cc2C1,0
Nc1cc(C(=O)N2CCC(N3CCCC3)CC2)ccc1C(=O)N1CCC(N2CCCC2)CC1,0
O=C(c1ccc(C(=O)N2CCC(N3CCCC3)CC2)cc1)N1CCC(C2CCCN2)CC1,0
O=C(c1ccc(N2CCC(N3CCCC3)CC2)cc1)N1CCC(N2CCCC2)CC1,0
O=C(c1cccc(C(=O)N2CCC(N3CCCC3)CC2)c1)N1CCC(N2CCCC2)CC1,0
c1cc(N2CCC(N3CCCC3)CC2)ccc1CN1CCCC1,0
O=C(O)CCN(O)C(=O)CCCCCCCCC1CC1,0
COC(=O)CCN(O)C(=O)CCCCCCCCC(C)C,0
CN(C)NC(=O)CCC(=O)O,0
O=C(O)CNC(=O)C(=O)O,0
CCCN(C)CCCCC(=O)N(O)CCC(=O)O,1
CCCCCCN(C)CCCCC(=O)N(O)CCC(=O)O,1
O=C(c1ccc(C(=O)N2CCC(N3CCCC3)CC2)s1)N1CCC(N2CCCC2)CC1,0
O=C(c1ccc(C(=O)N2CCC(N3CCCC3)CC2)c2ccccc12)N1CCC(N2CCCC2)CC1,0
Cc1cc(C(=O)N2CCC(N3CCCC3)CC2)c(C)cc1C(=O)N1CCC(N2CCCC2)CC1,0
O=C(c1ccc(C(=O)N2CC3CCC(C2)C3N2CCCC2)cc1)N1CCC(N2CCCC2)CC1,0
O=C(O)c1ccnc(-n2nccc2OCc2ccc(F)cc2)c1,1
CN(C)CCc1cnn(-c2cc(C(=O)O)ccn2)c1OCc1ccc(F)cc1,1
CN(C)CCCCCCCCC(=O)N(O)CCC(=O)O,0
CCCCc1oc2ccccc2c1C(=O)c1cc(I)c(OCCN)c(I)c1,0
CCCCN(CC)CCCCC(=O)N(O)CCC(=O)O,0
O=C(O)c1ccnc(-n2nccc2OCc2ccc(Cl)cc2F)c1,1
CCCCCCN(CCCC)CCCCC(=O)N(O)CCC(=O)O,1
c1ccc(Cc2nnc3sc(-c4ccccn4)nn23)cc1,0
CCCCN(C)CCCCC(=O)N(O)CCC(=O)O,1
CCCCN(C)CCCCCC(=O)N(O)CCC(=O)O,1
O=C1c2ccccc2C(=O)c2c1ccc1c(=O)n(-c3ccc(Cl)cc3)[nH]c21,0
NNc1nccc(C(=O)O)n1,1
CCN(CCN(C)C)C(=O)CNCc1cc(C(N)=O)ccn1,1
Oc1nc(Oc2cnn(CCN3CCOCC3)c2)nc2cnccc12,1
O=C(c1ccc(C(=O)N2CCCC(N3CCCC3)CC2)cc1)N1CCCC(N2CCCC2)CC1,0
CN1CCN2CC(NC(=O)c3ccc(C(=O)N4CCC(N5CCCC5)CC4)cc3)CC2C1,0
CCN1Cc2ccc(NC(=O)c3ccc(C(=O)N4CC5CCC(C4)C5N4CCCC4)cc3)cc2C1,0
O=C(c1ccc2cc(C(=O)N3CCC(N4CCCC4)CC3)ccc2c1)N1CCC(N2CCCC2)CC1,0
O=C(O)c1ccnc(-n2nccc2OCc2cccc(F)c2)c1,1
O=C(O)c1ccnc(-n2nccc2OCc2ccc(Cl)cc2OCC2CC2)c1,1
Cc1nn2c(nc(O)c3cccnc32)c1C#N,0
O=C(O)c1ccnc(-n2nccc2OCc2ccc(C3CC3)cc2)c1,1
O=C(O)c1ccnc(-n2ncc(CCO)c2OCc2ccc(F)cc2)c1,1
CCN(CC)C(=S)SSC(=S)N(CC)CC,1
O=C(O)CCNc1cc(N2CCc3ccccc3CC2)nc(-c2ccccn2)n1,0
CCc1ccc(COc2ccnn2-c2cc(C(=O)O)ccn2)cc1,1
CCc1cnn(-c2cc(C(=O)O)ccn2)c1OCc1ccc(F)cc1,1
CCCCCCN(C)CCCCC(=O)N(O)CCC(=O)OC,0
O=C(O)c1ccnc(-n2nccc2OCc2ccccc2F)c1,1
O=C(O)c1ccnc(-n2nccc2OCc2ccccc2)c1,1
N#Cc1ccc(COc2ccnn2-c2cc(C(=O)O)ccn2)cc1,1
CCOc1cc(Cl)ccc1COc1ccnn1-c1cc(C(=O)O)ccn1,1
COc1ccc(COc2ccnn2-c2cc(C(=O)O)ccn2)cc1,1
Cc1cc(Cl)ccc1COc1ccnn1-c1cc(C(=O)O)ccn1,1
CN1CCCC1CCOC(c1cc2nccc(C(=O)O)c2s1)c1ccccc1Cl,1
