O=C(O)c1ccnc(-c2ccccn2)c1,1
Cc1cccc(-n2cc(-c3cc(C(=O)[O-])ccn3)nn2)c1.[K+],0
O=C(O)CCNc1nc(N2CCN(c3ccc(F)cc3)CC2)cc(-n2cc3ccccc3n2)n1,1
O=C(O)CCNc1nc(N2CCc3ccccc3CC2)cc(-n2ccnn2)n1,1
CCn1cc(-c2cc(C(=O)[O-])ccn2)nn1.[K+],0
O=C(O)c1ccnc(-c2cn(CCc3ccccc3)nn2)c1,0
O=C(O)c1ccnc(-c2cn(C3CCN(C(=O)c4ccccc4)CC3)nn2)c1,0
Clc1ccc(N/N=C(\c2ccccc2)c2ccccn2)nc1,1
O=C([O-])c1ccnc(-c2cn(Cc3ccccc3)nn2)c1.[K+],0
O=C(O)c1ccnc(-c2cn(C3CCN(C(=O)CCc4ccccc4)C3)nn2)c1,0
CCCC(=O)N1CC(n2cc(-c3cc(C(=O)O)ccn3)nn2)C1,0
Cl.N[C@H]1C[C@@H]1c1ccc(NC(=O)CCCCNC(=O)c2ccc(O)c3ncccc23)cc1,0
O=C(O)CCNc1nc(N2CCN(c3ccc(F)cc3)CC2)cc(-n2ccnn2)n1,1
O=C(O)/C=C/C(=O)N(O)CCCCNCc1ccc(COC(=O)Nc2cccc3ccccc23)cc1,0
O=C(Nc1cnccc1C(=O)O)c1ccccc1,0
CCCCCCCCOC(=O)c1ccc(O)c2ncccc12,0
O=C(O)c1ccnc(-c2cn(C3CCCN(C(=O)CCc4ccccc4)C3)nn2)c1,0
O=c1[nH]c(Oc2cnn(C3CCCC3)c2)nc2cnccc12,0
Cl.N[C@H]1C[C@@H]1c1ccc(NC(=O)CCCNC(=O)c2ccc(O)c3ncccc23)cc1,0
O=C(O)CCNc1nc(-c2nccs2)cc(N2CCN(c3ccccn3)CC2)n1,1
Cl.N[C@@H]1C[C@H]1c1ccccc1,0
O=c1[nH]c(Oc2cnn(Cc3ccccc3)c2)nc2cnccc12,0
O=C(O)c1ccnc(-c2cn([C@@H]3CCCN(C(=O)c4ccccc4)C3)nn2)c1,0
NCCCNc1cnccc1C(=O)O,0
O=C(O)c1ccncc1NCCCc1ccccc1,1
O=C(CCc1ccccc1)Nc1cnccc1C(=O)O,0
O=c1[nH]c(Oc2cnn(CC3CCCCC3)c2)nc2cnccc12,0
Nc1cnccc1C(=O)O,0
CCCCNc1cnccc1C(=O)O,1
CN(CCc1cnn(-c2nccc3c(=O)[nH]cnc23)c1)Cc1ccc(F)cc1,0
COc1ccccc1N1CCN(c2cc(-n3nccn3)nc(NCCC(=O)O)n2)CC1,0
O=C(O)CCNc1nc(N2CCc3ccccc3C2)cc(-n2cc3ccccc3n2)n1,1
CC(=O)N1CC(n2cc(-c3cc(C(=O)O)ccn3)nn2)C1,0
O=C(O)c1ccnc(-c2cn(CCOc3ccccc3)nn2)c1,0
COC(=O)c1ccnc(-c2cc(C(=O)Nc3ccc([C@@H]4C[C@H]4N)cc3)ccn2)c1.Cl,0
Cl.N[C@@H]1C[C@H]1c1ccc(NC(=O)c2ccc(O)c3ncccc23)cc1,0
Cl.N[C@H]1C[C@@H]1c1ccc(NC(=O)CCCCCNC(=O)c2ccc(O)c3ncccc23)cc1,0
Cc1ccsc1C(NC(=O)c1ccccc1)c1cc(Cl)c2cccnc2c1O,0
Cn1cc(-c2cc(C(=O)[O-])ccn2)nn1.[K+],0
O=C(O)c1ccnc(-c2cn(C3CN(C(=O)c4ccccc4)C3)nn2)c1,0
O=C(O)c1ccnc(C(=O)O)c1,0
CCCC(=O)N1CCCC(n2cc(-c3cc(C(=O)O)ccn3)nn2)C1,0
O=C(O)c1ccnc(-c2cn(C3CN(C(=O)CCc4ccccc4)C3)nn2)c1,0
NNc1nccc(C(=O)O)n1,0
CCCNc1cnccc1C(=O)O,1
O=C(O)CCNc1nc(N2CCC(c3ccccc3)CC2)cc(-n2nccn2)n1,1
O=C(O)CCNc1cc(N2CCc3ccccc3CC2)nc(-c2ccccn2)n1,1
O=C(O)CCNc1nc(N2CCN(c3ccc(F)cc3)CC2)cc(-n2nccn2)n1,1
O=C(O)CCNc1nc(N2CCN(c3ccccn3)CC2)cc(-n2cccn2)n1,1
O=C(O)CCNc1nc(-c2nccs2)cc(N2CCc3ccccc3C2)n1,1
COc1ccccc1N1CCN(c2cc(-n3cccn3)nc(NCCC(=O)O)n2)CC1,0
CCC(=O)N1CCCC(n2cc(-c3cc(C(=O)O)ccn3)nn2)C1,0
O=C(O)CNC(=O)C(=O)O,1
O=C(O)c1ccc(O)c2ncccc12,1
O=C(O)c1ccncc1NCCc1ccccc1,1
O=C(O)c1ccnc(-c2cn(C3CCN(C(=O)Cc4ccccc4)C3)nn2)c1,0
Nc1nc(-c2cc(C(=O)O)ccn2)cs1,1
O=C(O)CCNc1nc(N2CCc3ccccc3C2)cc(-n2ccnn2)n1,1
O=C(O)c1ccnc(-c2cn(C3CCN(C(=O)Cc4ccccc4)CC3)nn2)c1,0
O=C(O)c1ccnc(-c2cn(C3CN(C(=O)Cc4ccccc4)C3)nn2)c1,0
O=C(O)CCNc1nc(-c2nccs2)cc(N2CCN(c3ccc(F)cc3)CC2)n1,1
O=C(O)CCNc1nc(-c2nccs2)cc(N2CCN(c3ccc(Cl)c(Cl)c3)CC2)n1,1
O=C(CCCc1ccccc1)Nc1cnccc1C(=O)O,1
O=C(Cc1ccccc1)Nc1cnccc1C(=O)O,1
CCCC(=O)N1CCC(n2cc(-c3cc(C(=O)O)ccn3)nn2)C1,0
Cc1ccsc1CNc1cnccc1C(=O)O,1
CC(=O)N1CCCC(n2cc(-c3cc(C(=O)O)ccn3)nn2)C1,0
O=C(O)c1ccnc(-c2c[nH]nn2)c1,0
O=C(O)c1ccnc(-c2cn(C3CCCN(C(=O)Cc4ccccc4)C3)nn2)c1,0
O=C(O)/C=C/C(=O)CN(O)CCCCNCc1ccc(COC(=O)Nc2cccc3ccccc23)cc1,0
O=C(O)CCNc1nc(N2CCN(c3ccccn3)CC2)cc(-n2nccn2)n1,1
O=C(O)CCNc1nc(-c2nccs2)cc(N2CCC(c3ccccc3)CC2)n1,1
O=c1[nH]c(Oc2ccc(Cl)c(O)c2)nc2cnccc12,0
O=c1[nH]c(Oc2cnn(Cc3ccccc3)c2)nc2ncccc12,0
CCCC(=O)N1CCC(n2cc(-c3cc(C(=O)O)ccn3)nn2)CC1,0
CCOC(=O)N1CCC(n2cc(-c3cc(C(=O)O)ccn3)nn2)CC1,0
O=C(O)c1ccnc(-c2cn(C3CCN(C(=O)CCc4ccccc4)CC3)nn2)c1,0
N[C@@H]1C[C@H]1c1ccc(NC(=O)c2ccnc(-c3cc(C(=O)O)ccn3)c2)cc1.O=C(O)C(F)(F)F,1
O=C(O)CCNc1nc(N2CCC(c3ccccc3)CC2)cc(-n2ccnn2)n1,1
CC(C)CNc1cnccc1C(=O)O,1
COC(=O)c1ccnc(-c2cc(C(=O)O)ccn2)c1,0
O=C(O)CCNc1nc(N2CCc3ccccc3C2)cc(-n2nccn2)n1,1
O=C(O)CCNc1nc(N2CCC(c3ccccc3)CC2)cc(-n2cccn2)n1,1
O=C(O)CCNc1nc(N2CCc3ccccc3C2)cc(-n2cccn2)n1,1
O=C(O)CCNc1nc(N2CCc3ccccc3CC2)cc(-n2cc3ccccc3n2)n1,1
CCC(=O)N1CCC(n2cc(-c3cc(C(=O)O)ccn3)nn2)CC1,0
O=C(O)CCNc1nc(N2CCN(c3ccc(Cl)c(Cl)c3)CC2)cc(-n2nccn2)n1,1
CCC(=O)N1CC(n2cc(-c3cc(C(=O)O)ccn3)nn2)C1,0
O=c1[nH]cnc2c(-n3cc(CCN4CCC(Cc5ccc(Cl)cc5)CC4)cn3)nccc12,0
O=C(O)CCNc1nc(-c2nccs2)cc(N2CCc3ccccc3CC2)n1,1
COc1ccccc1N1CCN(c2cc(-c3nccs3)nc(NCCC(=O)O)n2)CC1,1
O=C(O)CCNc1nc(N2CCc3ccccc3CC2)cc(-n2cccn2)n1,1
O=C(O)CCNc1nc(N2CCN(c3ccc(F)cc3)CC2)cc(-n2cccn2)n1,1
O=C(O)CCNc1nc(N2CCc3ccccc3CC2)cc(-n2nccn2)n1,1
O=C(O)CCNc1nc(N2CCN(c3ccc(Cl)c(Cl)c3)CC2)cc(-n2cc3ccccc3n2)n1,0
Cc1cc(Cl)ccc1COc1ccnn1-c1cc(C(=O)O)ccn1,1
O=C(O)c1ccncc1NCCCCc1ccccc1,1
Cc1ccsc1CNc1ncccc1C(=O)O,0
O=C(O)c1ccncc1NCc1ccco1,0
NCCNc1cnccc1C(=O)O,0
O=C(O)c1ccncc1NCc1ccccc1,1
O=C(O)CCNc1nc(N2CCN(c3ccc(Cl)c(Cl)c3)CC2)cc(-n2cccn2)n1,1
