[
    {
        "CCOC(=O)CCn1sc(Cl)cc1=O": 1
    },
    {
        "COC(=O)CCn1sc(Cl)c(NC(=O)OCc2ccccc2)c1=O": 1
    },
    {
        "Cc1ccc(NCCCN)c([N+](=O)[O-])c1": 1
    },
    {
        "COc1ccc(OCCCN)c([N+](=O)[O-])c1.Cl": 0
    },
    {
        "CN1CCC[C@@H](Nc2cnn(C)c(=O)c2Cl)C1": 1
    },
    {
        "CN1CCC(Nc2cnn(C)c(=O)c2Cl)CC1": 0
    },
    {
        "CNC(=O)c1cc(OCC(=O)Nc2ccccc2)ccc1OC1CCOCC1": 1
    },
    {
        "CCCCCCCCCCCCSc1cc(=O)n(CCC(=O)OC)[s+]1[O-]": 0
    },
    {
        "COC(=O)CCn1c(=O)cc(Cl)[s+]1[O-]": 1
    },
    {
        "O=C(Cn1sc2ccccc2c1=O)NCc1ccccn1": 0
    },
    {
        "O=C(Cn1sc2ccccc2c1=O)Nc1nccs1": 1
    },
    {
        "O=c1c2ccccc2sn1-c1nc2ccccc2s1": 1
    },
    {
        "CC(C)CNC(=O)Cn1sc2ccccc2c1=O": 0
    },
    {
        "COC(=O)CCn1sccc1=O": 0
    },
    {
        "CCCCc1ccc(-n2sc3ncc(-c4ccccc4)cc3c2=O)cc1": 1
    },
    {
        "Cc1ccnc(-n2sc3ccccc3c2=O)n1": 0
    },
    {
        "Cl.NCCCCNc1ccccc1[N+](=O)[O-]": 0
    },
    {
        "Cc1cccc(NCCCN)c1[N+](=O)[O-].Cl": 1
    },
    {
        "Cc1cc(/N=N/c2ccc(S(=O)(=O)Nc3ccccn3)cc2)c(N)c(Cl)c1O": 1
    },
    {
        "COC(=O)CCn1sc(Cl)c(Cl)c1=O": 1
    },
    {
        "CCn1sc(Cl)cc1=O": 1
    },
    {
        "COC(=O)CCn1c(=O)c(Cl)c(Cl)[s+]1[O-]": 0
    },
    {
        "CCCCCCCCCCCCSc1cc(=O)n(C(C)(C)C)[s+]1[O-]": 0
    },
    {
        "COC(=O)CCn1sc(Cl)c(C)c1=O": 0
    },
    {
        "O=C(NCCn1sc(Cl)cc1=O)OCc1ccccc1": 1
    },
    {
        "CC(C)(C)n1c(=O)cc(Cl)[s+]1[O-]": 0
    },
    {
        "CCn1sc(Cl)c(C)c1=O": 0
    },
    {
        "Cl.NCCCOc1ccc(Cl)cc1[N+](=O)[O-]": 0
    },
    {
        "Cc1ccc([N+](=O)[O-])c(NCCCN)c1.Cl": 0
    },
    {
        "CCCCCCCCCCCCCCCc1cccc(O)c1C(=O)O": 0
    },
    {
        "CCn1sc(Cl)c(Cl)c1=O": 1
    },
    {
        "COC(=O)CCn1sc(Cl)cc1=O": 1
    },
    {
        "CCn1c(=O)c(C)c(Cl)[s+]1[O-]": 0
    },
    {
        "COCCNC(=O)Cn1sc2ccccc2c1=O": 0
    },
    {
        "CCCCCCCCCCCCSc1c(Cl)c(=O)n(CCC(=O)OC)[s+]1[O-]": 0
    },
    {
        "COC(=O)CCn1c(=O)c(C)c(Cl)[s+]1[O-]": 0
    },
    {
        "O=c1c2ccccc2sn1-c1ccc(S(=O)(=O)N2CCCC2)cc1": 1
    },
    {
        "O=c1c2cccnc2sn1Cc1ccc(Cl)cc1": 0
    },
    {
        "Cn1ncc(Nc2ccccc2CN)c(Cl)c1=O": 1
    },
    {
        "Cc1ccc(-c2csc(-n3sc4ccccc4c3=O)n2)cc1": 1
    },
    {
        "O=c1c2cccnc2sn1-c1ccc(Cl)cc1": 1
    },
    {
        "C=CC/C=C\\C/C=C\\CCCCCCCc1cccc(O)c1C(=O)O": 0
    },
    {
        "CCn1c(=O)cc(Cl)[s+]1[O-]": 0
    },
    {
        "CCCCCn1sc(Cl)cc1=O": 1
    },
    {
        "COC(=O)CCCCCn1sc(Cl)cc1=O": 1
    },
    {
        "CN1CCc2c(cccc2Nc2cnn(C)c(=O)c2Cl)C1": 1
    },
    {
        "CCCCCOc1ccc(/C=C\\c2cccc(O)c2C(=O)O)cc1": 0
    },
    {
        "O=c1cc(Cl)sn1-c1ccc(F)c(Cl)c1": 1
    },
    {
        "COC(=O)CCCn1sccc1=O": 0
    },
    {
        "CCCCCn1sccc1=O": 0
    },
    {
        "O=c1ccsn1-c1ccc(F)c(Cl)c1": 1
    },
    {
        "CCOC(=O)Cn1sc2nc(C)cc(C)c2c1=O": 0
    },
    {
        "Cc1csc(-n2sc3ccccc3c2=O)n1": 1
    },
    {
        "COC(=O)CCCCCn1sccc1=O": 0
    },
    {
        "COC(=O)Cn1sc(Cl)cc1=O": 1
    },
    {
        "NCCCNc1ccccc1[N+](=O)[O-]": 1
    },
    {
        "C=C(C)[C@@H](CC=C(C)C)C[C@@]12C[C@@H](CC=C(C)C)C(C)(C)[C@@](CC=C(C)C)(C(=O)C(C(=O)c3ccc(O)c(O)c3)=C1O)C2=O": 1
    },
    {
        "CC(C)CNC(=O)CCn1sc2ccccc2c1=O": 0
    },
    {
        "CC(=O)N1CCc2c(c(Nc3ccc(-c4cnn(C)c4)cc3F)nn2[C@@H]2CCOC2)C1": 0
    },
    {
        "CC(C)Nc1cnn(C)c(=O)c1Cl": 0
    },
    {
        "O=c1c2cccnc2sn1Cc1ccc(C(F)(F)F)cc1": 0
    },
    {
        "Cc1cc(C)c2c(=O)n(C(=O)c3cccs3)sc2n1": 1
    },
    {
        "COc1ccc(C2CC(c3cccs3)=NN2c2nc(-c3ccc(N4C(=O)c5ccccc5C4=O)cc3)cs2)cc1OC": 0
    },
    {
        "Cc1ccc(OCCCN)c([N+](=O)[O-])c1.Cl": 0
    },
    {
        "Cc1ccc([N+](=O)[O-])cc1NCCCN.Cl": 0
    },
    {
        "O=c1c2ccccc2sn1-c1nccs1": 1
    },
    {
        "Cc1ccc([N+](=O)[O-])c(OCCCN)c1.Cl": 0
    },
    {
        "COC(=O)CCCn1sc(Cl)cc1=O": 1
    },
    {
        "COC(=O)CCCCn1sc(Cl)cc1=O": 1
    },
    {
        "O=c1c2cccnc2sn1-c1ccc(F)cc1": 1
    },
    {
        "CCn1sccc1=O": 0
    },
    {
        "Nc1ccc(O)c2ccncc12": 1
    },
    {
        "COc1cc(O)c2ccccc2c1N": 0
    },
    {
        "O=C(O[C@@H]1Cc2c(O)cc(O)cc2O[C@@H]1c1cc(O)c(O)c(O)c1)c1cc(O)c(O)c(O)c1": 0
    },
    {
        "O=C(O)CCCn1sc2ccccc2c1=O": 0
    },
    {
        "Cl.NCCCOc1ccccc1[N+](=O)[O-]": 0
    },
    {
        "Cl.N#Cc1ccc(NCCCN)c([N+](=O)[O-])c1": 0
    },
    {
        "CCc1ccc(NCCCN)c([N+](=O)[O-])c1.Cl": 1
    },
    {
        "Cn1ncc(NCc2ccccc2)c(Cl)c1=O": 0
    },
    {
        "COC(=O)CCNc1cc(Cl)sn1": 0
    },
    {
        "CCn1c(=O)c(Cl)c(Cl)[s+]1[O-]": 0
    },
    {
        "Cc1cc(/N=N/c2ccc(S(=O)(=O)Nc3ccccn3)cc2)c(N)cc1O": 1
    },
    {
        "Cc1cc(/N=N/c2ccc(S(=O)(=O)Nc3ccccn3)cc2)c(N)c(C)c1O": 1
    },
    {
        "Cc1ccccc1CNc1cnn(C)c(=O)c1Cl": 1
    },
    {
        "Cn1ncc(Nc2ccccc2)c(Cl)c1=O": 1
    },
    {
        "Cc1cccc(Nc2cnn(C)c(=O)c2Cl)c1": 1
    },
    {
        "CC(C)C[C@H]1C[C@@H](Nc2cnn(C)c(=O)c2Cl)CN(C)C1": 1
    },
    {
        "Cn1ncc(NCc2ccc(F)cc2)c(Cl)c1=O": 0
    },
    {
        "CC(=O)N1CCc2c(c(N3CCCc4cc(-c5cnn(C)c5)c(C(F)F)cc43)nn2C2CCOCC2)C1": 0
    },
    {
        "CNC(=O)N1CCc2c(c(N3CCCc4cc(-c5cnn(C)c5)c(C(F)F)cc43)nn2C2CCOCC2)C1": 0
    },
    {
        "C[C@H](Nc1nn(C)c(=O)n(C)c1=O)[C@H](c1ccc(S(=O)(=O)c2ccccc2)cc1)N(C)C": 1
    },
    {
        "Cc1ccsc1CNc1cnn(C)c(=O)c1Cl": 1
    },
    {
        "CN1CCC(Nc2cnn(C)c(=O)c2Cl)C1": 0
    },
    {
        "NCCCNCc1ccc(NCCCN)[n+]([O-])c1": 1
    },
    {
        "Nc1ccc(O)c2ccccc12": 1
    },
    {
        "CCCCCCCCCC(=O)Nc1ccc(O)c2ccccc12": 0
    },
    {
        "CNc1cnn(C)c(=O)c1Cl": 0
    },
    {
        "Cc1ncsc1CNc1cnn(C)c(=O)c1Cl": 1
    },
    {
        "C[C@@H](Nc1nn(C)c(=O)c2cccnc12)[C@@H](c1ccccc1)N(C)C": 1
    },
    {
        "COc1ccc(N)c2ccccc12.Cl": 0
    },
    {
        "Cc1ccc(S(=O)(=O)Nc2ccc(O)c3ccccc23)cc1": 0
    },
    {
        "Cc1nn(-c2ccccc2)nc1C(N)=O": 0
    },
    {
        "CCOC(=O)c1ccc(-n2sc3ccccc3c2=O)cc1": 1
    },
    {
        "O=c1c2cccnc2sn1Cc1ccc(Cl)c(Cl)c1": 1
    },
    {
        "O=c1c2cc([N+](=O)[O-])cnc2sn1-c1ccc(Oc2ccccc2)cc1": 1
    },
    {
        "Nc1ccc(O)cc1": 0
    },
    {
        "CS(=O)(=O)Nc1ccc(O)c2ccccc12": 1
    },
    {
        "CN(C)c1ccc(O)c2ccccc12.Cl": 1
    },
    {
        "O=C(Cc1ccccc1)Nc1ccc(O)c2ccccc12": 0
    },
    {
        "CC(=O)N1CCc2[nH]nc(Nc3ccccc3)c2C1": 0
    },
    {
        "COc1ccc(S(=O)(=O)ON=C2C=C(C)C(=O)C(C)=C2)cc1": 0
    },
    {
        "O=[N+]([O-])c1ccc(O)c2ccccc12": 0
    }
]