O=C(/C=C/c1ccc(-c2ccc(O)cc2)cc1)NO,1
CN(Cc1ccccc1)C(=O)c1ccc(C(=O)C(F)(F)F)s1,1
CCNC(=O)c1ccc(C(=O)C(F)(F)F)s1,0
Cc1noc(-c2ccc(C(=O)C(F)(F)F)s2)n1,1
CNC(=O)/C(CCCCCCC(=O)Nc1cccc(-c2ccc(C(=O)O)cc2)c1)=N\O,0
Nc1cccc(-c2cc(C(=O)NCCCCC(=O)NO)no2)c1,1
CC(C)(C)OC(=O)Nc1cccc(-c2cc(C(=O)NCCCCC(=O)NO)no2)c1,1
O=C(CCCCCCC(=O)Nc1ccc([C@@H]2O[C@H](c3ccc(CO)cc3)C[C@H](CSc3nc(-c4ccccc4)c(-c4ccccc4)o3)O2)cc1)NO,1
O=C(CCCCCCC(=O)Nc1cccc(-c2cnnn2-c2ccccc2)c1)NO,1
O=C(CCCCCCC(=O)Nc1cccc(-c2cn(Cc3ccc(F)cc3)nn2)c1)NO,1
N=C(N)NCCC[C@H](N)C(=O)NCC(=O)N[C@@H](CCCCCC(=O)Nc1ccccc1N)C(=O)Nc1ccccc1N,1
Nc1ccccc1NC(=O)CCCCC[C@H](NC(=O)[C@@H]1CCCN1C(=O)[C@@H](N)Cc1ccccc1)C(=O)Nc1ccccc1N,1
O=C(CCCCCN1C(=O)c2cccc3cccc(c23)C1=O)NO,1
CNC(=O)C(=O)CCCC[C@@H](C)[C@H]1CC[C@H]2/C(=C/C=C3C[C@@H](O)C[C@H](O)C3)CCC[C@@]21C,0
CCOc1cccc2[nH]c(C(=O)NCCCCCC(=O)Nc3ccccc3N)cc12,1
O=C(CCCCCCC(=O)Nc1ccccc1)NO,1
Nc1cc(F)ccc1NC(=O)c1ccc2[nH]cnc2c1,1
CC(C)(Nc1ncc(C(=O)NO)cn1)c1ccc(F)c(F)c1,1
O=C(NO)C1[C@H](c2ccccc2)[C@H]1c1ccccc1,0
O=C(NO)C1c2ccccc2-c2ccccc21,0
Nc1ccc(-c2ccccc2)cc1NC(=O)c1cnc2c(N3CCNCC3)c(C3CC3)ccc2c1,1
[N-]=[N+]=NCc1cc(COc2ccc(NC(=O)CCCCCCC(=O)NO)cc2)cc(N=[N+]=[N-])c1,1
O=C(NO)c1cnc(NC2(c3ccc(C(F)(F)F)cc3)CC2)nc1,1
Cc1ccc(Nc2ncnc3sc(NC(=O)CCCCCCC(=O)NO)cc23)cc1C,1
O=C(CCCCCCC(=O)Nc1cc2c(Nc3cccc(Cl)c3)ncnc2s1)NO,1
COc1ccc2c(c1)c(CC(=O)NCCCCCCC(=O)NO)c(C)n2C(=O)c1ccc(Cl)cc1,1
COc1ccc2[nH]c(C)c(CC(=O)N[C@@H](CCCCCC(=O)NO)C(=O)NCCc3c(-c4ccccc4)[nH]c4ccccc34)c2c1,1
O=C(Nc1ccccc1)[C@H](CCCCCS)NC(=O)[C@@H]1C(=O)NC[C@@H]1c1ccccc1,1
O=C(CCCCCCNC(=O)c1cnc(N(c2ccccc2)c2ccccc2)nc1)NO,1
Cc1[nH]c2ccccc2c1CCNCc1ccc(/C=C/C(=O)NO)cc1,1
O=C(/C=C/c1cccc(OC[C@H](Cc2c[nH]c3ccccc23)NC(=O)c2ccc(Cl)cc2)c1)NO,1
O=C(/C=C/c1ccc(OC[C@H](Cc2c[nH]c3ccccc23)NC(=O)Cc2ccccc2)cc1)NO,1
Nc1ccccc1NC(=O)c1ccc(CNC(=O)OCc2cccnc2)cc1,1
C[C@]12CC[C@@H]3c4ccc(O)cc4C[C@@H](CCCCCCCCCCC(=O)Nc4ccccc4N)[C@H]3[C@@H]1CC[C@@H]2O,1
CC(C)[C@H]1NC(=O)C[C@@H](/C=C/CCCC(=O)O)NC(=O)[C@@H](Cc2ccccc2)NC(=O)[C@@H](C)NC1=O,1
CC(C)(C)OC(=O)NCC[C@@H]1NC(=O)[C@]2(C)CSC(=N2)c2csc(n2)CNC(=O)C[C@@H](/C=C/CCS)OC1=O,1
COCCNc1cc2ncc(C(=O)Nc3cc(-c4cccs4)ccc3N)cc2cc1C1CC1,1
Nc1cc(F)ccc1NC(=O)c1cnc2c(C3CC3)c(N3CCNCC3)ccc2c1,1
C[C@H](Nc1ncc(C(=O)NO)cn1)c1ccccc1,1
O=C(c1ccc(-c2nc(Cc3cccs3)no2)s1)C(F)(F)F,1
O=C(NO)c1cnc(NC2(c3cc(F)cc(F)c3)CCOCC2)nc1,1
CC(C)(Nc1ncc(C(=O)NO)cn1)c1cccc(F)c1,1
Nc1ccc(-c2cc(C(=O)NCCCCCCC(=O)NO)no2)cc1,1
O=C(NO)c1cnc(NCc2ccc(C(F)(F)F)cc2)nc1,1
Cc1ccc(C(=O)NCC(=O)NCCC(=O)Nc2ccccc2N)cc1,1
O=C(CCCCN1C(=O)[C@H](CC(=O)NO)N=C(c2ccccc2)c2ccccc21)NO,0
O=C(O)CC[C@@H]1N=C(c2ccccc2)c2ccccc2N(CCCCC(=O)NO)C1=O,1
O=C(NO)c1cnc(NCCc2ccccc2Cl)nc1,1
Nc1cc(F)ccc1NC(=O)c1cnc2cc(N3CCNCC3)ccc2n1,1
C/C=C1\NC(=O)[C@H]2CSSCC/C=C/[C@H](CC(=O)N[C@H](C(C)C)C(=O)N2)OC(=O)[C@H](C(C)C)NC1=O,1
C/C=C1\NC(=O)[C@H](CS)NC(=O)[C@@H](C(C)C)NC(=O)C[C@@H](/C=C/CCS)OC(=O)[C@H](C(C)C)NC1=O,1
Nc1ccccc1NC(=O)c1ccc(CNc2nccc(-c3cccnc3)n2)cc1,1
COc1ccc2c(c1)c(CC(=O)O)c(C)n2Cc1ccc(-c2cn(CCCCCCC(=O)NO)nn2)cc1,1
COC(=O)Cc1c(C)n(Cc2ccc(-c3cn(CCCCCCCC(=O)NO)nn3)cc2)c2ccc(OC)cc12,1
CC(C)[C@H]1NC(=O)C[C@@H](/C=C/CCCC(=O)O)NC(=O)[C@@H](Cc2c[nH]c3ccccc23)NC(=O)[C@@H](C)NC1=O,1
CC1(C)CC(=O)Nc2ccc(C(=O)NCc3ccc(/C=C/C(=O)NO)cc3)cc21,1
CC(C)[C@H]1NC(=O)C[C@@H](/C=C/CCCC(=O)O)NC(=O)[C@@H](Cc2ccc(O)cc2)NC(=O)[C@@H](C)NC1=O,1
O=C(CCCCCS)Nc1ccccc1,1
O=C(CCCCCCS)NC1CCCC1,1
Nc1ccccc1NC(=O)c1ccc(CNC(=O)c2[nH]c(-c3ccc(O)cc3)cc2-c2ccoc2)cc1,1
Cc1cc(O)nc(SCC(=O)c2cccs2)n1,0
Cn1cccc1C(=O)N1CCc2cc(C(=O)NO)ccc2C1,0
O=C(NO)c1cnc(NC2(c3ccc(CO)cc3)CC2)nc1,1
CC(Nc1ncc(C(=O)NO)cn1)c1ccncc1,1
O=C(NO)c1cnc(NCc2ccccc2)nc1,1
O=C(CCCCCCC(=O)Nc1ccc2c(c1)CCC(=O)N2)NO,1
Nc1ccc(-c2cccs2)cc1NC(=O)c1ccc2nc(N3CCNCC3)cnc2c1,1
Cc1cccc(NC(=O)[C@H](CCCCCS)NC(=O)[C@H]2CCC(=O)N2)c1,1
O=C(CCCCCCS)NCc1cccc(OCc2ccccc2)c1,1
COc1ccc(C(=O)N[C@H](COc2ccc(/C=C/C(=O)Nc3ccccc3N)cc2)Cc2c[nH]c3ccccc23)cc1,1
O=C(CCCCc1ccn(Cc2ccc(-c3ccccc3)cc2)n1)NO,1
N#CCc1ccc(-c2ccc(/C=C/C(=O)NO)cc2Cl)cc1C12CC3CC(CC(C3)C1)C2,0
CC(=O)Nc1ccc(C(=O)CSc2cccc(O)c2)cc1,0
O=C(/C=C/c1ccc(C(=O)N/N=C/c2ccc(O)c(O)c2O)cc1)NO,1
CC(C)Cc1sc(-c2nccs2)nc1C(=O)NCCCCC(=O)NO,1
O=C(CCCCOCc1cc(-c2ccccc2)on1)NO,1
COc1cccc(C2(Nc3ncc(C(=O)NO)cn3)CC2)c1,1
Cc1cccc(C)c1CNc1ncc(C(=O)NO)cn1,1
O=C(NO)c1cnc(NC2(c3ccc(Cl)c(Cl)c3)CC2)nc1,1
COc1ccccc1C1(Nc2ncc(C(=O)NO)cn2)CC1,1
O=C(CCCCCCC(=O)Nc1cccc(-c2cn(Cc3ccccc3)nn2)c1)NO,1
CC(/C=C/c1ccccc1)=C\C(=O)NCCCCCC(=O)NO,1
O=C1Nc2ccccc2C(c2ccccc2)=N[C@H]1Cc1cn(C(c2ccccc2)(c2ccccc2)c2ccccc2)cn1,0
CC1(C)C(=O)N(c2ccc(C#N)c(C(F)(F)F)c2)C(=S)N1c1ccc(C(=O)NCCCCCCC(=O)Nc2ccccc2N)c(F)c1,1
CCCCCCCC(=O)SCC/C=C/[C@@H]1CC(=O)NCc2nc(cs2)C2=N[C@@](C)(CS2)C(=O)N[C@@H](C(C)C)C(=O)N1,1
CC(C)C[C@H]1CC(=O)N[C@@H](C)C(=O)N[C@@H](CCCCCC(=O)O)C(=O)N[C@@H](Cc2c[nH]c3ccccc23)C(=O)N1,1
C[C@@]12CSC(=N1)c1csc(n1)CNC(=O)C[C@@H](/C=C/CCS)OC(=O)[C@H](CCCN)NC2=O,1
O=C1CC[C@H](C(=O)N[C@H](CCCCCS)C(=O)Nc2ccccc2)N1,1
COc1ccc(-c2cc(-c3ccccc3)[nH]c2C(=O)NCc2ccc(C(=O)Nc3ccccn3)cc2)cc1,1
O=C(NO)c1cnc(Nc2cccc(Cl)c2)nc1,1
CN(c1ccc(Cl)c(Cl)c1)c1ncc(C(=O)NO)cn1,1
O=C(NO)c1cnc(NCCc2c[nH]c3ccccc23)nc1,1
C[C@H](CCCC(=O)Nc1ccccc1N)[C@H]1CC[C@H]2/C(=C/C=C3C[C@@H](O)C[C@H](O)C3)CCC[C@@]21C,0
CC(C)[C@H](NC(=O)c1csc(-c2cscn2)n1)C(=O)OC/C=C/CCS,1
O=C(CCCCCCC(=O)N/N=C/c1ccc(-c2ccccc2)cc1)NO,1
Nc1ccc(-c2cccs2)cc1NC(=O)c1ccc(CNC(=O)CN2C(=O)C3(OCCCO3)c3cc(Cl)ccc32)cc1,0
CCCCCCc1nc2cc(/C=C/C(=O)NO)ccc2n1CCNCC,1
O=C(/C=C/c1cccc(S(=O)(=O)Nc2ccccc2)c1)NO,1
O=C(CCCc1ccccc1)NO,1
CCCC(CCC)C(=O)O,0
O=C(NO)c1cnc(NC2(c3ccc(F)c(F)c3)CC2)nc1,1
CNC(=O)/C(CCCCCCC(=O)Nc1cccc(-c2cccnc2)c1)=N\O,0
Nc1ccccc1NC(=O)/C=C/c1ccc(C(NCCN2CCCCC2)C(=O)Nc2ccc(-c3ccc(C4CC4)cc3)cc2)cc1,1
CC(C)[C@@H]1N=C(c2ccccc2)c2ccccc2N(CCCCC(=O)O)C1=O,0
CCCC(CCC)C(=O)N[C@H](COc1ccc(/C=C/C(=O)NO)cc1OC)Cc1c[nH]c2ccccc12,1
COC(=O)CCCCN1C(=O)[C@H](COC(C)(C)C)N=C(c2ccccc2)c2ccccc21,0
COc1ccc(C(=O)N[C@H](COc2cccc(/C=C/C(=O)NO)c2)Cc2c[nH]c3ccccc23)cc1,1
Cn1cccc1C(=O)NCc1ccc(C(=O)NO)cc1,1
C[C@@]12CSC(=N1)c1csc(n1)CNC(=O)C[C@@H](/C=C/CCS)OC(=O)[C@H](CCN)NC2=O,1
CCCC(=O)CCCCC[C@H](NC(=O)C1CCN(C)CC1)c1ncc(-c2ccc3ccccc3c2)[nH]1,1
Nc1ccccc1NC(=O)CCCCC[C@H](NC(=O)[C@@H]1CCCN1C(=O)[C@@H](N)Cc1ccccc1)C(=O)N[C@@H](Cc1ccccc1)C(=O)O,0
CC(C)[C@H]1NC(=O)C[C@@H](CCCCCC(=O)O)NC(=O)[C@@H](Cc2c[nH]c3ccccc23)NC(=O)[C@@H](C)NC1=O,1
O=C(CCCCCCC(=O)Nc1cc2c(Cl)ncnc2s1)NO,1
Cc1ccc(Nc2ncnc3sc(NC(=O)CCCCCC(=O)NO)cc23)cc1C,1
O=C(CCCCCCC(=O)Nc1cc2c(Nc3ccc(Cl)c(C(F)(F)F)c3)ncnc2s1)NO,1
CC1(C)CC(=O)Nc2ccc(C(=O)NCCCCCCC(=O)NO)cc21,1
O=C(/C=C/c1cccc(C(=O)NO)c1)Nc1ccccc1,0
CC(=O)CCCCC[C@H](NC(=O)C1CCCCN1C)C(=O)Nc1nc(-c2ccccc2)cs1,1
C[C@H]1CN(c2ccc(C(=O)Nc3ccccc3N)cn2)CCN1C(=O)OCc1ccccc1,1
O=C(CCCCCNC(=O)NC(=O)c1ccccc1)NO,1
O=C(CCCCCCC(=O)Nc1cccc(-c2cn(-c3ccc(I)cc3)nn2)c1)NO,1
O=C(NO)c1ccc2c(c1)C[C@H](Nc1nccc(-c3cccnc3)n1)CC2,0
CC(/C=C/C(=O)NO)=C\[C@@H](C)C(=O)c1ccc(N(C)C)cc1,1
O=C(/C=C/c1ccc(OC[C@H](Cc2c[nH]c3ccccc23)NC(=O)c2ccc(Cl)cc2)cc1)NO,1
Nc1ccc(-c2ccccc2)cc1NC(=O)c1ccc(CNC(=O)OCc2cccnc2)cc1,1
COc1ccc(C(=O)Nc2cc(-c3cccs3)ccc2N)cc1,0
O=C(CCCCNC(=O)c1cc(-c2ccccc2)on1)NO,1
O=C(NO)c1cnc(NC2(c3ccc(Cl)cc3)CC2)nc1,1
CC(=O)NCCCC[C@@H]1NC(=O)C[C@H](CC(C)C)NC(=O)[C@H](Cc2c[nH]c3ccccc23)NC(=O)[C@H](CSCCC(=O)O)NC1=O,0
O=C(O)CCCCC[C@@H]1NC(=O)[C@H](Cc2ccccc2)NC(=O)C[C@H](Cc2c[nH]c3ccccc23)NC(=O)[C@H](Cc2cccc3ccccc23)NC1=O,1
C[C@H](CCCCNC(=O)CS)[C@H]1CC[C@H]2/C(=C/C=C3C[C@@H](O)C[C@H](O)C3)CCC[C@@]21C,0
O=C(/C=C/c1cccc(C(=O)c2cc3ccccc3o2)c1)NO,1
O=C(/C=C/c1ccc(/C=N/OCc2c(F)c(F)c(F)c(F)c2F)cc1)NO,1
C[C@H](CCCCC(=O)NO)[C@H]1CC[C@H]2/C(=C/C=C3C[C@@H](O)C[C@H](O)C3)CCC[C@@]21C,0
COc1ccc(CNC(=O)c2ccc(C(=O)C(F)(F)F)s2)cc1,1
C[C@@H]1NC(=O)[C@H]2CCCN2C(=O)[C@H](CCCCCC(=O)[C@@H]2CO2)NC(=O)[C@@H](C)NC1=O,1
CC(C)[C@H]1NC(=O)C[C@@H](C/C=C\CCC(=O)O)NC(=O)[C@@H](Cc2ccccc2)NC(=O)[C@@H](C)NC1=O,1
O=C(CCCCCCC(=O)Nc1cccc(-c2cn(-c3ccc(F)cc3)nn2)c1)NO,1
CN(C)CC(C)(C)Cn1c(CCc2ccccc2)nc2cc(/C=C/C(=O)NO)ccc21,1
CCC(CCCCC(=O)Nc1ccccc1)CC(=O)NO,0
O=C(CCCCNC(=O)c1csc(-c2cscn2)n1)NO,1
O=C(CCCCc1cc(C(=O)NO)no1)Nc1nc(-c2ccccc2)cs1,1
O=C(Nc1cc(-c2ccccc2)ccc1O)c1cccs1,1
O=C(CCCCSc1nc(-c2ccc(-c3ccccc3)cc2)cc(=O)[nH]1)NO,1
CCC(=O)CCSC[C@@H]1NC(=O)[C@H](C)NC(=O)C[C@H](CC(C)C)NC(=O)[C@H](Cc2c[nH]c3ccccc23)NC1=O,0
Nc1ccccc1NC(=O)CCCCCCC(=O)Nc1cccc(-c2cn(-c3ccccc3)nn2)c1,1
CCC(=O)CCCCC[C@@H]1NC(=O)[C@H]2CCCCN2C(=O)[C@H]([C@@H](C)CC)NC(=O)[C@H](Cc2cn(OC)c3ccccc23)NC1=O,1
CC(=O)Nc1ccc(-c2cc(C(=O)NCCCCCCC(=O)NO)no2)cc1,1
Nc1ccccc1NC(=O)c1ccccc1,1
O=C(/C=C/c1ccc(CN(CCO)CCc2c[nH]c3ccccc23)cc1)NO,1
O=C(CCCCCCC(=O)Nc1ccc(-c2cnnn2-c2ccccc2)cc1)NO,1
COc1cc2cc(c1)COc1ccccc1NC(=O)C(CCCCCC(=O)NO)OCCC2,1
CCOP(=O)(CNCc1ccc(C(=O)Nc2cc(-c3cccs3)ccc2N)cc1)OCC,0
CC(=O)NCCCC[C@@H]1NC(=O)C[C@H](CC(C)C)NC(=O)[C@H](Cc2cccc3ccccc23)NC(=O)[C@H](CCCCCC(=O)O)NC1=O,1
O=C(CCCCCCC(=O)Nc1cccc(-c2cn(C3CCCCC3)nn2)c1)NO,1
O=C(O)CCCCC[C@@H]1NC(=O)[C@H](Cc2c(F)c(F)c(F)c(F)c2F)NC(=O)C[C@H](Cc2ccc(O)cc2)NC(=O)[C@H](Cc2cccc3ccccc23)NC1=O,1
CN(C)CC(C)(C)Cn1c(CC(C)(C)C)nc2cc(/C=C/C(=O)NO)ccc21,1
Nc1ccccc1NC(=O)/C=C/c1ccc(C(NCCN2CCOCC2)C(=O)Nc2ccc(C(F)(F)F)cc2)cc1,1
Cc1onc(-c2ccccc2)c1C(=O)NCCCCCNC(=O)[C@@H](C)S,0
O=C(NO)[C@@H]1[C@H](c2ccccc2)[C@H]1c1ccc2nccnc2c1,1
C[C@H](CCCCCNS(N)(=O)=O)[C@H]1CC[C@H]2/C(=C/C=C3C[C@@H](O)C[C@H](O)C3)CCC[C@@]21C,0
CC(C)(C)OC(=O)Nc1ccc(-c2cc(C(=O)NCC(=O)Nc3ccc(-c4cc(C(=O)NO)no4)cc3)no2)cc1,1
[N-]=[N+]=NCc1cc(Cn2cc(NC(=O)CCCCCCC(=O)NO)cn2)cc(N=[N+]=[N-])c1,1
CNC(=O)/C(CCCCCCC(=O)Nc1ccc2ccccc2c1)=N\O,0
NC(=O)c1cc(CCCCC(=O)Nc2nc(-c3ccccc3)cs2)on1,0
COC(=O)NCc1ccc(C(=O)Nc2cc(-c3cccs3)ccc2N)cc1,0
O=C(NO)c1cnc(N2CCN(S(=O)(=O)c3ccc4ccccc4c3)CC2)nc1,1
Nc1ccccc1NC(=O)c1ccc2nccnc2c1,0
CCCCCCCC(=O)SCC/C=C/[C@@H]1CC(=O)NCc2nc(cs2)C2=N[C@@](C)(CS2)C(=O)N[C@@H](C(C)C)C(=O)O1,1
C/C=C1\NC(=O)c2csc(n2)[C@@H](C(C)C)NC(=O)C[C@@H](/C=C/CCS)OC(=O)[C@H](C(C)C)NC1=O,1
Cl.O=C(/C=C/c1ccc(OC[C@H](Cc2c[nH]c3ccccc23)NCc2ccc(Cl)cc2)cc1)NO,1
Nc1cccc(-c2cc(C(=O)NCCCCCCC(=O)NO)no2)c1,1
CNC(=O)/C(CCCCCCNC(=O)c1cc(-c2ccc(NC(=O)OC(C)(C)C)cc2)on1)=N/O,0
Cn1cc([C@H]2[C@H](C(=O)NO)[C@@H]2c2ccccc2)cn1,0
O=C(NO)[C@@H]1[C@H](c2ccccc2)[C@H]1c1ccc(-c2ncc(F)cn2)cc1,1
CCOC(=O)NCc1ccc(C(=O)Nc2cc(-c3cccs3)ccc2N)cc1,0
N=C(N)NCCC[C@@H]1NC(=O)CNC(=O)[C@H](CCCCCC(=O)Nc2ccccc2N)NC(=O)CNC1=O,0
O=C(CCCCCC(c1c[nH]c2ccccc12)c1c[nH]c2ccccc12)NO,1
O=C(/C=C/c1ccc(C(c2c[nH]c3ccccc23)c2c[nH]c3ccccc23)cc1)NO,1
O=C(/C=C/c1cccc(C(=O)c2cc3ccccc3[nH]2)c1)NO,1
O=C(CCCCCCC(=O)Nc1ccc([19F])cc1)NO,1
O=C(/C=C/c1ccc2c(c1)C(=O)CC1(CCN(Cc3ccccc3)CC1)O2)NO,1
O=C(CCCCCCC(=O)Nc1cccc(-c2cn(-c3ccc(C(F)(F)F)cc3)nn2)c1)NO,1
CC(=O)Nc1ccc(C(=O)CSc2nc(C)cc(O)n2)cc1,0
Cc1cc(O)nc(SCC(=O)c2ccc(O)cc2)n1,0
CC(=O)CSc1nc(C)cc(O)n1,0
O=C(NO)c1cnc(Nc2ccccc2Cl)nc1,1
CC(C)[C@H]1NC(=O)[C@]2(C)CSC(=N2)c2csc(n2)CNC(=O)C[C@@H](/C=C/CCS)OC1=O,1
CC1(C)CC(=O)Nc2ccc(NC(=O)CCCCCCC(=O)NO)cc21,1
N=C(N)NCCC[C@@H]1NC(=O)C[C@H](CO)NC(=O)[C@H](Cc2cccc3ccccc23)NC(=O)[C@H](CCCCCC(=O)O)NC1=O,1
Cn1c(=O)ccc2cc(C(=O)NCCCCCCC(=O)NO)ccc21,1
COc1ccc2cc(C(=O)NCCCCCCC(=O)NO)ccc2n1,1
COc1ccc2[nH]c(C)c(CC(=O)N[C@@H](CCCCCC(C)=O)c3ncc(-c4ccccc4)[nH]3)c2c1,1
O=C(CCCCCCC(=O)Nc1cccc(-c2cnnn2Cc2ccc(F)cc2)c1)NO,1
O=C(CCCCCC1OCCCCCCCOc2ccccc2NC1=O)NO,1
O=C(CCCCCNC(=O)NC12CC3CC(CC(C3)C1)C2)NO,1
CC(C)[C@H]1NC(=O)[C@@H](C)[C@@H](C/C=C\CCC(=O)O)NC(=O)[C@@H](Cc2ccccc2)NC(=O)[C@@H](C)NC1=O,1
O=C(Nc1cc(-c2ccccc2)ccc1O)c1ccccc1,0
O=C(CCCCc1cc(C(=O)NO)no1)Nc1ccccc1,0
CCC(=O)CCCCC[C@@H]1NC(=O)C[C@H](CC(C)C)NC(=O)[C@H](Cc2c[nH]c3ccccc23)NC(=O)[C@H](CCCCCC(=O)CC)NC1=O,1
CC(C)C[C@H]1CC(=O)N[C@@H](CCCNC(=N)N)C(=O)N[C@@H](CCCCCC(=O)O)C(=O)N[C@@H](Cc2cccc3ccccc23)C(=O)N1,1
CC(C)C[C@H]1CC(=O)N[C@@H](Cc2ccccc2)C(=O)N[C@@H](CCCCCC(=O)NO)C(=O)N[C@@H](Cc2c[nH]c3ccccc23)C(=O)N1,1
O=C(NO)c1cnc(NC2CCCCC2)nc1,1
O=C(CCCCCNC(=O)NC(=O)c1ccc(Br)cc1)NO,1
O=C(CCCCCCC(=O)Nc1cccc(-c2cn(Cc3ccc(O)cc3)nn2)c1)NO,1
O=C(/C=C/c1ccc(NC(=O)C(Cc2ccccc2)c2ccccc2)cn1)NO,1
CN(Cc1ccc2nccnc2c1)C(=O)c1ccc(C(=O)C(F)(F)F)s1,1
C[C@H](NC(=O)c1ccc(C(=O)C(F)(F)F)s1)c1ccccc1,1
O=C(NCCc1ccccc1)c1ccc(C(=O)C(F)(F)F)s1,1
O=C(/C=C/c1ccc(OC[C@H](Cc2c[nH]c3ccccc23)NC(=O)c2ccc(F)cc2)cc1)NO,1
O=C(c1ccc(-c2nnc(-c3cccs3)o2)s1)C(F)(F)F,1
O=C(/C=C/c1ccc2c(c1)C(=O)CC1(CCN(CCc3ccccc3)CC1)O2)NO,1
CC(C)C[C@H]1CC(=O)N[C@@H](Cc2ccccc2)C(=O)N[C@@H](CCCCCC(=O)O)C(=O)N[C@@H](Cc2cccc3ccccc23)C(=O)N1,1
O=C(CCCCCCC(=O)Nc1ccc(-c2cnnn2Cc2ccc(F)cc2)cc1)NO,1
O=C(CCCCCCC(=O)Nc1ccc(-c2cn(Cc3ccc(F)cc3)nn2)cc1)NO,1
C[C@H](CCCCNS(N)(=O)=O)[C@H]1CC[C@H]2/C(=C/C=C3C[C@@H](O)C[C@H](O)C3)CCC[C@@]21C,0
C[C@H](CCCCNS(C)(=O)=O)[C@H]1CC[C@H]2/C(=C/C=C3C[C@@H](O)C[C@H](O)C3)CCC[C@@]21C,0
O=C(CCCCCC(c1c[nH]c2ccc([N+](=O)[O-])cc12)c1c[nH]c2ccc([N+](=O)[O-])cc12)NO,1
C[C@H](CCCCNS(=O)(=O)c1ccccc1)[C@H]1CC[C@H]2/C(=C/C=C3C[C@@H](O)C[C@H](O)C3)CCC[C@@]21C,0
O=C(c1ccc(-c2nnc(-c3ccccc3)o2)s1)C(F)(F)F,1
O=C(/C=C/c1ccc(/C=N/OCc2ccc([N+](=O)[O-])cc2)cc1)NO,1
CC(C)[C@@H]1NC(=O)[C@]2(C)CSC(=N2)c2csc(n2)CNC(=O)C[C@@H](/C=C/CCSSC[C@H](NC(=O)OC(C)(C)C)C(=O)OC(C)(C)C)OC1=O,1
CCC(=O)CCCCC[C@@H]1NC(=O)[C@H](C)NC(=O)C[C@H](CC(C)C)NC(=O)[C@H](Cc2c[nH]c3ccccc23)NC1=O,1
CC(C)C[C@H]1CC(=O)N[C@@H](C)C(=O)N[C@@H](CSCCC(=O)O)C(=O)N[C@@H](Cc2c[nH]c3ccccc23)C(=O)N1,1
CC/C=C\CCc1nc2cc(/C=C/C(=O)NO)ccc2n1CCNCC,1
CC(/C=C/C(=O)NO)=C\[C@@H](C)[C@H]1CC[C@H]2/C(=C/C=C3/C[C@H](O)C[C@H](O)C3)CCC[C@@]21C,0
CCCCC(=O)CCCCC[C@H](NC(=O)C1CCN(C)CC1)c1ncc(-c2ccc3ccccc3c2)[nH]1,1
O=C(CCCCCCC(=O)Nc1cccnc1)NO,1
CC(C)(C)OC(=O)Nc1ccc(-c2cc(C(=O)NCCCCCCC(=O)NO)no2)cc1,1
CCC(CC)(c1ccc(CCC(=O)NO)c(C)c1)c1ccc(OC[C@H](O)C(C)(C)C)c(C)c1,0
O=C(CCCCc1cc(CO)no1)Nc1nc(-c2ccccc2)cs1,0
O=C(CCCCc1cc(C(=O)O)no1)Nc1nc(-c2ccccc2)cs1,0
O=C(CCCCc1cc(C(=O)NO)no1)Nc1ccc(-c2ccccc2)cc1,1
O=C(CCCCc1cc(C(=O)NO)no1)NC1CCCCC1,0
O=C(CCCCCCC(=O)Nc1ccc(-c2cnnn2Cc2ccccc2)cc1)NO,1
O=C(NO)c1cnc(Nc2cccc(C(F)(F)F)c2)nc1,1
Cc1nc(-c2nc(C(=O)N[C@H](C(=O)OC/C=C/CCS)C(C)C)cs2)cs1,1
CC(C)C[C@H]1CC(=O)N[C@@H](C)C(=O)N[C@@H](CCCCCC(=O)NO)C(=O)N[C@@H](Cc2c[nH]c3ccccc23)C(=O)N1,1
Nc1ccccc1NC(=O)CCCCCNC(=O)c1ccco1,1
Nc1ccccc1NC(=O)CCCCCNC(=O)c1ccoc1,1
Nc1ccccc1NC(=O)CCCCCNC(=O)c1ccc[nH]1,1
Nc1ccccc1NC(=O)CCCCCNC(=O)c1ccnc(N2CCCCC2)c1,1
Nc1ccccc1NC(=O)CCCCCNC(=O)c1ccc(-c2nnn[nH]2)cc1,1
Nc1ccccc1NC(=O)CCCCCNC(=O)c1n[nH]c2ccccc12,1
Nc1ccccc1NC(=O)CCCCCNC(=O)c1ccc(F)c(F)c1,1
Nc1ccccc1NC(=O)CCCCCNC(=O)c1cccc2[nH]ccc12,1
COc1ccc2cc(C(=O)NCCCCCC(=O)Nc3ccccc3N)[nH]c2c1,1
Cc1[nH]c2cc(C(=O)NCCCCCC(=O)Nc3ccccc3N)ccc2c1C,1
CC(=O)N1c2ccc(-c3ccc(NC(=O)CCCCCCC(=O)NO)cc3)cc2[C@H](NC(=O)OC(C)C)C[C@@H]1C,1
O=C(CCCCNC(=O)c1nc(-c2nccs2)sc1Cc1ccccc1)NO,1
C/C=C/c1sc(-c2nccs2)nc1C(=O)NCCCCC(=O)NO,1
C=Cc1sc(-c2nccs2)nc1C(=O)NCCCCC(=O)NO,1
CC(=O)SCC/C=C/[C@@H]1CC(=O)NCc2ccc(cc2)C2=N[C@@](C)(CS2)C(=O)N[C@@H](C(C)C)C(=O)O1,1
COc1ccc(Nc2ncc(C(=O)NO)cn2)cc1,1
O=C(NO)c1ccc(CNC(=O)c2[nH]c(-c3ccc(O)cc3)cc2-c2ccsc2)cc1,1
O=C(NO)c1ccc(CNC(=O)c2[nH]c(-c3ccccc3)cc2-c2ccc([N+](=O)[O-])cc2)cc1,1
Nc1ccc(F)cc1NC(=O)c1cnc2c(C3CC3)c(N3CCNCC3)ccc2c1,1
Cc1nc(-c2nc(C(=O)NCCCCC(=O)NO)c(C3CC3)s2)sc1C,1
O=C(NO)c1ccc(CNC(=O)c2nc(-c3nc4c(s3)CCCC4)sc2C2CC2)cc1,1
O=C(NCCCCCCS)c1cc(-c2ccncc2)n[nH]1,1
C[C@H](OCc1ccccc1)[C@@H]1N=C(c2ccccc2)c2ccccc2NC1=O,0
CC(C)(C)SC[C@H]1N=C(c2ccccc2)c2ccccc2N(CCCCC(=O)NO)C1=O,1
CC[C@@H](C)[C@@H]1N=C(c2ccccc2)c2ccccc2N(CCCCC(=O)NO)C1=O,1
CC(C)[C@@H]1N=C(c2ccccc2)c2ccccc2N(CCCCC(=O)NO)C1=O,1
CC(C)[C@@H]1NC(=O)[C@]2(C)CSC(=N2)c2coc(n2)CNC(=O)C[C@@H](/C=C/CCS)OC1=O,1
Nc1ccccc1NC(=O)CCCCCNC(=O)c1ccc2ccccc2c1,1
Cc1ccc(C(=O)NCCCCCC(=O)Nc2ccccc2N)cc1C,1
Cc1ccc2c(c1)cc(C(=O)NCCCCCC(=O)Nc1ccccc1N)n2C,1
C=CCc1ccccc1C(=O)NCCCCCC(=O)Nc1ccccc1N,1
Nc1ccccc1NC(=O)CCCCCNC(=O)c1cccc(OC(F)F)c1,1
Nc1cc(F)ccc1NC(=O)CCCCCN1CCc2cc(F)ccc2C1=O,1
CCc1ccc(C(=O)NCCCCCC(=O)Nc2ccccc2N)cc1,1
Nc1cc(F)ccc1NC(=O)CCCCCNC(=O)c1cc2ccccc2o1,1
O=C(c1ccc(-c2nc(COc3ccc(-c4nnco4)cc3)no2)s1)C(F)(F)F,1
CC(C)/C=C/c1sc(-c2nccs2)nc1C(=O)NCCCCC(=O)NO,1
CC(C)C1CC1c1sc(-c2nccs2)nc1C(=O)NCCCCC(=O)NO,1
O=C(NO)c1ccc(CNC(=O)c2[nH]c(-c3ccc(O)cc3)cc2-c2ccoc2)cc1,1
Cc1cccc(CCNC(=O)[C@H](CCCCCS)NC(=O)[C@@H]2CCCC(=O)N2)c1,1
Nc1ccccc1NC(=O)CCCCCC(c1c[nH]c2ccccc12)c1c[nH]c2ccccc12,1
CC#CCOc1ccc(C(=O)N[C@H](C(=O)NO)C(C)(C)N)cc1,0
COCCOc1ccccc1C(=O)NCCCCCC(=O)Nc1ccccc1N,1
Cc1ccc(C(=O)NCC/C=C/CC(=O)Nc2ccccc2N)cc1,1
Nc1ccccc1NC(=O)CCCCCNC(=O)c1ccc(F)cc1F,1
Nc1ccccc1NC(=O)/C=C/CCCNC(=O)c1ccc(N2CCOCC2)cc1,1
COc1ccc(C(=O)NCCC/C=C/C(=O)Nc2ccccc2N)cc1,1
Nc1ccccc1NC(=O)CCCCCNC(=O)c1cccc(N2CCOCC2)c1,1
CCOc1cccc(C(=O)NCCCCCC(=O)Nc2ccccc2N)c1,1
O=C(NO)c1cnc(NC2(c3ccccc3)CCN(C(=O)Nc3ccc(F)cc3)CC2)nc1,1
CCCCCc1nc2cc(/C=C/C(=O)NO)ccc2n1CCNC(C)C,1
Nc1ccccc1NC(=O)CCCCCNC(=O)c1ccc2nccnc2c1,1
Cn1c(C(=O)NCCCCCC(=O)Nc2ccccc2N)cc2ccccc21,1
CC(C)(C)OC(=O)CC[C@@H]1N=C(c2ccccc2)c2ccccc2N(CCCCC(=O)O)C1=O,0
CC(C)(Nc1ncc(C(=O)NO)cn1)c1ccc(C(F)(F)F)cc1,1
CC(C)(Nc1ncc(C(=O)NO)cn1)c1ccccc1,1
O=C(/C=C/c1ccc2c(c1)C(=O)CC1(CCN(Cc3ccc(F)cc3)CC1)O2)NO,1
O=C(NO)c1cnc(Nc2cccc(-c3ccncc3)c2)nc1,1
CC(C)(Nc1ncc(C(=O)NO)cn1)c1ccc(C(F)(F)F)cc1F,1
C/C=C1\NC(=O)c2csc(n2)CNC(=O)C[C@@H](/C=C/CCSC(=O)CCCCCCC)OC(=O)[C@H](C(C)C)NC1=O,1
Nc1ccccc1NC(=O)CCCCCNC(=O)c1ccc2[nH]ccc2c1,1
Cc1ccc(NC(=O)N2CCC(Nc3ncc(C(=O)NO)cn3)(c3ccccc3)CC2)cc1,1
O=C(NO)c1cnc(NC2(c3ccccc3)CCN(S(=O)(=O)c3ccccc3)CC2)nc1,1
COc1cccc2cc(C(=O)NCCCCCC(=O)Nc3ccccc3N)[nH]c12,1
Nc1ccccc1NC(=O)CCCCCNC(=O)c1ccc(C(F)F)cc1,1
O=C(O)CC[C@@H]1N=C(c2ccccc2)c2ccccc2NC1=O,0
O=C(O)CCCCN1C(=O)[C@H](CC(=O)NC(c2ccccc2)(c2ccccc2)c2ccccc2)N=C(c2ccccc2)c2ccccc21,0
Nc1ccccc1NC(=O)CCCCCNC(=O)c1cccc2cn[nH]c12,1
Nc1ccccc1NC(=O)CCCCCNC(=O)c1ccccc1C(=O)C(F)(F)F,0
Nc1ccccc1NC(=O)CCCCCNC(=O)c1ccno1,1
Nc1ccccc1NC(=O)CCCCCNC(=O)c1cscn1,1
Nc1ccccc1NC(=O)CCCCCNC(=O)c1c[nH]c2ccccc12,1
Nc1ccccc1NC(=O)CCCCCNC(=O)c1ccc2cn[nH]c2c1,1
CN1CCN(c2ccc(C(=O)NCCCCCC(=O)Nc3ccccc3N)cc2)CC1,1
Nc1ccccc1NC(=O)CCCCCNC(=O)c1ccc2cc[nH]c2c1,1
Nc1ccccc1NC(=O)CCCCCNC(=O)c1cccc(OC(F)(F)F)c1,1
Nc1ccccc1NC(=O)CCCCCNC(=O)c1ccc(OC(F)(F)F)cc1,1
Cn1ccc2c(C(=O)NCCCCCC(=O)Nc3ccccc3N)cccc21,1
CCOc1ccc2c(c1)cc(C(=O)NCCCCCC(=O)Nc1ccccc1N)n2C,1
Nc1ccccc1NC(=O)/C=C/CCCNC(=O)c1ccc(F)cc1,1
CCC(=O)CCCCC[C@@H]1NC(=O)[C@H](CCCCCNC(C)=O)NC(=O)C[C@H](CC(C)C)NC(=O)[C@H](Cc2c[nH]c3ccccc23)NC1=O,1
O=C(NO)c1cnc(NC2(c3ccccc3)CCN(S(=O)(=O)c3ccc(Cl)cc3)CC2)nc1,1
COc1ccc(CNC(=O)c2ccc(C(=O)C(F)(F)C(F)(F)F)s2)cc1,1
COc1ccc(C2(Nc3ncc(C(=O)NO)cn3)CCCCC2)cc1,1
CC(C)C[C@@H]1N=C(c2ccccc2)c2ccccc2NC1=O,0
CC[C@H](C)[C@@H]1N=C(c2ccccc2)c2ccccc2NC1=O,0
CC(C)[C@@H]1NC(=O)[C@]2(C)CSC(=N2)c2cccc(n2)CNC(=O)C[C@@H](/C=C/CCS)OC1=O,1
CCCCCCCC(=O)SCC/C=C/[C@@H]1CC(=O)NCc2cc(ccn2)C2=N[C@@](C)(CS2)C(=O)N[C@@H](C(C)C)C(=O)O1,1
CCCCCCCC(=O)SCC/C=C/[C@@H]1CC(=O)NCc2cc(ccn2)C2=N[C@@](C)(CS2)C(=O)N[C@@H](C(C)C)C(=O)N1,1
O=C(CCCCCCC(=O)Nc1ccc(-c2cn(CC(O)c3cccc(Br)c3)nn2)cc1)NO,1
COc1cc(F)ccc1CNc1ncc(C(=O)NO)cn1,1
COc1ccccc1CNc1ncc(C(=O)NO)cn1,1
CC(C)(Nc1ncc(C(=O)NO)cn1)c1ccc(Cl)cc1F,1
N=C(N)NCCC[C@@H]1NC(=O)C[C@H](Cc2ccc(O)cc2)NC(=O)[C@H](CC(=O)O)NC(=O)[C@H](CCCCCC(=O)O)NC1=O,0
O=C(/C=C/c1ccc2c(c1)nc(CCc1ccccc1)n2CCN1CCCC1)NO,1
O=C(NO)c1cnc(Nc2c(Cl)cccc2Cl)nc1,0
O=C(NO)c1cnc(Nc2cccc(N3CCOCC3)c2)nc1,1
O=C(/C=C/c1ccc(OC[C@H](Cc2c[nH]c3ccccc23)NC(=O)c2ccccc2)cc1)NO,1
CCCCCCCC(=O)SCC/C=C/[C@@H]1CC(=O)NCc2cccc(n2)C2=N[C@@](C)(CS2)C(=O)N[C@@H](C(C)C)C(=O)N1,1
O=C(NO)c1ccc(CNC(=O)c2[nH]c(-c3ccccc3)cc2-c2ccc(Cl)c(Cl)c2)cc1,1
CCC(CC)(c1ccc(OCC(=O)NO)c(C)c1)c1ccc(OCC(CO)CO)c(C)c1,0
Nc1cc(F)ccc1NC(=O)c1ccc2c(c1)CC(=O)N2,1
O=C(NO)c1cnc(NC2(c3cc(F)cc(F)c3)CC2)nc1,1
O=C(NO)c1cnc(NC2(c3ccccc3)CCN(C(=O)OCc3ccccc3)CC2)nc1,1
CCCCCCCC(=O)SCC/C=C/[C@@H]1CC(=O)NCc2nc(cs2)-c2nc(cs2)C(=O)N[C@@H](C(C)C)C(=O)O1,0
COc1ccc2c(c1)c(CC(=O)NCCCCCCCC(=O)NO)c(C)n2C(=O)c1ccc(Cl)cc1,1
Nc1ccc(-c2cccs2)cc1NC(=O)c1ccc2nccnc2c1,0
O=C(CCCCCCC(=O)Nc1cc2c(Nc3ccccc3)ncnc2s1)NO,1
CCCCc1sc(-c2nccs2)nc1C(=O)NCCCCC(=O)NO,1
O=C(CCCCNC(=O)c1nc(-c2nccs2)sc1C1CC1)NO,1
CCCCc1nc2cc(/C=C/C(=O)NO)ccc2n1CCNC(C)C,1
NC(=O)CC[C@@H]1N=C(c2ccccc2)c2ccccc2N(CCCCC(=O)NO)C1=O,1
O=C(CCCCN1C(=O)[C@H](Cc2cc3ccccc3[nH]2)N=C(c2ccccc2)c2ccccc21)NO,1
CC(C)(C)OC(=O)n1c(C[C@@H]2N=C(c3ccccc3)c3ccccc3N(CCCCC(=O)NO)C2=O)cc2ccccc21,1
O=C(NO)c1cnc(NCc2cccc(C(F)(F)F)c2)nc1,1
O=C(NO)c1cnc(NC2(c3cc(C(F)(F)F)cc(C(F)(F)F)c3)CC2)nc1,1
Cc1cccc(C2(Nc3ncc(C(=O)NO)cn3)CC2)c1,1
O=C(NO)c1cnc(Nc2cc(F)cc(C(F)(F)F)c2)nc1,1
COc1ccc(-c2cc(-c3ccccc3)[nH]c2C(=O)Nc2cccc(CC(=O)NO)c2)cc1,1
Nc1ccccc1NC(=O)CCCCCNC(=O)c1cnc2ccccc2c1,1
Nc1ccccc1NC(=O)CCCCCNC(=O)c1ccc(C2CC2)cc1,1
Nc1ccccc1NC(=O)/C=C/c1ccc(C(NCCC2CCOCC2)C(=O)Nc2ccc(C(F)(F)F)cc2)cc1,1
O=C(NO)c1cnc(NC2(c3ccc(F)c(Cl)c3)CC2)nc1,1
C=Cc1sc(-c2nccs2)nc1C(=O)NCCCNC(=O)CS,1
CNC(=O)/C(CCCCCCNC(=O)c1cc(-c2cccc(NC(=O)OC(C)(C)C)c2)on1)=N/O,0
CC(=O)CCCCC[C@H](NC1CCCCN1C)C(=O)Nc1nc(-c2ccccc2)cs1,1
O=C(/C=C/c1ccc(CN(CCO)CCc2cc3ccccc3[nH]2)cc1)NO,1
COc1ccc(Nc2c(NCCCCCC(=O)NO)c(=O)c2=O)cc1,1
[N-]=[N+]=NCc1cc(N=[N+]=[N-])cc(C(=O)Nc2ccc(-c3cc(C(=O)NCCCCCCC(=O)NO)no3)cc2)c1,1
CN1C[C@H](c2ccc(/C=C/C(=O)Nc3ccccc3N)cc2)[C@@H](C(=O)Nc2ccc(Cl)cc2)C1,1
CCOC(=O)c1ccc(C(=O)C(F)(F)F)s1,1
COc1ccc(NC(=O)N2CCC(Nc3ncc(C(=O)NO)cn3)(c3ccccc3)CC2)cc1,1
CCON1CCC(Nc2ncc(C(=O)NO)cn2)(c2ccccc2)CC1,1
CC(C)C1(Nc2ncc(C(=O)NO)cn2)CCN(C(=O)OCc2ccccc2)CC1,1
Nc1ccccc1NC(=O)CCCCCNC(=O)c1ccc(NC2CC2)cc1,1
Nc1cc(F)ccc1NC(=O)CCCCCNC(=O)c1ccc(F)cc1,1
O=C(NO)c1cnc(N2CCN(C(/C=C/c3ccc(F)cc3)CO)CC2)nc1,1
Nc1ccccc1NC(=O)CCCCCNC(=O)c1cc(-c2ccccc2)n[nH]1,1
Cc1[nH]c2ccc(C(=O)NCCCCCC(=O)Nc3ccccc3N)cc2c1C,1
Cc1ccc(C(=O)NCCCCCC(=O)Nc2ccccc2O)cc1,1
CN1C(=O)CC[C@@H]1C(=O)N[C@@H](CCCCCS)C(=O)Nc1ccccc1,1
Nc1ccccc1NC(=O)CCCCNC(=O)c1ccc2c(c1)OCCO2,1
Nc1ccccc1NC(=O)CCCCCNC(=O)c1cc2cc(Cl)ccc2[nH]1,1
Cn1c(C(=O)NCCCCCC(=O)Nc2ccccc2N)cc2cc(F)ccc21,1
COc1cc2c(Oc3ccc(NC(=O)C4(C(=O)Nc5ccc(F)cc5)CC4)cc3F)ccnc2cc1OCCCC(=O)NO,0
Cc1ccc(C(=O)N[C@@H](CCCNC(=N)N)C(=O)NCCC(=O)Nc2ccccc2N)cc1,1
O=C(CCCCNC(=O)c1nc(-c2nccs2)sc1/C=C/c1ccccc1)NO,1
CC(C)Cc1sc(-c2cscn2)nc1C(=O)NCCCCC(=O)NO,1
CC(C)=Cc1sc(-c2nccs2)nc1C(=O)NCCCNC(=O)CS,1
O=C(/C=C/c1ccc(/C=N/OCCN2CCOCC2)cc1)NO,1
Nc1ccccc1NC(=O)CCCCCNC(=O)c1ccccc1Cl,1
O=C(NO)c1cnc(NC2(c3ccccc3)CCN(S(=O)(=O)c3ccc(C(F)(F)F)cc3)CC2)nc1,1
Nc1ccccc1NC(=O)CCCCCNC(=O)c1ccc(F)cc1,1
CN(C)c1ccc(C(=O)NCCCCCC(=O)Nc2ccccc2N)cc1,1
Nc1ccccc1NC(=O)CCCCCNC(=O)c1cc(Cl)cc(Cl)c1,1
CC(C)[C@@H](C(=O)N1CCC(Nc2ncc(C(=O)NO)cn2)(c2ccccc2)CC1)c1ccccc1,1
COc1cc2cc(c1)COc1ccccc1NC(=O)[C@H](CCCCCC(=O)NO)OC/C=C\2,1
O=C(NO)c1cnc(NCc2c(CO)cccc2CO)nc1,1
O=C(NO)c1cnc(NCc2ccncc2)nc1,1
COc1ccc(C(=O)N[C@@H](Cc2c[nH]c3ccccc23)C(=O)NCc2ccc(C(=O)Nc3cc(-c4cccs4)ccc3N)cc2)cc1,1
CCCC(=O)NO,1
Cc1c(C)c(S(=O)(=O)NC(=N)NCCC[C@@H]2N=C(c3ccccc3)c3ccccc3NC2=O)c(C)c2c1OC(C)(C)C2,0
COC(=O)CCCCN1C(=O)[C@H]([C@@H](C)OCc2ccccc2)N=C(c2ccccc2)c2ccccc21,0
O=C(NO)c1cnc(NC2(c3ccccc3)CCC2)nc1,1
CC(=O)Nc1ccc(C(=O)COc2cc(C)cc(O)n2)cc1,0
Cc1cc(O)nc(SCC(=O)c2ccc(NC(=O)c3ccccc3)cc2)n1,0
COc1ccc(C(=O)CSc2nc(C)cc(O)n2)cc1,0
CCC(=O)CCCCC[C@H](NC(=O)Cc1c(C)[nH]c2ccc(OC)cc12)c1ncc(-c2ccccc2)[nH]1,1
CC(=O)CCCCC[C@H](NC(=O)C1CCN(C)CC1)c1ncc(-c2ccc3ccccc3c2)[nH]1,1
O=C(CCCCCCC(=O)Nc1cccc(-c2cn(-c3ccccc3)nn2)c1)NO,1
O=C(/C=C/c1ccc(Cl)cc1F)NCCCCCC(=O)NO,1
CC(C)C[C@H]1CC(=O)N[C@@H](C)C(=O)N[C@@H](CSCC(=O)O)C(=O)N[C@@H](Cc2c[nH]c3ccccc23)C(=O)N1,0
CC(C)C[C@H]1CC(=O)NC(C)(C)C(=O)N[C@@H](CCCCCC(=O)O)C(=O)N[C@@H](Cc2cccc3ccccc23)C(=O)N1,1
N=C(N)NCCC[C@@H]1NC(=O)C[C@H](Cc2ccc(O)cc2)NC(=O)[C@H](Cc2cccc3ccccc23)NC(=O)[C@H](CCCCCC(=O)O)NC1=O,1
N=C(N)NCCC[C@@H]1NC(=O)C[C@H](Cc2ccc(O)cc2)NC(=O)[C@H](CC(=O)O)NC(=O)[C@H](CCCCCC(=O)NO)NC1=O,1
CC(C)C[C@H]1CC(=O)N[C@@H](CCCCN)C(=O)N[C@@H](CCCCCC(=O)O)C(=O)N[C@@H](Cc2cccc3ccccc23)C(=O)N1,1
O=C(NO)c1cnc(NCCc2ccccc2)nc1,1
O=C(CCCCCC(=O)N/N=C/c1ccc(-c2ccccc2)cc1)NO,1
COC(=O)NCc1ccc(C(=O)Nc2cc(-c3ccccc3)ccc2N)cc1,0
Cc1cc(O)nc(SCC(=O)c2ccc(O)c(O)c2)n1,0
Nc1ccc(-c2cccs2)cc1NC(=O)c1ccc(CNC(=O)OCc2cccnc2)cc1,0
Nc1ccc(-c2ccccc2)cc1NC(=O)c1ccccc1,0
Nc1ccc(-c2cccs2)cc1NC(=O)c1ccccc1,0
CNC(=O)/C(CCCCCCNC(=O)c1cc(-c2cccc(N)c2)on1)=N/O,1
CNC(=O)/C(CCCCC[C@H](NCc1ccc(OC)cc1)C(=O)Nc1ccccc1)=N\O,0
O=C(C=C1c2ccccc2-c2ccccc21)NCCCCCC(=O)NO,1
CC(C)(C)OC(=O)Nc1ccc(-c2cc(C(=O)NCCCCC(=O)NO)no2)cc1,1
CCC(=O)CCCCC[C@H](NC(=O)C1CCN(C)CC1)c1ncc(-c2ccc3ccccc3c2)[nH]1,1
O=C(/C=C/c1ccc2c(c1)nc(CCc1ccccc1)n2CCN1CCCCC1)NO,1
COc1cc(C)nc(SCC(=O)c2ccc(NC(C)=O)cc2)n1,0
CCOC(=O)CC(=O)CSc1nc(C)cc(O)n1,0
C=C[C@@H](O)[C@@H]1O[C@H]1/C=C/[C@@H]1O[C@@H]1[C@@H](C)O,0
Cc1cc(O)nc(SCC(=O)NCCc2ccccc2)n1,0
COc1ccc(C(=O)Nc2ccccc2N)cc1,1
C[C@H](CCCNS(C)(=O)=O)[C@H]1CC[C@H]2/C(=C/C=C3C[C@@H](O)C[C@H](O)C3)CCC[C@@]21C,0
CC(=O)Nc1ccc(C(=O)COc2nc(C)cc(O)n2)cc1,0
CC(=O)Nc1ccc(CSc2nc(C)cc(O)n2)cc1,0
O=C(CCCCCCC(=O)Nc1cccc(-c2cnnn2CC(O)c2cccc(Br)c2)c1)NO,1
CC(=O)NCCCC[C@@H]1NC(=O)C[C@H](Cc2ccc(O)cc2)NC(=O)[C@H](Cc2cccc3ccccc23)NC(=O)[C@H](CCCCCC(=O)O)NC1=O,1
O=C(/C=C/c1ccc2cccnc2c1)NCCCCCC(=O)NO,1
O=C(NCc1ccccc1)c1ccc(C(=O)C(F)(F)F)s1,1
Nc1ccccc1NC(=O)CCCCCCC(=O)Nc1ccccc1N,1
O=C(CCCCCCNC(=O)c1ccc2[nH]c(=O)ccc2c1)NO,1
Cc1cc(O)nc(SCC(=O)c2ccc3c(c2)OCCO3)n1,0
C[C@@H](NC(=O)c1ccc(C(=O)NO)s1)c1ccccc1,1
Cn1c(/C=C/C(=O)NO)ccc1C(=O)Cc1ccccc1,1
CN1C[C@H](c2ccc(/C=C/C(=O)Nc3ccccc3N)cc2F)[C@@H](C(=O)Nc2ccc(Cl)cc2)C1,1
Nc1ccccc1NC(=O)CCCCCNC(=O)c1ccc([N+](=O)[O-])cc1,1
Nc1ccccc1NC(=O)CCCCCNC(=O)c1cnccn1,1
COc1ccc2[nH]c(C)c(CC(=O)N[C@@H](CCCCCC(N)=O)c3ncc(-c4ccc5ccccc5c4)[nH]3)c2c1,1
O=C(NO)c1cnc(NCc2ccc(F)c(Cl)c2)nc1,1
O=C(NO)c1cnc(Nc2cccc(-c3ccccc3)c2)nc1,1
O=C(NO)C(c1ccccc1)c1ccccc1,0
Cl.O=C(/C=C/c1ccc(-c2cc(CN3CCOCC3)on2)cc1)NO,1
Nc1cccc(-c2csc(NC(=O)CCCCc3cc(C(=O)NO)no3)n2)c1,1
O=C(CCCCc1cc(C(=O)NO)no1)Nc1cnc2ccccc2c1,1
O=C(CCCCCCC(=O)Nc1ccc2[nH]c(=O)ccc2c1)NO,1
CC1(C)CC(=O)Nc2ccc(C(=O)NC[C@H]3CC[C@H](/C=C/C(=O)NO)CC3)cc21,1
O=C(CCCCCCC(=O)Nc1cccc(-c2cn(CC(O)c3cccc(Br)c3)nn2)c1)NO,1
O=C(CCCCCCC(=O)Nc1cccc(-c2cnnn2Cc2ccccc2)c1)NO,1
CN(Cc1ccccc1)C(=O)c1cnc(C(=O)C(F)(F)F)s1,1
COc1ccc2cc(C(=O)/C=C/C=C/c3ccc(OC)c(OC)c3)c(=O)oc2c1,0
Cn1cccc1C(=O)N1CCn2cc(C(=O)NO)cc2C1,1
COc1ccc2[nH]c(C)c(CC(=O)N[C@@H](CCCCCC(C)=O)c3nc4ccc(Cl)cc4[nH]3)c2c1,1
CNC(=O)/C(CCCCCCC(=O)Nc1cccc(-c2ccccc2)c1)=N\O,1
CNC(=O)/C(CCCCC[C@@H](C(=O)Nc1ccccc1)N(Cc1ccc(OC)cc1)C(=O)OC(C)(C)C)=N\O,0
CC(C)(C)C(CCCCC(=O)NO)CC(=O)Nc1ccccc1,1
O=C(NO)C1=CCCC1,1
COc1cccc2c(C(CCCCCC(=O)NO)c3c[nH]c4c(OC)cccc34)c[nH]c12,1
Cc1ccccc1C1(Nc2ncc(C(=O)NO)cn2)CC1,1
O=C(/C=C/c1ccc2c(c1)C(=O)NC1(CCN(Cc3ccccc3)CC1)O2)NO,1
CC(C)(O)Cc1sc(-c2nccs2)nc1C(=O)NCCCCC(=O)NO,1
O=C(CCCCCCNC(=O)c1nc(-c2nccs2)sc1C1CC1)NO,1
O=C(CCCCNC(=O)c1nc(-c2ncc([N+](=O)[O-])s2)sc1C1CC1)NO,1
CC(C)(C)OC(=O)NCc1nc(-c2nc(C(=O)NCCCCCCC(=O)NO)cs2)cs1,1
O=C(CCCCNC(=O)c1nc(-c2ncc(-c3ccccc3)s2)sc1C1CC1)NO,1
O=C(CCCCC(=O)Nc1ccc2c(c1)/C(=C/c1ccc[nH]1)C(=O)N2)NO,1
C/C=C1\NC(=O)c2csc(n2)CNC(=O)C[C@@H](/C=C/CCS)OC(=O)[C@H](C(C)C)NC1=O,1
Nc1ccccc1NC(=O)CCCCCNC(=O)c1cccc([N+](=O)[O-])c1,1
N#Cc1ccccc1C(=O)NCCCCCC(=O)Nc1ccccc1N,1
O=C(NO)c1cnc(NC2(c3cccc(Cl)c3)CC2)nc1,1
C[C@]12CC[C@@H]3c4ccc(O)cc4C[C@@H](CCCCCCCCCCC(=O)NO)[C@H]3[C@@H]1CC[C@@H]2O,1
Nc1ccc(F)cc1NC(=O)c1ccc2nc(N3CCNCC3)ccc2c1,1
O=C(NO)c1cnc(NC2(c3c(F)cccc3F)CC2)nc1,1
Cc1ccc(NC(=O)[C@H](CCCCCS)NC(=O)[C@@H]2CCCC(=O)N2)cc1,1
Cc1cccc(NC(=O)[C@H](CCCCCS)NC(=O)[C@H]2CCC(=O)N2C)c1,1
O=C(CCCCCCS)NCc1ccc(C(F)(F)F)cc1,1
O=C1CCC[C@@H](C(=O)N[C@@H](CCCCCS)C(=O)NCc2ccc(C(F)(F)F)cc2)N1,1
O=C1CCC[C@@H](C(=O)N[C@@H](CCCCCS)C(=O)NCc2cccc(OCc3ccccc3)c2)N1,1
O=C(NO)c1ccc(CNC(=O)c2[nH]c(-c3ccccc3)cc2-c2cccc(Br)c2)cc1,1
CC(Nc1ncc(C(=O)NO)cn1)(c1ccc(F)cc1)c1ccc(F)cc1,1
COc1ccc(-c2cc(-c3ccccc3)[nH]c2C(=O)NCc2ccc(C(=O)NCCS)cc2)cc1,1
Cc1cc(C(C)(C)Nc2ncc(C(=O)NO)cn2)ccc1F,1
O=C(CCCCCCC(=O)Nc1cccc(-n2cc(-c3ccccc3)nn2)c1)NO,1
CC(C)(Nc1ncc(C(=O)NO)cn1)c1ccc(F)cc1F,1
C/C=C1\NC(=O)c2csc(n2)[C@@H](C(C)C)NC(=O)C[C@@H](/C=C/CCSC(=O)CCCCCCC)OC(=O)[C@H](C(C)C)NC1=O,1
COc1ccc(C(=O)N[C@H](COc2ccc(/C=C/C(=O)NO)cc2OC)Cc2c[nH]c3ccccc23)cc1,1
O=C(NO)[C@@H]1[C@H](c2ccccc2)[C@H]1c1ccc(-c2cnco2)cc1,0
O=C(NO)c1cnc(NC2(c3ccccc3)CCN(C(=O)Nc3cccc(F)c3)CC2)nc1,1
C[C@H](CCCCNS(=O)(=O)C(F)(F)F)[C@H]1CC[C@H]2/C(=C/C=C3C[C@@H](O)C[C@H](O)C3)CCC[C@@]21C,0
CC1(Nc2ncc(C(=O)NO)cn2)CCCCC1,1
O=C(NO)c1cnc(NC2(c3ccccc3)CCCC2)nc1,1
O=C(NO)c1cnc(NCc2cccc(Cl)c2)nc1,1
C[C@H]1CN(c2ccc(C(=O)Nc3cc(-c4ccccc4)ccc3N)cn2)CCN1C(=O)OCc1ccccc1,0
O=C(NO)c1cnc(NCCc2ccccc2-c2ccccc2)nc1,1
Nc1ccccc1NC(=O)c1ccc(-c2cn(CCc3ccsc3)nn2)cc1,1
O=C(CCCCCCC(=O)Nc1ccc(-c2cn(-c3ccccc3)nn2)cc1)NO,1
CCCC(CCC)C(=O)NO,0
Nc1ccc(-c2cc(C(=O)NCCCCC(=O)NO)no2)cc1,1
CC(C)(C)OC(=O)Nc1cccc(-c2cc(C(=O)NCCCCCCC(=O)NO)no2)c1,1
CNC(=O)/C(CCCCCCC(=O)Nc1ccccc1)=N\O,0
CNC(=O)/C(CCCCCCC(=O)NC1c2ccccc2-c2ccccc21)=N\O,0
O=C(CCCCC[C@H](NC(=O)[C@@H]1CC(=O)N1)C(=O)Nc1ccccc1)NO,1
O=C(CCCCCCC(=O)Nc1cc2c(Nc3ccc(Cl)cc3F)ncnc2s1)NO,1
O=C(NO)c1cnc(NC2(c3cc4ccccc4s3)CC2)nc1,1
O=C(NO)c1cnc(NC2(c3ccc(F)cc3)CCCCC2)nc1,0
O=C(NO)c1cnc(NCc2cnccn2)nc1,1
C[C@H](CCCCC(=O)Nc1ccccc1N)[C@H]1CC[C@H]2/C(=C/C=C3C[C@@H](O)C[C@H](O)C3)CCC[C@@]21C,0
COC(=O)CCCCN1C(=O)[C@H](CCC(=O)OC(C)(C)C)N=C(c2ccccc2)c2ccccc21,0
CS(=O)(=O)c1ccccc1C(=O)NCCCCCC(=O)Nc1ccccc1N,1
O=C(NO)c1cnc(NC2(c3cc(C(F)(F)F)ccc3F)CC2)nc1,1
O=C(NO)c1cnc(NC2(Cc3ccccc3)CC2)nc1,1
Cc1ccc(C(=O)NCCCCCC(=O)Nc2ccccc2N)c(C)c1,1
N#Cc1cccc(C(=O)NCCCCCC(=O)Nc2ccccc2N)c1,1
CCC(CC)(c1ccc(OCC(=O)NO)c(C)c1)c1ccc(OC[C@H](O)C(C)(C)C)c(C)c1,0
COc1cc2c(Oc3ccc(NC(=O)C4(C(=O)Nc5ccc(F)cc5)CC4)cc3F)ccnc2cc1OCCCCCC(=O)NO,0
COC(=O)CCCCN1C(=O)[C@H](Cc2ccccc2)N=C(c2ccccc2)c2ccccc21,0
Cc1cc(Nc2ncc(C(=O)NO)cn2)ccn1,1
O=C(NO)[C@@H]1[C@H](c2ccccc2)[C@H]1c1ccnc(C2CC2)c1,0
O=C(NO)[C@@H]1[C@H](c2ccccc2)[C@H]1c1cccc(-c2ncc(F)cn2)c1,0
O=C(/C=C/c1ccc2c(c1)C(=O)CC1(CCN(Cc3ccccc3)C1)O2)NO,1
CC(C)C[C@H]1CC(=O)N[C@@H](C)C(=O)N[C@@H](CCCCCC(=O)O)C(=O)N[C@@H](Cc2cccc3ccccc23)C(=O)N1,1
Nc1ccccc1NC(=O)c1ccc(CNc2nccc(-c3ccn[nH]3)n2)cc1,1
O=C(NO)c1cnc(NCc2cccnc2)nc1,1
O=C(NO)c1cnc(NC2(c3ccc(F)cc3)CCCC2)nc1,1
CCC(CC)(c1ccc(OCC(=O)NO)c(C)c1)c1cc(C)c(CCC(O)C(C)(C)C)s1,0
Nc1ccccc1NC(=O)CCCCCNC(=O)c1ccc(Cl)cc1,1
N#Cc1ccc(C(=O)NCCCCCC(=O)Nc2ccccc2N)cc1,1
Cc1ccc(NC(=O)CCCCCC(=O)Nc2ccccc2N)cc1,1
CCON1CCC(Nc2ncc(C(=O)NO)cn2)(C(C)C)CC1,1
Cc1ccccc1S(=O)(=O)N1CCC(Nc2ncc(C(=O)NO)cn2)(c2ccccc2)CC1,1
O=C(NO)c1cnc(NC2(c3ccccc3)CCN(C(=O)Cc3cc4ccccc4[nH]3)CC2)nc1,1
Nc1cc(F)ccc1NC(=O)CCCCCNC(=O)c1nccs1,1
Cc1ccc(C(=O)NCCCCCC(=O)Nc2ccc(F)cc2N)cc1,1
CN(Cc1ccccc1)Cc1ccc(C(=O)C(F)(F)F)s1,1
Cc1ccc(C(=O)NCCCCCC(=O)Nc2ccc(F)cc2O)cc1,1
Nc1ccc(-c2ccccc2)cc1NC(=O)CCCCCCNC(=O)c1cccnc1,0
Nc1ccccc1NC(=O)CCCCCNC(=O)c1cccs1,1
Nc1ccccc1NC(=O)CCCCCNC(=O)c1ccsc1,1
COc1ccc2[nH]c(C(=O)NCCCCCC(=O)Nc3ccccc3N)cc2c1,1
Nc1ccccc1NC(=O)CCCCCNC(=O)c1cnnc2ccccc12,1
Nc1ccccc1NC(=O)CCCCCNC(=O)c1cnc2ccccc2n1,1
Nc1ccccc1NC(=O)CCCCCNC(=O)C1CCN(c2ccncc2)CC1,1
Nc1ccccc1NC(=O)CCCCNC(=O)C1=NN=C(c2ccccc2)C1,1
CCCc1ccc(C(=O)NCCCCCC(=O)Nc2ccccc2N)cc1,1
CN(C)c1ccccc1C(=O)NCCCCCC(=O)Nc1ccccc1N,1
COc1cccc2[nH]c(C(=O)NCCCCCC(=O)Nc3ccccc3N)cc12,1
Nc1ccccc1NC(=O)CCCCCNC(=O)c1cc2c(Cl)cccc2[nH]1,1
Nc1ccccc1NC(=O)CCCCCNC(=O)c1cc2cc(F)ccc2[nH]1,1
COc1ccc2c(c1)cc(C(=O)NCCCCCC(=O)Nc1ccccc1N)n2C,1
Cn1c(C(=O)NCCCCCC(=O)Nc2ccccc2N)cc2cc(Cl)ccc21,1
CN(C)c1cccc(C(=O)NCCCCCC(=O)Nc2ccccc2N)c1,1
CCNc1ccc(C(=O)NCCCCCC(=O)Nc2ccccc2N)cc1,1
CC(C)(C)OC(=O)CC[C@@H]1N=C(c2ccccc2)c2ccccc2NC1=O,0
O=C(O)CCCCN1C(=O)[C@H](Cc2ccccc2)N=C(c2ccccc2)c2ccccc21,0
COC(=O)CCCCN1C(=O)[C@H](CC(C)C)N=C(c2ccccc2)c2ccccc21,0
CC(C)c1cc(C(=O)N2CCc3cc(NC(=O)CCCC(=O)NO)ccc32)c(O)cc1O,1
O=C(NO)c1cnc(NC2(c3ccc(F)cc3)CC2)nc1,1
Cc1cc(O)nc(SCC(=O)c2ccccc2)n1,0
Nc1cc(F)ccc1NC(=O)c1cnc2c(ccn2CCN2CCOCC2)c1,1
O=C(NO)c1cnc(NC2(c3cccc(OC(F)(F)F)c3)CC2)nc1,1
CC(=O)Nc1ccc(C(O)CSc2nc(C)cc(O)n2)cc1,0
Cc1cc(O)nc(SCC(=O)NCCCCc2ccccc2)n1,0
O=C(CCCCC[C@H](NC(=O)[C@@H]1CCC(=O)N1)C(=O)Nc1ccccc1)NO,1
CC(C)[C@H](NC(=O)c1csc(-c2cscn2)n1)C(=O)NCCCC(=O)NO,1
Cc1nc(-c2nc(C(=O)NCCCCC(=O)NO)cs2)cs1,1
Cc1nc(-c2nc(C(=O)N[C@H](C(=O)NCCCC(=O)NO)C(C)C)cs2)cs1,1
Nc1ccc(-c2ccccc2)cc1NC(=O)c1ccc2c(cnn2CCN2CCOCC2)c1,1
O=C(CCCCNC(=O)c1csc(-c2nccs2)n1)NO,1
CC(C)Cc1sc(-c2nccs2)nc1C(=O)NCCCCCCC(=O)NO,1
O=C(CCCCNC(=O)c1nc(-c2nccs2)sc1-c1ccccc1)NO,1
O=C(CCCCNC(=O)c1nc(-c2nccs2)sc1-c1cccc([N+](=O)[O-])c1)NO,1
O=C(CCCCCCNC(=O)c1nc(-c2nc3c(s2)CCCC3)sc1C1CC1)NO,1
CC(C)Cc1sc(-c2nccs2)nc1C(=O)Nc1cccc(/C=C/C(=O)NO)c1,1
CC(C)[C@H](NC(=O)c1csc(-c2cscn2)n1)C(=O)NCCC(=O)NO,1
CCCCCCCC(=O)SCC/C=C/COC(=O)[C@@H](NC(=O)c1csc(-c2cscn2)n1)C(C)C,1
Nc1ccc(-c2ccccc2)nc1NC(=O)c1cnc2cc(N3CCNCC3)ccc2c1,1
Nc1ccc(-c2ccccc2)cc1NC(=O)c1cnc2c(C3CC3)c(N3CCNCC3)ccc2c1,1
Nc1ccccc1NC(=O)CCCCCNC(=O)c1c[nH]c2c(Cl)cccc12,1
CN1CCN(c2ccccc2C(=O)NCCCCCC(=O)Nc2ccccc2N)CC1,1
COc1ccc2c(C(=O)NCCCCCC(=O)Nc3ccccc3N)c[nH]c2c1,1
Cn1nc(C(=O)NCCCCCC(=O)Nc2ccccc2N)c2ccccc21,1
Nc1ccccc1NC(=O)CCCCCNC(=O)c1ccccc1Br,1
O=C(CC[C@H]1N=C(c2ccccc2)c2ccccc2NC1=O)NO,0
COC(=O)CCCCN1C(=O)[C@H](Cc2cncn2C(c2ccccc2)(c2ccccc2)c2ccccc2)N=C(c2ccccc2)c2ccccc21,0
O=C(O)CCCCN1C(=O)[C@H](CCC(=O)O)N=C(c2ccccc2)c2ccccc21,0
O=C(O)CCCCN1C(=O)[C@H](CC(=O)O)N=C(c2ccccc2)c2ccccc21,0
CC(=O)Nc1ccc(C(=O)CSc2nc(C)cc(C)n2)cc1,0
CC(=O)N(C)c1ccc(C(=O)CSc2nc(C)cc(O)n2)cc1,0
CCCCCCc1nc2cc(/C=C/C(=O)NO)ccc2n1CCN(C)C,1
Cc1cc(C(F)(F)F)cc(C2(Nc3ncc(C(=O)NO)cn3)CC2)c1,1
O=C(/C=C/C#Cc1ccc(NS(=O)(=O)c2ccccc2)cc1)NO,1
O=C(NO)c1cnc(NCc2ccc(Cl)cc2)nc1,1
O=C(NO)c1cnc(Nc2cc(C(F)(F)F)cc(C(F)(F)F)c2)nc1,1
Cc1ccccc1-c1ccc(/C=N/NC(=O)CCCCCC(=O)NO)cc1,1
O=C(CCCCCC(=O)N/N=C/c1ccc(-c2ccccn2)cc1)NO,1
O=C(NO)c1ccc(Cn2ccc3cc(C(=O)c4ccc(Cl)cc4)ccc32)cc1,1
Cc1c2ccc(N(C)c3ccnc(Nc4ccc(C(=O)Nc5ccccc5N)cc4)n3)cc2nn1C,1
COc1cc(Nc2ncc(C(=O)NO)cn2)cc(OC)c1,1
CC(C)c1sc(-c2nccs2)nc1C(=O)NCCCCC(=O)NO,1
O=C(NO)c1cnc(NC2(c3ccc(C(F)(F)F)c(F)c3)CC2)nc1,1
O=C(NO)c1cnc(NC2(c3ccc(F)cc3Cl)CC2)nc1,1
CC(C)Cc1sc(-c2nccs2)nc1C(=O)NCCCCCCS,0
CCOc1ccccc1C(=O)NCCCCCC(=O)Nc1ccccc1N,1
O=C1CN=C(c2ccccc2)c2ccccc2N1,0
Nc1ccc(-n2cc(-c3cccc(NC(=O)CCCCCCC(=O)NO)c3)nn2)cc1,1
O=C(NO)c1cnc(NC2(c3cccc(F)c3)CCCC2)nc1,1
COC(=O)CCCCN1C(=O)[C@H](CC(=O)OC(C)(C)C)N=C(c2ccccc2)c2ccccc21,0
Cc1ccc(C(=O)NCCCCCC(=O)Nc2ccccc2N)cc1,1
Cc1nc2ccccc2n1Cc1ccc(C(=O)NO)cc1F,0
O=C1CCC[C@@H](C(=O)N[C@@H](CCCCCS)C(=O)N2CCc3ccccc3C2)N1,1
Cc1cc(O)nc(SCC(=O)NCCCCCCc2ccccc2)n1,0
O=C(NO)c1cnc(Nc2c(F)c(F)cc(F)c2F)nc1,1
CCCCN(Cc1ccc(C(=O)NO)cc1)C(=O)Nc1ccccc1,1
Nc1ccccc1NC(=O)CCCCC(=O)Nc1ccc2c(c1)/C(=C/c1ccc[nH]1)C(=O)N2,1
O=C(NCCCCCCS)c1cc(-c2cccnc2)n[nH]1,1
O=C(CCCCCCCS)Nc1ccccc1,1
O=C1CC[C@H](C(=O)N[C@@H](CCCCCS)C(=O)Nc2cccc(C(F)(F)F)c2)N1,1
O=C1C[C@@H](C(=O)N[C@@H](CCCCCS)C(=O)Nc2ccccc2)N1,1
Cc1cccc(CCNC(=O)CCCCCCS)c1,1
Cc1ccc(C(=O)NCCCCCC(=O)Nc2cc(-n3cccn3)c(F)cc2N)cc1,0
Nc1ccccc1NC(=O)CCCCCNC(=O)CCC(=O)c1cccs1,1
Nc1ccccc1NC(=O)CCCCNC(=O)c1ccc2ncsc2c1,1
Nc1ccccc1NC(=O)CCCCNC(=O)c1ccno1,0
Nc1ccccc1NC(=O)CCCCCNC(=O)c1ccccc1OC(F)F,1
O=C(NO)c1cnc(NCc2ccc(F)cc2C(F)(F)F)nc1,1
Cc1onc(-c2ccccc2)c1C(=O)NCCCCCNC(=O)CS,0
CCN(CC)c1ccc(Nc2ncnc3sc(NC(=O)CCCCCCC(=O)NO)cc23)cc1,1
CNC(=O)/C(CCCCCCC(=O)Nc1ccc(N(C)C)cc1)=N\O,0
CNC(=O)/C(CCCCCCC(=O)Nc1cccc(Br)c1)=N\O,0
CNC(=O)/C(CCCCCCC(=O)Nc1cccc(-c2cncc3cc(Cl)ccc23)c1)=N\O,0
O=C(CCCCC(=O)Nc1cc2c(Nc3ccc(Cl)c(C(F)(F)F)c3)ncnc2s1)NO,1
O=C(CCCCCCc1nc2ccc(Br)cc2[nH]1)NO,1
O=C(CCC(CCCC(=O)Nc1ccccc1)Cc1ccccc1)NO,0
O=C(NO)c1cccc(C(=O)NCCc2ccccc2)c1,0
Cc1nc(-c2nc(C(=O)N[C@H](C(=O)NCCC(=O)NO)C(C)C)cs2)cs1,1
CC(C)[C@@H]1NC(=O)c2csc(n2)-c2csc(n2)CNC(=O)C[C@@H](/C=C/CCS)OC1=O,1
Cc1sc(-c2nccs2)nc1C(=O)NCCCCC(=O)NO,1
O=C(CCCCNC(=O)c1nc(-c2nccs2)sc1-c1ccc(F)cc1Cl)NO,1
O=C(CCCCCCC(=O)Nc1ccc(-c2cnnn2CC(O)c2cccc(Br)c2)cc1)NO,1
C[C@@H](OCc1ccccc1)[C@@H]1N=C(c2ccccc2)c2ccccc2N(CCCCC(=O)NO)C1=O,1
C[C@@H](O)[C@@H]1N=C(c2ccccc2)c2ccccc2N(CCCCC(=O)NO)C1=O,1
O=C1Nc2ccccc2C(c2ccccc2)=N[C@H]1Cc1ccccc1,0
O=C(O)C[C@@H]1N=C(c2ccccc2)c2ccccc2N(CCCCC(=O)NO)C1=O,0
CSCC[C@@H]1N=C(c2ccccc2)c2ccccc2N(CCCCC(=O)NO)C1=O,1
C[C@@H]1N=C(c2ccccc2)c2ccccc2N(CCCCC(=O)NO)C1=O,1
O=C(CC[C@@H]1N=C(c2ccccc2)c2ccccc2NC1=O)NC(c1ccccc1)(c1ccccc1)c1ccccc1,0
CC(C)(C)OC(=O)ON(C(=O)CCCCCCC(=O)N(OC(=O)OC(C)(C)C)C(=O)OC(C)(C)C)C(=O)OC(C)(C)C,0
N=C/C=N/c1ccc(C(=O)Nc2cc(-c3cccs3)ccc2N)cc1,0
CCCCS(=O)(=O)NCCCC[C@@H](C)[C@H]1CC[C@H]2/C(=C/C=C3C[C@@H](O)C[C@H](O)C3)CCC[C@@]21C,0
CC1(C)C(=O)N(c2ccc(C#N)c(C(F)(F)F)c2)C(=S)N1c1ccc(C(=O)NCCCCCCn2cccc(O)c2=S)c(F)c1,0
O=C(CCCCCCS)Nc1ccccc1,1
O=C(NO)c1cnc(NCc2ccccc2OC(F)(F)F)nc1,1
COc1ccc2c(c1)c(CC(=O)NCCCCCC(=O)NO)c(C)n2C(=O)c1ccc(Cl)cc1,1
O=C(NO)c1ccc(Cn2[se]c3ccccc3c2=O)cc1,1
NC(=O)c1ccccc1Nc1cccc(OCCc2ccccc2)c1,0
C[C@@H]1N=C(c2ccccc2)c2ccccc2NC1=O,0
COc1ccc2c(C(=O)c3cc(OC)c(OC)c(OC)c3)cn(Cc3ccc(C(=O)NO)cc3)c2c1,1
O=C(CCCCCC1OCCCCCOc2ccccc2NC1=O)NO,1
CC1=C(C)C(=O)C(CONC(=O)CCCCCCC(=O)Nc2ccccc2)=C(C)C1=O,1
Nc1ncnc2c1c(-c1ccc(Cl)cc1)nn2-c1cccc(-c2cnnn2CCCCCC(=O)NO)c1,1
CC(C)Cc1sc(-c2nccs2)nc1C(=O)NCCCCCNC(=O)CS,1
CC(C)Cc1sc(-c2nccs2)nc1C(=O)NCCCCC(=O)Nc1ccccc1N,1
COc1ccc(C(=O)N[C@@H](Cc2c[nH]c3ccccc23)C(=O)Nc2ccc(C(=O)Nc3ccccc3N)cc2)cc1,1
O=C(C[C@@H]1N=C(c2ccccc2)c2ccccc2NC1=O)NC(c1ccccc1)(c1ccccc1)c1ccccc1,0
CC(C)(C)OC[C@@H]1N=C(c2ccccc2)c2ccccc2N(CCCCC(=O)NO)C1=O,1
O=C(CCCCN1C(=O)[C@H](Cc2ccccc2)N=C(c2ccccc2)c2ccccc21)NO,1
CC(C)C[C@@H]1N=C(c2ccccc2)c2ccccc2N(CCCCC(=O)NO)C1=O,1
O=C(CCCCN1C(=O)CN=C(c2ccccc2)c2ccccc21)NO,1
CCN(CC)Cc1ccc2cc(COC(=O)Nc3ccc(C(=O)NO)cc3)ccc2c1,1
CC(C)(C)OC(=O)C[C@@H]1N=C(c2ccccc2)c2ccccc2NC1=O,0
CCCC(=O)O,1
O=C(O)CCCc1ccccc1,0
O=C(CCC1=CCN(CCCc2ccc3ccccc3c2)C1=O)NO,0
CCCCCCc1nc2cc(/C=C/C(=O)NO)ccc2n1CCNC(C)C,1
O=C(NO)c1cnc(N2C[C@H]3[C@H](NCc4ccc5cc(F)ccc5n4)[C@H]3C2)nc1,1
O=C(NO)c1cnc(N2C[C@H]3[C@H](NCc4ccc(Cl)cc4)[C@H]3C2)nc1,1
CC(C)(C)OC(=O)NCCCC[C@@H]1N=C(c2ccccc2)c2ccccc2NC1=O,0
Cc1cccc(NC(=O)[C@H](CCCCCC(=O)NO)NC(=O)[C@H]2CCC(=O)N2)c1,1
O=C(CCCCN1C(=O)[C@@H](CS)N=C(c2ccccc2)c2ccccc21)NO,1
N=C(N)NCCC[C@@H]1N=C(c2ccccc2)c2ccccc2N(CCCCC(=O)NO)C1=O,1
O=C(CCCCN1C(=O)[C@H](Cc2cnc[nH]2)N=C(c2ccccc2)c2ccccc21)NO,1
CC(C)[C@@H]1N=C(c2ccccc2)c2ccccc2NC1=O,0
Nc1ccccc1NC(=O)c1ccc(-c2cn(CCc3cccc([N+](=O)[O-])c3)nn2)s1,1
O=C(NCC1(c2nc(-c3ccccc3)cs2)CCOCC1)c1cccc(-c2noc(C(F)(F)F)n2)c1,0
O=C(CCCCCCN(c1ccccn1)c1ccc2ccccc2n1)NO,1
Cc1cc(C2(Nc3ncc(C(=O)NO)cn3)CC2)ccc1F,1
Nc1sc(-c2ccccc2)cc1NC(=O)c1cnc2cc(N3CCNCC3)ccc2c1,1
CC(C)(C)OC(=O)n1c(C[C@@H]2N=C(c3ccccc3)c3ccccc3N(CCCCC(=O)O)C2=O)cc2ccccc21,0
O=C(CCCCC[C@H](NC(=O)[C@H]1CCC(=O)N1)C(=O)Nc1cccc(C(F)(F)F)c1)NO,1
COc1ccc(N(C)c2nc(C)nc3ccccc23)cc1OCCCC(=O)NO,1
O=C(CCCCCC(=O)Nc1cc2c(Nc3ccc(Cl)c(C(F)(F)F)c3)ncnc2s1)NO,1
CCCCCCCC(=O)SCC/C=C/COC(=O)[C@@H](NC(=O)c1csc(-c2csc(C)n2)n1)C(C)C,1
O=C(CCCCCCC(=O)Nc1cccc(-n2cc(C3CCCCC3)nn2)c1)NO,1
O=C(CCN1C(=O)C2(OCCCO2)c2cc(Br)ccc21)Nc1ccc(C(=O)NO)cc1,1
O=C(NO)c1cnc(NC(c2ccc(F)cc2)c2ccc(F)cc2)nc1,1
COc1ccc(Cn2ccc3ccc(C(=O)NO)cc32)cc1,0
O=C(CCCCCCCNC(=O)c1nc(-c2nccs2)sc1C1CC1)NO,1
O=C(CCCCNC(=O)c1nc(-c2nccs2)sc1-c1ccc(F)cc1)NO,1
O=C(NO)c1ccc(CNC(=O)c2[nH]c(-c3ccccc3)cc2-c2ccc(F)c(F)c2)cc1,1
O=C(CCCCCC(=O)N/N=C/c1ccc(-c2cncnc2)cc1)NO,1
CSCC[C@@H]1N=C(c2ccccc2)c2ccccc2NC1=O,0
COc1ccc(C(=O)N[C@@H](Cc2c[nH]c3ccccc23)C(=O)NCCCCCC(=O)Nc2ccccc2N)cc1,1
N[C@H](Cc1ccc(Cl)cc1Cl)C(=O)N1Cc2ccccc2C1,0
Nc1ccc(-c2ccncc2)cc1NC(=O)c1cnc2c(c1)cc(C1CC1)n2CCN1CCOCC1,1
Nc1ccccc1NC(=O)CCCCC[C@H](NC(=O)CNC(=O)[C@@H](N)Cc1ccccc1)C(=O)NCC(=O)O,0
Nc1ccccc1NC(=O)CCCCC[C@@H]1NC(=O)[C@@H]2CCCN2C(=O)[C@H](Cc2ccccc2)NC(=O)[C@H](Cc2ccccc2)NC1=O,1
CC(=O)NCCCCC[C@@H]1NC(=O)C[C@H](CC(C)C)NC(=O)[C@H](Cc2cccc3ccccc23)NC(=O)[C@H](CCCCCC(=O)O)NC1=O,1
C/C=C1\NC(=O)c2csc(n2)CNC(=O)C[C@@H](/C=C/CCSC(C)=O)OC(=O)[C@H](C(C)C)NC1=O,1
COc1ccc(COC(CCCCCC(=O)NO)C(=O)Nc2ccccc2)cc1,1
O=C(CCCCCC1OCCCCCCOc2ccccc2NC1=O)NO,1
Cc1ccc(C(=O)NCCCCCCC(=O)Nc2ccccc2N)cc1,1
Cc1ccc(C(=O)NCCOCCC(=O)Nc2ccccc2N)cc1,1
COc1ccc(C(=O)NCCCCC(=O)Nc2ccccc2N)c(OC)n1,1
O=C(NO)c1cnc(NC2(c3ccccc3)CCOCC2)nc1,1
CC1(C)C(=O)N(c2ccc(C#N)c(C(F)(F)F)c2)C(=S)N1c1ccc(C(=O)NCCCCCCNS(N)(=O)=O)c(F)c1,0
O=C(NCC1CCCCC1)c1cnc(C(=O)C(F)(F)F)s1,1
O=C(c1ccc(C(=O)C(F)(F)F)s1)N1CCc2ccccc21,1
O=C(NCC1CCCCC1)c1ccc(C(=O)C(F)(F)F)s1,1
CCC(=O)CCCCC[C@@H]1NC(=O)[C@H](C)NC(=O)C[C@H](CC(C)C)NC(=O)[C@H](Cc2cccc3ccccc23)NC1=O,1
CC1(C)c2cccc(C(=O)NO)c2CN1c1cnc(C(F)(F)F)cn1,0
O=C(NO)c1cnc(NCc2cccs2)nc1,1
O=C(CCCCCCC(=O)Nc1cc2c(Nc3ccc(N4CCCCC4)c(F)c3)ncnc2s1)NO,1
O=C(NO)c1ccc(CN2c3ccccc3S(=O)(=O)C[C@H]3CCCC[C@H]32)cc1,0
CN(C)Cc1c(C(=O)NCCOc2ccc(C(=O)NO)cc2)oc2ccccc12,1
COC(=O)CCCCN1C(=O)[C@H](CCCCNC(=O)OC(C)(C)C)N=C(c2ccccc2)c2ccccc21,0
C[C@H](CCCC(=O)NO)[C@H]1CC[C@H]2/C(=C/C=C3C[C@@H](O)C[C@H](O)C3)CCC[C@@]21C,1
CCN(CC)c1ccc(Nc2ncnc3sc(NC(=O)CCCCCCC(=O)NO)cc23)cc1F,1
O=C(CCCNC(=O)C[C@@H]1N=C(c2ccccc2)c2ccccc2NC1=O)NO,1
C[C@@]12CSC(=N1)c1csc(n1)CNC(=O)C[C@@H](/C=C/CCS)OC(=O)[C@H](Cc1ccccc1)NC2=O,1
CCCCc1nc2cc(/C=C/C(=O)NO)ccc2n1CCN(CC)CC,1
O=C(NO)c1ccc(CNc2nccc(-c3cccnc3)n2)cc1,1
O=C(CCCCCCC(=O)Nc1ccccc1)NOCc1ccccc1,0
Cc1c(O)c(O)c2c(c1C=O)[C@@H]1O[C@H](O2)c2c(C)c(O)c(O)c(O)c2C1=O,0
CN1C(=O)CCC[C@H]1C(=O)N[C@@H](CCCCCS)C(=O)Nc1ccccc1,1
O=C(Nc1ccccc1)[C@H](CCCCCS)NC(=O)[C@@H]1CCCNC1=O,1
O=C(CCCCN1C(=O)[C@H](CCC(=O)NC(c2ccccc2)(c2ccccc2)c2ccccc2)N=C(c2ccccc2)c2ccccc21)NO,1
Cc1cnc(C(=O)NCCCCCC(=O)Nc2ccccc2N)s1,1
CS(=O)(=O)c1ccc([S+]([O-])NCCCCCC(=O)Nc2ccccc2N)cc1,1
Nc1ccccc1NC(=O)CCCCCNC(=O)c1ccncc1,1
Nc1ccccc1NC(=O)CCCCCNC(=O)c1csc(-c2ccncc2)n1,1
Cc1cnc(C(=O)NCCCCC(=O)Nc2ccccc2N)s1,1
CS(=O)(=O)c1ccc(C(=O)NCCCCC(=O)Nc2ccccc2N)cc1,0
CC[C@H](C)[C@@H]1N=C(c2ccccc2)c2ccccc2N(CCCCC(=O)O)C1=O,0
C[C@H](OCc1ccccc1)[C@@H]1N=C(c2ccccc2)c2ccccc2N(CCCCC(=O)O)C1=O,0
C[C@@]12CSC(=N1)c1csc(n1)CNC(=O)C[C@@H](/C=C/CCS)OC(=O)[C@H](Cc1c[nH]cn1)NC2=O,1
CCC(=O)CCCCC[C@@H]1NC(=O)[C@@H]2CCCN2C(=O)C[C@H](CC(C)C)NC(=O)[C@H](Cc2c[nH]c3ccccc23)NC1=O,1
CC(C)C[C@H]1CC(=O)N[C@@H](C)C(=O)N[C@@H](CCCCCC(=O)C(F)(F)F)C(=O)N[C@@H](Cc2c[nH]c3ccccc23)C(=O)N1,1
CC(C)(C)SC[C@H]1N=C(c2ccccc2)c2ccccc2NC1=O,0
CC(C)(C)Oc1ccc(C[C@@H]2N=C(c3ccccc3)c3ccccc3NC2=O)cc1,0
CC(C)(C)OC(=O)n1cc(C[C@@H]2N=C(c3ccccc3)c3ccccc3NC2=O)c2ccccc21,0
Cn1cc(-c2ccc(S(=O)(=O)n3ccc(/C=C/C(=O)Nc4ccccc4N)c3)cc2)cn1,1
COc1ccc(C(=O)N[C@@H](Cc2c[nH]c3ccccc23)C(=O)Nc2ccc(C(=O)Nc3cc(-c4cccs4)ccc3N)cc2)cc1,0
Cc1ccc(Nc2ncnc3sc(NC(=O)CCCCCCC(=O)NO)cc23)cc1,1
COc1ccc(C(=O)N[C@@H](Cc2c[nH]c3ccccc23)C(=O)NCCCCCC(=O)Nc2cc(-c3cccs3)ccc2N)cc1,1
COc1ccc(C(=O)N[C@@H](Cc2c[nH]c3ccccc23)C(=O)NCc2ccc(C(=O)Nc3cc(-c4ccccc4)ccc3N)cc2)cc1,0
Nc1ccccc1NC(=O)c1cc2ccc(N3CCNCC3)c(C3CC3)c2cn1,1
Nc1ccccc1NC(=O)CCCCCNC(=O)c1ccc(S(N)(=O)=O)cc1,1
O=C(CCCCCCC(=O)Nc1cc2c(Nc3ccc(N4CCCC4)cc3)ncnc2s1)NO,1
O=C(CCCCCC(=O)Nc1cc2c(Nc3ccc(F)c(Cl)c3)ncnc2s1)NO,1
COC(=O)c1ccc(CO/N=C/c2ccc(/C=C/C(=O)NO)cc2)cc1,1
Nc1ccc(F)cc1NC(=O)c1cnc2cc(N3CCNCC3)ccc2n1,1
O=C(NO)c1cnc(NC2(c3ccccc3F)CC2)nc1,1
Nc1cc(F)ccc1NC(=O)c1ccc2c(cnn2CCN2CCOCC2)c1,1
CCCCC(CCCC(=O)Nc1ccccc1)CCC(=O)NO,0
CCC(CCCC(=O)Nc1ccccc1)CCC(=O)NO,1
CCCCOc1ccc(CC(=O)NO)cc1,0
COc1ccc(C(=O)c2ccc3c(ccn3Cc3ccc(C(=O)NO)cc3)c2)cc1,1
CC(C)(Nc1ncc(C(=O)NO)cn1)c1ccccc1F,1
O=C(NO)c1cnc(NCc2ccccc2-c2ccccc2)nc1,1
CC(C)(Nc1ncc(C(=O)NO)cn1)c1ccc(F)cc1,1
O=C(NO)c1ccccc1,1
O=C(NO)c1cnc(Nc2ccc(Cl)c(Cl)c2)nc1,1
O=C(NO)c1cnc(NC2(c3ccccc3)CCCCC2)nc1,1
Cc1cc(O)nc(SCC(=O)C(C)(C)C)n1,0
CC(=O)Nc1ccc(C(=O)CSc2nccc(C)n2)cc1,0
Cc1cc(O)nc(SCC(=O)c2ccc(C(C)(C)C)cc2)n1,0
CN(CCCCCC(=O)Nc1ccc(F)cc1N)C(=O)c1ccc(F)cc1,1
COc1ccc(C(=O)NCCCCCC(=O)Nc2ccccc2N)cc1,1
Nc1ccccc1NC(=O)CCCCNC(=O)c1ccnc(N2CCCCC2)c1,1
Nc1ccccc1NC(=O)CCCCCNC(=O)c1cc2cc(OC(F)(F)F)ccc2[nH]1,1
CCc1ccccc1C(=O)NCCCCCC(=O)Nc1ccccc1N,1
CN1CCN(c2cccc(C(=O)NCCCCCC(=O)Nc3ccccc3N)c2)CC1,1
Cc1cccc(NC(=O)[C@H](CCCCCS)NC(=O)[C@@H]2CCCC(=O)N2)c1,1
CCC(=O)CCCSC[C@@H]1NC(=O)[C@H](C)NC(=O)C[C@H](CC(C)C)NC(=O)[C@H](Cc2c[nH]c3ccccc23)NC1=O,1
C[C@@H]1N=C(c2ccccc2)c2ccccc2N(CCCCC(=O)O)C1=O,0
O=C(CCCCCCN(c1ccccn1)c1ccccn1)NO,1
Nc1ccc(-c2ccccc2)cc1NC(=O)c1cnc2c(ccn2CCN2CCOCC2)c1,1
Nc1ccc(-c2ccccc2)cc1NC(=O)c1ccc2c(c1)cc(C1CC1)n2CCN1CCOCC1,1
CN1C(=O)CC(C)(C)c2cc(C(=O)NCCCCCCC(=O)NO)ccc21,1
O=C(CCCCCCC(=O)Nc1cccc(-c2cn(-c3cc(CO)cc(CO)c3)nn2)c1)NO,1
Nc1ccccc1NC(=O)CCCCCCC(=O)Nc1cccc(-n2cc(-c3ccccc3)nn2)c1,1
O=C(CCCCCCC(=O)Nc1cccc(-c2cn(-c3cc(F)cc(F)c3)nn2)c1)NO,1
COc1cc(-n2cc(-c3cccc(NC(=O)CCCCCCC(=O)NO)c3)nn2)ccc1F,1
COC(=O)CCCCN1C(=O)[C@H](CCC(=O)NC(c2ccccc2)(c2ccccc2)c2ccccc2)N=C(c2ccccc2)c2ccccc21,0
CSCC[C@@H]1N=C(c2ccccc2)c2ccccc2N(CCCCC(=O)O)C1=O,0
O=C(/C=C/c1ccc(/C=C(/CNC2CC2)c2ccc(F)cc2)cc1)NO,1
Cn1cc(CNCC2CCN(c3ncc(C(=O)NO)cn3)CC2)c2ccccc21,1
Nc1ccccc1NC(=O)CCCCCNS(=O)(=O)c1ccc(F)cc1,1
Nc1cc(F)ccc1NC(=O)CCCCCNC(=O)CN1CCOCC1,0
Nc1ccccc1NC(=O)CCCCCNC(=O)c1ccc(N2CCOCC2)cc1,1
Nc1ccccc1NC(=O)CCCCCNS(=O)(=O)c1ccccc1,1
Cc1ccc(C(=O)NCCCCCC(=O)Nc2ccc3c(c2N)OCO3)cc1,1
Nc1ccccc1NC(=O)CCCCCNC(=O)c1nccs1,1
Nc1ccccc1NC(=O)CCCCCNC(=O)c1ccc(-n2cccc2)cc1,1
CC(C)(O)c1ccc(C(=O)NCCCCCC(=O)Nc2ccccc2N)cc1,1
COc1ccc(C(=O)c2ccc3c(ccn3S(=O)(=O)c3cccc(/C=C/C(=O)NO)c3)c2)cc1OC,1
CC1(C)C(=O)N(c2ccc(C#N)c(C(F)(F)F)c2)C(=S)N1c1ccc(/C=C/C(=O)Nc2ccccc2N)c(F)c1,0
COC(=O)CCCCN1C(=O)[C@@H](CSC(C)(C)C)N=C(c2ccccc2)c2ccccc21,0
COC(=O)CCCCN1C(=O)[C@H](Cc2cc3ccccc3n2C(=O)OC(C)(C)C)N=C(c2ccccc2)c2ccccc21,0
COc1ccc(Cl)cc1C1(Nc2ncc(C(=O)NO)cn2)CC1,1
COc1ccc(C(=O)N[C@@H](Cc2c[nH]c3ccccc23)C(=O)Nc2ccc(C(=O)Nc3ccc(F)cc3N)cc2)cc1,1
CC1(C)C(=O)N(c2ccc(C#N)c(C(F)(F)F)c2)C(=S)N1c1ccc(C(=O)NCCCCCC(=O)NO)c(F)c1,1
COc1ccccc1C(=O)N[C@H](COc1cccc(/C=C/C(=O)NO)c1)Cc1c[nH]c2ccccc12,1
CC(C)[C@H]1NC(=O)C[C@@H](CCCCCC(=O)O)NC(=O)[C@@H](Cc2ccc(O)cc2)NC(=O)[C@@H](C)NC1=O,1
CNC(=O)/C(CCCCCCC(=O)Nc1cnc2ccccc2c1)=N\O,0
CNC(=O)/C(CCCCCCC(=O)Nc1ccc(-c2ccccc2)cc1)=N\O,0
CNC(=O)/C(CCCCC[C@@H](C(=O)Nc1ccccc1)N(Cc1ccccc1)Cc1ccccc1)=N\O,0
O=C(NO)[C@@H]1[C@H](c2ccccc2)[C@H]1c1cc(Cl)c2c(c1)OCCO2,1
Cc1cc(O)nc(SCC(=O)c2ccc(Cl)cc2)n1,0
Cc1cc(O)nc(SCC(=O)c2ccc3c(c2)NC(=O)C3)n1,0
COC(=O)CSc1nc(C)cc(O)n1,0
O=C(/C=C/c1ccc(-c2ccc(O)c(C34CC5CC(CC(C5)C3)C4)c2)cc1)NO,0
COc1ccc(-c2ccc(/C=C/C(=O)NO)cc2)cc1,0
COc1ccc(-c2ccc(/C=C/C=C/C(=O)NO)cc2)cc1C12CC3CC(CC(C3)C1)C2,0
CCc1sc(-c2nccs2)nc1C(=O)NCCCCC(=O)NO,1
CC1(C)CC(=O)Nc2ccc(C(=O)NC[C@H]3CC[C@H](CCC(=O)NO)CC3)cc21,1
COc1ccc(Br)c(/C=N/NC(=O)CCCCCC(=O)NO)c1,1
O=C(NO)c1cnc(NC2(c3ccc4c(c3)OCO4)CC2)nc1,1
O=C(NO)c1cnc(NCc2c(Cl)cccc2Cl)nc1,1
CC(C)[C@@H]1NC(=O)[C@]2(C)CSC(=N2)c2ccnc(c2)CNC(=O)C[C@@H](/C=C/CCS)NC1=O,1
CNC(=O)/C(CCCCCCC(=O)Nc1cccc(-c2ccc(Cl)nc2)c1)=N\O,1
O=C(CCCC(CCC(=O)Nc1ccccc1)Cc1ccccc1)NO,1
O=C(NO)c1cnc(NC2(c3ccccc3)CC2)nc1,1
O=C(NO)c1cnc(NC23CC4CC(CC(C4)C2)C3)nc1,1
CCCCN(O)C(=O)c1cccc(NC(=O)CCCCCS[C@@H]2Cc3cc(O)ccc3[C@H]3CC[C@]4(C)[C@@H](O)CC[C@H]4[C@@H]32)c1,1
COc1ccc(-c2ccc(/C=C/C=C/C(=O)NO)cc2)cc1,0
Cc1cccc(C(=O)NCCCCCC(=O)Nc2ccccc2N)c1,1
CCC(CC)(c1ccc(OCC(=O)NO)c(C)c1)c1ccc(OCC(C)(C)O)c(C)c1,0
CC1(C)c2cccc(C(N)=O)c2CN1c1cnc(C(F)(F)F)cn1,0
CCC(CC)(c1ccc(OCC(O)C(C)(C)C)c(C)c1)c1cc(C)c(CCC(=O)NO)s1,0
O=C(CCCCC1CC(C(=O)NO)=NO1)Nc1ccccc1,0
Nc1ccccc1NC(=O)c1ccc(NC(=O)CN2C(=O)C3(OCCO3)c3cc(Br)ccc32)cc1,1
Nc1ccccc1NC(=O)CCCCCNC(=O)c1cccc(-c2nnn[nH]2)c1,1
Cc1ccccc1C(=O)NCCCCCC(=O)Nc1ccccc1N,1
Cc1[nH]c2c(C(=O)NCCCCCC(=O)Nc3ccccc3N)cccc2c1C,1
O=C(NO)c1ccc(Cn2cc(-c3ccc(CN4CCCC4)cc3)nn2)cc1,1
O=C(CCCCCCC(=O)Nc1ccc(-c2ccccc2)cc1)NO,1
O=C(CCCCCCC(=O)Nc1cc2c(Nc3ccc(O[C@H]4CCOC4)c(Cl)c3)ncnc2s1)NO,1
CC(C)[C@@H]1NC(=O)[C@H]2CCCN2C(=O)[C@@H]2CCCN2C(=O)C[C@H](C(=O)NCCCC(=O)NO)NC1=O,0
O=C(NO)[C@@H]1[C@H](c2ccccc2)[C@H]1c1ccc2c(c1)CN(CC(F)(F)F)C2=O,0
O=C(NO)c1cnc(NC2(c3ccc(F)cc3F)CC2)nc1,1
COC(=O)CCCCN1C(=O)[C@H](Cc2ccc(OC(C)(C)C)cc2)N=C(c2ccccc2)c2ccccc21,0
CC(C)(C)SC[C@H]1N=C(c2ccccc2)c2ccccc2N(CCCCC(=O)O)C1=O,0
CC(C)(C)OC(=O)C[C@@H]1N=C(c2ccccc2)c2ccccc2N(CCCCC(=O)O)C1=O,0
O=C(CCCCNC(=O)c1nc(-c2nccs2)sc1-c1ccccc1Cl)NO,1
O=C(CCCCCCC(=O)Nc1cc2c(Nc3ccc(F)c(Cl)c3)ncnc2s1)NO,1
CC(C)[C@H]1NC(=O)C[C@@H](CCCCCC(=O)O)NC(=O)[C@@H](Cc2ccccc2)NC(=O)[C@@H](C)NC1=O,1
O=C(NO)c1cnc(NC2CCOCC2)nc1,1
O=C(NO)c1cnc(NC2(c3ccccc3Cl)CC2)nc1,1
NCCCC[C@@H]1N=C(c2ccccc2)c2ccccc2N(CCCCC(=O)NO)C1=O,1
CC(C)[C@H]1NC(=O)C[C@@H](C/C=C\CCC(=O)O)NC(=O)[C@@H](Cc2ccc(O)cc2)NC(=O)[C@@H](C)NC1=O,1
O=C(CCCCc1ccn(Cc2ccc(Nc3ccccc3)cc2)n1)NO,1
C[C@@]12CSC(=N1)c1csc(n1)CNC(=O)C[C@@H](/C=C/CCS)OC(=O)[C@H](Cc1ccc(O)cc1)NC2=O,1
CC(C)(C)OC(=O)NCCC[C@@H]1NC(=O)[C@]2(C)CSC(=N2)c2csc(n2)CNC(=O)C[C@@H](/C=C/CCS)OC1=O,1
CC(C)(C)OC(=O)n1cnc(C[C@@H]2NC(=O)[C@]3(C)CSC(=N3)c3csc(n3)CNC(=O)C[C@@H](/C=C/CCS)OC2=O)c1,1
O=C(NO)c1cnc(NC2(c3cccc(F)c3)CCCCC2)nc1,0
Cc1cc(F)cc(Nc2ncc(C(=O)NO)cn2)c1,1
O=C(NO)c1cnc(Nc2cc(F)cc(F)c2)nc1,1
CC1(C)C(=O)N(c2ccc(C#N)c(C(F)(F)F)c2)C(=S)N1c1ccc(Cn2ccc3cc(/C=C/C(=O)NO)ccc32)c(F)c1,0
COC(=O)CCCCCCCc1ccc(N2C(=S)N(c3ccc(C#N)c(C(F)(F)F)c3)C(=O)C2(C)C)cc1F,0
CC1(C)C(=O)N(c2ccc(C#N)c(C(F)(F)F)c2)C(=S)N1c1ccc(C(=O)NCCCCCCn2cccc(O)c2=O)c(F)c1,0
CC1(C)C(=O)N(c2ccc(C#N)c(C(F)(F)F)c2)C(=S)N1c1ccc(C(=O)NCCCCCCc2ccc(C(=O)C(F)(F)F)s2)c(F)c1,0
Cc1c(O)c(O)c(O)c(C=O)c1-c1cc2c(C=O)c(C)c(O)c(O)c2o1,1
COc1ccc(C(=O)N[C@@H](Cc2c[nH]c3ccccc23)C(=O)NCCCCCC(=O)Nc2cc(-c3ccccc3)ccc2N)cc1,1
O=C1CCC[C@@H](C(=O)N[C@@H](CCCCCS)C(=O)NC2CCCC2)N1,1
COC(=O)CCCCN1C(=O)[C@H](C)N=C(c2ccccc2)c2ccccc21,0
O=C(CCCCNC(=O)c1nc(-c2nccs2)sc1C1CCCCC1)NO,1
O=C(CCCNC(=O)CC[C@@H]1N=C(c2ccccc2)c2ccccc2NC1=O)NO,1
CC(C)(C)OC(=O)NCCCC[C@@H]1N=C(c2ccccc2)c2ccccc2N(CCCCC(=O)NO)C1=O,1
Nc1ccc(-c2cccs2)cc1NC(=O)c1cnc2c(C3CC3)c(N3CCNCC3)ccc2c1,1
Nc1ccc(-c2ccccc2)cc1NC(=O)c1ccc2c(c1)c(C1CC1)cn2CCN1CCOCC1,1
Nc1ccccc1NC(=O)CCCCCNC(=O)c1ccnnc1,1
Nc1ccccc1NC(=O)c1ccc2nc(N3CCNCC3)ccc2c1,1
Nc1ccc(-c2cccs2)cc1NC(=O)c1cnc2c(c1)cc(C1CC1)n2CCN1CCOCC1,1
O=C(NO)c1ccc(NCc2csc3ccc(Br)cc23)cc1,0
O=C(NO)c1cnc(NCCc2cccc(Cl)c2)nc1,1
COc1ccc(-c2cc(-c3ccccc3)[nH]c2C(=O)NCc2ccc(C(=O)Nc3ccccc3S)cc2)cc1,1
Nc1ccc(F)cc1NC(=O)c1cnc2cc(N3CCNCC3)ccc2c1,1
Cn1c(CCCC(=O)O)nc2cc(N(CCCl)CCCl)ccc21,1
O=C(NO)c1cnc(NC2(c3cccc(Cl)c3)CCCC2)nc1,1
O=C(O)C[C@H]1N=C(c2ccccc2)c2ccccc2NC1=O,0
CC[C@H](C)[C@@H]1N=C(c2ccccc2)c2ccccc2N(CCCCC(=O)OC)C1=O,0
COC(=O)CCCCN1C(=O)[C@H](CCSC)N=C(c2ccccc2)c2ccccc21,0
COC(=O)CCCCN1C(=O)[C@H](CCCNC(=N)NS(=O)(=O)c2c(C)c(C)c3c(c2C)CC(C)(C)O3)N=C(c2ccccc2)c2ccccc21,0
CC(C)(C)Oc1ccc(C[C@@H]2N=C(c3ccccc3)c3ccccc3N(CCCCC(=O)O)C2=O)cc1,0
O=C(CCCCCC(=O)Nc1cc2c(Nc3ccccc3)ncnc2s1)NO,1
O=C(NO)c1cnc(NC2c3ccccc3-c3ccccc32)nc1,1
Nc1cc(F)ccc1NC(=O)CCCCCNC(=O)c1ccccn1,1
Nc1ccccc1NC(=O)CCCCCNC(=O)c1ccc2c(c1)OCCO2,1
Cc1nc(-c2cccnc2)sc1C(=O)NCCCCCC(=O)Nc1ccccc1N,1
Nc1ccccc1NC(=O)CCCCNC(=O)c1csc(-c2ccncc2)n1,1
COc1cccc2c(C(=O)NCCCCCC(=O)Nc3ccccc3N)c[nH]c12,1
O=C(CCCCCCC(=O)Nc1ccccc1CN1CC[C@H](O)C1)NO,1
C[C@@]12CSC(=N1)c1csc(n1)CNC(=O)C[C@@H](/C=C/CCS)OC(=O)[C@H](CC(=O)O)NC2=O,1
CC(C)[C@H]1NC(=O)C[C@@H](C/C=C\CCC(=O)O)NC(=O)[C@@H](Cc2c[nH]c3ccccc23)NC(=O)[C@@H](C)NC1=O,1
O=C(CCCCNC(=O)c1nc(-c2nc3c(s2)CCCC3)sc1C1CC1)NO,1
O=C(NO)c1ccc(CNC(=O)c2nc(-c3nccs3)sc2C2CC2)cc1,1
CC(C)Cc1sc(-c2nccs2)nc1C(=O)Nc1ccc(C(=O)NO)cc1,1
CC(C)/C=C/c1sc(-c2nccs2)nc1C(=O)NCCCNC(=O)CS,1
CC(C)[C@@H]1NC(=O)[C@]2(C)CSC(=N2)c2csc(n2)CNC(=O)C[C@@H](/C=C/CCS)NC1=O,1
O=C(CCCCc1ccn(Cc2cccc(-c3ccccc3)c2)n1)NO,1
Cc1ccc(-c2cc(C(=O)NCCCCCCC(=O)NO)nn2-c2ccc(S(N)(=O)=O)cc2)cc1,1
Cc1cc(Cl)ccc1CNc1ncc(C(=O)NO)cn1,1
O=C(CCCCN1C(=O)[C@H](Cc2cncn2C(c2ccccc2)(c2ccccc2)c2ccccc2)N=C(c2ccccc2)c2ccccc21)NO,1
CC(C)C[C@@H]1N=C(c2ccccc2)c2ccccc2N(CCCCC(=O)O)C1=O,0
O=C(NO)c1cnc(NCCc2c(Cl)cccc2Cl)nc1,1
O=C(NO)c1cnc(NCc2ccccc2C(F)(F)F)nc1,1
CC1(C)C(=O)N(c2ccc(C#N)c(C(F)(F)F)c2)C(=S)N1c1ccc(C(=O)NCCOCCC(=O)NO)c(F)c1,0
Nc1ccccc1NC(=O)c1ccc(NC(=O)CCN2C(=O)C3(OCCCO3)c3cc(Cl)ccc32)cc1,1
Cc1ccc(-c2cc(C(F)(F)F)nn2-c2ccc(S(=O)(=O)NCCCCCC(=O)NO)cc2)cc1,1
Cc1ccc(-c2cc(C(=O)NCCCCCCC(=O)NO)nn2-c2ccc(S(C)(=O)=O)cc2)cc1,1
O=C(CCCCc1ccn(Cc2ccc(-n3ccc4ccccc43)cc2)n1)NO,1
CN1CCN(CCn2ncc3cc(C(=O)Nc4cc(-c5ccccc5)ccc4N)ccc32)CC1,1
Nc1ccc(-c2cccs2)cc1NC(=O)c1ccc2nc(N3CCNCC3)ccc2c1,1
COc1ccc(C2(Nc3ncc(C(=O)NO)cn3)CC2)cc1OC,1
O=C(NO)c1cnc(NC2(c3cccc(C(F)(F)F)c3)CC2)nc1,1
O=C(NO)c1cnc(NCCc2ccc(Cl)cc2)nc1,1
O=C(NO)c1cnc(NCc2ccccn2)nc1,1
COc1ccc(C2(Nc3ncc(C(=O)NO)cn3)CCCC2)cc1,1
CC1(C)NC(=O)C[C@H](Cc2c[nH]c3ccccc23)NC(=O)[C@H](Cc2cccc3ccccc23)NC(=O)[C@H](CCCCCC(=O)O)NC1=O,1
COc1ccc(C(=O)N[C@H](COc2ccc(C(=O)Nc3ccccc3N)cc2)Cc2c[nH]c3ccccc23)cc1,1
O=C(NO)c1ccc(CNC(=O)c2[nH]c(-c3cccnc3)cc2-c2ccc(F)cc2)cc1,1
O=C(NO)c1cnc(Nc2cc(Cl)cc(OC(F)(F)F)c2)nc1,1
O=C(NO)c1cnc(NC2(c3cc(Cl)cc(Cl)c3)CC2)nc1,1
O=C(NO)c1ccc(CC(=O)N(CCO)c2ccccc2)cc1,1
Nc1ccccc1NC(=O)CCCCCNC(=O)c1ccc(Cl)c(Cl)c1,1
CC(C)(C)OC[C@@H]1N=C(c2ccccc2)c2ccccc2N(CCCCC(=O)O)C1=O,0
O=C(O)CCCCN1C(=O)[C@H](Cc2cncn2C(c2ccccc2)(c2ccccc2)c2ccccc2)N=C(c2ccccc2)c2ccccc21,0
O=C(NO)c1cnc(NC2(c3cc(F)cc(F)c3)CCCCC2)nc1,1
CCCCC(CCCC(=O)NO)CCC(=O)Nc1ccccc1,1
COc1cccc(-c2nc(NCc3ccc(C(=O)NO)cc3)cc3c2[nH]c2ccccc23)c1,1
Cc1ccc(-c2nc(NCc3ccc(C(=O)NO)cc3)cc3c2[nH]c2ccccc23)cc1,1
O=C(CCCCCCNC(=O)c1ccc2c(c1)CCC(=O)N2)NO,1
CC1(C)CC(=O)Nc2ccc(C(=O)NCc3cccc(/C=C/C(=O)NO)c3)cc21,1
COc1ccc(C(=O)N[C@@H](Cc2c[nH]c3ccccc23)C(=O)NCc2ccc(C(=O)Nc3ccc(F)cc3N)cc2)cc1,1
COc1ccc(C(=O)N[C@@H](Cc2c[nH]c3ccccc23)C(=O)NCc2ccc(C(=O)Nc3ccccc3N)cc2)cc1,1
CC(C)c1cc(C(=O)N2CCc3cc(NC(=O)CCCCCC(=O)NO)ccc32)c(O)cc1O,1
O=C(NO)c1cnc(NC2(c3ccccc3)CCN(C(=O)Nc3ccccc3)CC2)nc1,1
O=C(/C=C/c1cccc(S(=O)(=O)n2ccc3cc(C(=O)c4ccc(F)cc4)ccc32)c1)NO,1
Nc1cc(F)ccc1NC(=O)c1cnc2cc(N3CCNCC3)ccc2c1,1
Nc1ccccc1NC(=O)CCCCCNC(=O)c1ccc(Cl)cc1Cl,1
Nc1ccccc1NC(=O)CCCCCNC(=O)c1ccc2ncsc2c1,1
Nc1ccccc1NC(=O)CCCCCNC(=O)c1ccc2cccnc2c1,1
Nc1ccccc1NC(=O)CCCCCNC(=O)CCc1ncc(-c2ccccc2)o1,1
Nc1ccccc1NC(=O)CCCCCNC(=O)c1cc(-c2ccsc2)on1,1
Cc1ccc2[nH]c(C(=O)NCCCCCC(=O)Nc3ccccc3N)cc2c1,1
Nc1ccccc1NC(=O)CCCCCNC(=O)c1cc2cccc(F)c2[nH]1,1
Cn1cc(C(=O)NCCCCCC(=O)Nc2ccccc2N)c2ccccc21,1
Nc1ccccc1NC(=O)CCCCCNC(=O)c1cccc2cc[nH]c12,1
CN(C)c1ccc(C(=O)NCCC/C=C/C(=O)Nc2ccccc2N)cc1,1
Nc1cc(F)ccc1NC(=O)c1cc2ccc(N3CCNCC3)c(C3CC3)c2cn1,1
COc1cc(Nc2ncc(C(=O)NO)cn2)cc(C(F)(F)F)c1,1
Nc1ccccc1NC(=O)/C=C/CCCNC(=O)c1cccc(Cl)c1,1
Nc1ccccc1NC(=O)/C=C/CCCNC(=O)c1ccccc1,1
O=C(/C=C/c1ccc2c(c1)C(=O)CC1(CCCN(Cc3ccccc3)CC1)O2)NO,1
O=C(NO)c1cnc(NC2(c3cccc(F)c3)CC2)nc1,1
Cc1ccc(C2(Nc3ncc(C(=O)NO)cn3)CC2)cc1,1
Cc1cc(C)cc(Nc2ncc(C(=O)NO)cn2)c1,1
CC(C)(Nc1ncc(C(=O)NO)cn1)c1ccc(Cl)c(Cl)c1,1
CC(Nc1ncc(C(=O)NO)cn1)(c1ccccc1)c1ccccc1,1
CCCCCCCC(=O)SCC/C=C/[C@@H]1CC(=O)NCc2cccc(n2)C2=N[C@@](C)(CS2)C(=O)N[C@@H](C(C)C)C(=O)O1,1
CC(C)(C)OC[C@@H]1N=C(c2ccccc2)c2ccccc2NC1=O,0
Cc1ccc(C(=O)c2ccc3c(ccn3Cc3ccc(C(=O)NO)cc3)c2)cc1,1
O=C(CS)NCCCCCC(=O)Nc1cccc2cccnc12,1
COc1cc(O)cc(OC)c1/C=N/NC(=O)CCCCCC(=O)NO,1
O=C(NO)c1cnc(NCc2ccc3c(c2)OCO3)nc1,1
CC(C)c1cc(C(=O)N2CCc3cc(NC(=O)CCCCCCC(=O)NO)ccc32)c(O)cc1O,1
O=C(NO)c1cnc(Nc2cc(Cl)cc(C(F)(F)F)c2)nc1,1
CC(=O)Nc1ccc(C(=O)Nc2ccc(F)cc2N)cc1,1
CC(C)(Nc1ncc(C(=O)NO)cn1)c1cc(C(F)(F)F)cc(C(F)(F)F)c1,1
Cc1cc(F)ccc1C(C)(C)Nc1ncc(C(=O)NO)cn1,0
Cc1c(C)c(S(=O)(=O)NC(=N)NCCC[C@@H]2N=C(c3ccccc3)c3ccccc3N(CCCCC(=O)O)C2=O)c(C)c2c1OC(C)(C)C2,0
O=C(CCCCCCS)N1CCc2ccccc2C1,0
CC(C)Cc1sc(-c2nccs2)nc1C(=O)NCCCCCC(=O)NO,1
CC(C)(C)OC(=O)NCc1nc(-c2nc(C(=O)NCCCCC(=O)NO)cs2)cs1,1
CC(C)Cc1sc(-c2nccs2)nc1C(=O)NCCCCNC(=O)CS,1
O=C(NO)c1ccc(CNC(=O)c2[nH]c(-c3ccc(F)cc3)cc2-c2ccc(F)cc2)cc1,1
O=C(NO)c1cnc(NC2(c3ccccc3C(F)(F)F)CC2)nc1,1
O=C(NO)c1cnc(NC2(c3cccc(F)c3F)CC2)nc1,1
O=C(NO)c1cnc(NC2(c3ccccc3)CCN(C(=O)Nc3c(F)cccc3F)CC2)nc1,1
COc1cc(C(=O)c2ccc3c(ccn3S(=O)(=O)c3ccc(/C=C/C(=O)NO)cc3)c2)cc(OC)c1OC,1
CCC(=O)CCCCC[C@@H]1NC(=O)[C@@H](C)n2nncc2[C@H](CC(C)C)NC(=O)[C@H](Cc2c[nH]c3ccccc23)NC1=O,1
CCC[C@@H]1NC(=O)[C@H](C)NC(=O)C[C@H](CC(C)C)NC(=O)[C@H](Cc2cn(CN(C)C)c3ccccc23)NC1=O,1
O=C(NO)c1ccc(CN(CCO)C(=O)Cc2ccccc2)cc1,1
O=C(CCCCCCC(=O)Nc1cc2c(Nc3ccc(F)cc3F)ncnc2s1)NO,1
O=C(NO)c1ccc2c(c1)CN(Cc1ccc(-c3cccc([N+](=O)[O-])c3)o1)CC2,1
Cc1ccc(Nc2ncnc3sc(NC(=O)CCCCCC(=O)NO)cc23)cc1,1
Nc1ccccc1NC(=O)CCCCCNC(=O)c1cc2c(OC(F)F)cccc2[nH]1,1
Cn1ccc2ccc(C(=O)NCCCCCC(=O)Nc3ccccc3N)cc21,1
Nc1ccccc1NC(=O)CCCCCNC(=O)c1ccccc1F,1
Cc1ccc2[nH]nc(C(=O)NCCCCCC(=O)Nc3ccccc3N)c2c1,1
Nc1cnc(-c2ccccc2)cc1NC(=O)c1cnc2cc(N3CCNCC3)ccc2c1,1
Nc1ccc(-c2ccccc2)cc1NC(=O)c1ccc2nn(CCN3CCOCC3)cc2c1,1
COc1ccc(C(=O)N[C@H](COc2ccc(CC(=O)Nc3ccccc3N)cc2)Cc2c[nH]c3ccccc23)cc1,0
COc1ccc(C(=O)N[C@@H](Cc2c[nH]c3ccccc23)C(=O)NCCCCCC(=O)Nc2ccc(F)cc2N)cc1,1
CC(C)C[C@@H](C(=O)N1CCC(Nc2ncc(C(=O)NO)cn2)(c2ccccc2)CC1)c1ccccc1,1
Nc1ccccc1NC(=O)CCCCCNC(=O)c1nnc[nH]1,1
COC(=O)CCCCN1C(=O)[C@H](CC(=O)NC(c2ccccc2)(c2ccccc2)c2ccccc2)N=C(c2ccccc2)c2ccccc21,0
CC(C)(C)OC(=O)NCCCC[C@@H]1N=C(c2ccccc2)c2ccccc2N(CCCCC(=O)O)C1=O,0
CC(C)c1cc(C(=O)N2CCc3cc(NC(=O)CCCCCCCCC(=O)NO)ccc32)c(O)cc1O,1
O=C(NO)c1cnc(NC2(c3ccccc3)CCN(S(=O)(=O)c3cccc(F)c3)CC2)nc1,1
O=C(NO)c1cnc(NC2(c3ccccc3)CCN(C(=O)Cc3c[nH]c4ccccc34)CC2)nc1,1
COc1ccc(C(=O)N[C@H](COc2ccc(/C=C/C(=O)NO)cc2)Cc2c[nH]c3ccccc23)cc1,1
O=C(NO)c1cnc(NC2(c3ccccc3)CCN(c3ccccc3)CC2)nc1,1
O=C(NO)c1cnc(NC2(c3ccccc3)CCN(C(=O)Nc3ccc(Cl)c(Cl)c3)CC2)nc1,1
O=C(NO)c1cnc(NC2(c3ccccc3)CCN(C(=S)Nc3ccccc3)CC2)nc1,1
CC(C)=Cc1sc(-c2nccs2)nc1C(=O)NCCCCC(=O)NO,1
Cc1cnc(-c2nc(C(=O)NCCCCC(=O)NO)c(C3CC3)s2)s1,1
CC(C)[C@@H]1NC(=O)[C@]2(C)CSC(=N2)c2cccc(n2)CNC(=O)C[C@@H](/C=C/CCS)NC1=O,1
CN(C)c1ccc(Nc2ncnc3sc(NC(=O)CCCCCCC(=O)NO)cc23)cc1F,1
O=C(CCCCCCC(=O)Nc1cc2c(Nc3ccc(I)cc3F)ncnc2s1)NO,1
O=C(CCCCCCC(=O)Nc1cc2c(Nc3ccc(Br)cc3F)ncnc2s1)NO,1
O=C(CCCCc1ccn(-c2ccccc2)n1)NO,1
O=C(CCCCNC(=O)c1nc(-c2nccs2)sc1-c1ccc([N+](=O)[O-])cc1)NO,1
COc1cc(-c2nc(NCc3ccc(C(=O)NO)cc3)cc3c2[nH]c2ccccc23)cc(OC)c1OC,1
Cc1ccc(-c2cc(C(=O)NCCCCCCCC(=O)NO)nn2-c2ccc(S(N)(=O)=O)cc2)cc1,1
COc1ccc(C(=O)N[C@H](CNCc2ccc(C(=O)Nc3ccccc3N)cc2)Cc2c[nH]c3ccccc23)cc1.Cl.Cl,1
Cc1csc(-c2nc(C(=O)NCCCCC(=O)NO)c(C3CC3)s2)n1,1
O=C(CCCCNC(=O)c1nc(-c2nc3c(s2)CCCCCC3)sc1C1CC1)NO,1
O=C(CCCCNC(=O)c1nc(-c2nc(C3CC3)cs2)sc1C1CC1)NO,1
C/C=C/c1sc(-c2nccs2)nc1C(=O)NCCCNC(=O)CS,1
COc1ccc(C(=O)c2ccc3c(ccn3S(=O)(=O)c3cccc(/C=C/C(=O)NO)c3)c2)cc1,1
Nc1ccccc1NC(=O)CCCCCNC(=O)c1ccccc1C(=O)c1ccccc1,1
Nc1ccccc1NC(=O)CCCCCNC(=O)c1ccccc1-c1ccccc1,1
O=C(CCC(CCCC(=O)Nc1ccccc1)c1ccccc1)NO,0
C[C@@H](C(=O)N1CCC(C)(Nc2ncc(C(=O)NO)cn2)CC1)c1ccccc1,1
CC(C)(CCCCC(=O)NO)Nc1c(Nc2ccc(C(F)(F)F)cc2)c(=O)c1=O,1
Cc1ccc2cc(C(=O)NCCCCCC(=O)Nc3ccccc3N)[nH]c2c1,1
Nc1ccccc1NC(=O)CCCCCNC(=O)c1ccc2c(c1)NC(=O)C2,1
Nc1ccccc1NC(=O)CCCCCNC(=O)c1cc(C2CC2)on1,1
Cn1cc(-c2cc(C(=O)NCCCCC(=O)Nc3ccccc3N)on2)cn1,1
Nc1cc(F)ccc1NC(=O)CCCCCNC(=O)c1cccnc1,1
CC(=O)N1CCC(Nc2ncc(C(=O)NO)cn2)(c2ccccc2)CC1,1
Nc1cc(F)ccc1NC(=O)/C=C/c1cnn(C/C=C/c2ccccc2)c1,1
O=C(NO)c1cnc(NC2(c3cccs3)CC2)nc1,1
COc1cc(OC)cc(C2(Nc3ncc(C(=O)NO)cn3)CC2)c1,1
Cc1ccc(Nc2ncc(C(=O)NO)cn2)cc1,1
O=C(NO)c1cnc(Nc2ccc([N+](=O)[O-])c(C(F)(F)F)c2)nc1,1
O=C(NO)c1cnc(NCc2ccccc2Cl)nc1,1
Nc1ccc(F)cc1NC(=O)c1ccc2nc(N3CCNCC3)cnc2c1,1
O=C(NO)c1cnc(Nc2ccc(Cl)cc2)nc1,1
CNC(=O)CCCCC[C@H](NC(=O)c1cncs1)c1ncc(-c2ccc(-c3ccn[nH]3)cc2)[nH]1,1
CCCCCCCC(=O)SCC/C=C/[C@@H]1CC(=O)NCc2nc(co2)C2=N[C@@](C)(CS2)C(=O)N[C@@H](C(C)C)C(=O)O1,1
Nc1ccccc1NC(=O)c1ccc(CNC(=O)c2[nH]c(-c3ccsc3)cc2-c2ccc(O)cc2)cc1,1
COc1ccc(C(=O)c2ccc3c(ccn3Cc3ccc(C(=O)NO)cc3)c2)cc1OC,1
CNC(=O)/C(CCCCCCNC(=O)c1cc(-c2ccc(N)cc2)on1)=N/O,1
O=C(NO)c1cnc(NC(c2ccccc2)c2ccccc2)nc1,1
O=C(NO)c1cnc(NC2(c3cccs3)CCCCC2)nc1,1
O=C(NO)c1cccc(-c2csc(CSc3ccccc3)n2)c1,0
CCCOc1ccccc1C(=O)NCCCCCC(=O)Nc1ccccc1N,1
CC1(C)C(=O)N(c2ccc(C#N)c(C(F)(F)F)c2)C(=S)N1c1ccc(C(=O)NCCCn2cccc(O)c2=O)c(F)c1,0
CCc1cccc(C(=O)NCCCCCC(=O)Nc2ccccc2N)c1,1
Cc1c(C(=O)NCCCCCC(=O)Nc2ccccc2N)[nH]c2ccccc12,1
CC1(C)C(=O)N(c2ccc(C#N)c(C(F)(F)F)c2)C(=S)N1c1ccc(C(=O)NCCCNS(N)(=O)=O)c(F)c1,0
O=C(CCCCCC(=O)N/N=C/c1ccc(-c2ccncc2)cc1)NO,1
O=C(CCCCCC(=O)N/N=C/c1ccc(-c2cccs2)cc1)NO,1
O=C(CCCCN1C(=O)[C@H](CC(=O)NC(c2ccccc2)(c2ccccc2)c2ccccc2)N=C(c2ccccc2)c2ccccc21)NO,1
CN1CCN(c2ccc3cc(C(=O)Nc4ccc(F)cc4N)cnc3c2C2CC2)CC1,1
CC(C)(C)Oc1ccc(C[C@@H]2N=C(c3ccccc3)c3ccccc3N(CCCCC(=O)NO)C2=O)cc1,1
CC(C)Cc1sc(-c2nccs2)nc1C(=O)NCCCCCCCC(=O)NO,1
O=C(CCCCNC(=O)c1nc(-c2nc3c(s2)CCC3)sc1C1CC1)NO,1
O=C(CCCCNC(=O)c1nc(-c2nc3c(s2)CCCCC3)sc1C1CC1)NO,1
CC(C)Cc1sc(-c2nccs2)nc1C(=O)NCCCCCC(=O)Nc1ccccc1N,1
COc1ccc(-c2cc(-c3ccccc3)[nH]c2C(=O)NCc2ccc(C(=O)Nc3ccccc3N)cc2)cc1,1
Nc1ccccc1NC(=O)CCCCCNC(=O)c1cc2ccccc2o1,1
Nc1ccccc1NC(=O)CCCCCNC(=O)c1ccc2nonc2c1,1
Nc1ccccc1NC(=O)CCCCCNC(=O)c1cc2ccccc2[nH]1,1
COc1ccc(N)c(NC(=O)CCCCCNC(=O)c2ccc(C)cc2)c1,1
CC(C)(C)c1ccc(C(=O)NCCCCCC(=O)Nc2ccccc2N)cc1,1
Cc1nc(-c2ccccn2)sc1C(=O)NCCCCCC(=O)Nc1ccccc1N,1
Nc1ccccc1NC(=O)CCCCCNC(=O)c1ccc(CO)cc1,1
COc1ccccc1C(=O)NCCCCCC(=O)Nc1ccccc1N,1
CNc1ccc(C(=O)NCCCCCC(=O)Nc2ccccc2N)cc1,1
CN(C(=O)N1CCC(Nc2ncc(C(=O)NO)cn2)(c2ccccc2)CC1)c1ccccc1,1
Cc1ccc(S(=O)(=O)N2CCC(Nc3ncc(C(=O)NO)cn3)(c3ccccc3)CC2)cc1,1
O=C(NO)c1cnc(NC2(c3ccco3)CC2)nc1,1
Cc1nc(-c2nc(C(=O)NCCCCC(=O)NO)c(CC(C)C)s2)cs1,1
O=C(CCCCNC(=O)c1nc(-c2nc(-c3ccccc3)cs2)sc1C1CC1)NO,1
O=C(CCCCC(=O)N/N=C/c1ccc(-c2ccccc2)cc1)NO,1
O=C(CCCCCC(=O)N/N=C/c1ccc(-c2cccnc2)cc1)NO,1
O=C(/C=C/c1ccc(CNc2nccc(-c3cccnc3)n2)cc1)NO,1
O=C(CCCCC(=O)Nc1cc2c(Nc3ccc(F)c(Cl)c3)ncnc2s1)NO,1
O=C(CCCCCCC(=O)Nc1cc2c(Nc3cccc(Cl)c3F)ncnc2s1)NO,1
O=C(CCCCCCC(=O)Nc1cc2c(Nc3ccc(N4CCCC4)c(F)c3)ncnc2s1)NO,1
CCOc1cc(C(C)(C)C)ccc1C1=NC(c2ccc(Cl)cc2)C(c2ccc(Cl)cc2)N1C(=O)N1CCN(CCCCCCC(=O)NO)CC1,1
O=C(C[C@H]1N=C(c2ccccc2)c2ccccc2NC1=O)NO,0
COC(=O)CCCCN1C(=O)[C@H](C(C)C)N=C(c2ccccc2)c2ccccc21,0
Nc1ccccc1NC(=O)CCCCCNC(=O)c1cccc(C(F)(F)F)c1,1
Cc1ccc(C(=O)NCCCCCC(=O)Nc2ccncc2N)cc1,1
Nc1cc(F)ccc1NC(=O)CCCCCNS(=O)(=O)c1ccc(F)cc1,1
Nc1ccccc1NC(=O)CCCCCNC(=O)c1cc2ccccc2cn1,1
CC(C)c1ccc(C(=O)NCCCCCC(=O)Nc2ccccc2N)cc1,1
Cc1cccc2cc(C(=O)NCCCCCC(=O)Nc3ccccc3N)[nH]c12,1
COc1cccc2[nH]cc(C(=O)NCCCCCC(=O)Nc3ccccc3N)c12,1
Nc1ccccc1NC(=O)c1ccc(CNC(=O)CN2C(=O)C3(OCCCO3)c3cc(Cl)ccc32)cc1,1
O=C(NO)c1cnc(NCc2ccc(-c3ccccc3)cc2)nc1,1
CN(C)c1ccc2cc(C(=O)NCCCCCC(=O)Nc3ccccc3N)[nH]c2c1,1
Nc1ccccc1NC(=O)CCCCCNC(=O)c1c[nH]c2ccc(Cl)cc12,1
Cc1cnc(-c2nc(C(=O)NCCCCC(=O)NO)c(CC(C)C)s2)s1,1
CC(C)Cc1sc(-c2nccs2)nc1C(=O)NCCCNC(=O)CS,1
CC(C)Cc1sc(-c2nccs2)nc1C(=O)NCCCCCCNC(=O)CS,1
O=C(CCCCN1C(=O)[C@H](Cc2ccc(O)cc2)N=C(c2ccccc2)c2ccccc21)NO,1
Cc1c(C)c(S(=O)(=O)NC(=N)NCCC[C@@H]2N=C(c3ccccc3)c3ccccc3N(CCCCC(=O)NO)C2=O)c(C)c2c1OC(C)(C)C2,1
O=C(CCCNC(=O)c1nc(-c2nccs2)sc1C1CC1)NO,1
COc1ccc2[nH]c(C(=O)NCCCCC(=O)Nc3ccccc3N)cc2c1,1
O=C(NCCCCCCS)c1cc(-c2cnccn2)n[nH]1,1
O=C(CCCCNC(=O)c1nc(-c2nccs2)sc1CCOCc1ccccc1)NO,1
O=C(CCCCN1C(=O)[C@H](CO)N=C(c2ccccc2)c2ccccc21)NO,1
NC(=O)C[C@@H]1N=C(c2ccccc2)c2ccccc2N(CCCCC(=O)NO)C1=O,1
CC(C)(C)OC(=O)C[C@@H]1N=C(c2ccccc2)c2ccccc2N(CCCCC(=O)NO)C1=O,1
O=C(CCCCN1C(=O)[C@H](CCC(=O)NO)N=C(c2ccccc2)c2ccccc21)NO,1
Nc1ccc(F)cc1NC(=O)CCCCCNC(=O)c1ccc(F)cc1,1
CC(=O)SCCCCCCNC(=O)c1cc(-c2ccc(F)cc2)nn1C,1
O=C(CCCCCNC(=O)c1nc(-c2nccs2)sc1C1CC1)NO,1
Nc1ccc(-c2cccs2)cc1NC(=O)CCCCCCNC(=O)c1cccnc1,0
Cc1ccc(C(=O)NCCCCCC(=O)Nc2ccc(Br)cc2N)cc1,0
CCCCCCC(CCCC(=O)NO)CCC(=O)Nc1ccccc1,1
Nc1ccccc1NC(=O)CCCCCCC(=O)Nc1ccc2c(c1)/C(=C/c1ccc[nH]1)C(=O)N2,1
O=C(CCCCCCC(=O)Nc1ccc2c(c1)/C(=C/c1ccc[nH]1)C(=O)N2)NO,1
Nc1ccccc1NC(=O)c1ccc(NC(=O)CCN2C(=O)C3(OCCCO3)c3cc(Br)ccc32)cc1,1
Cc1ccc(-c2cc(C(=O)NCCCCCC(=O)NO)nn2-c2ccc(S(N)(=O)=O)cc2)cc1,1
COC(=O)Cc1c(C)n(Cc2ccc(-c3cn(CCCCCCC(=O)NO)nn3)cc2)c2ccc(OC)cc12,1
CC(C)(C)OC(=O)CC[C@@H]1N=C(c2ccccc2)c2ccccc2N(CCCCC(=O)NO)C1=O,1
CC(C)[C@@H]1NC(=O)[C@]2(C)CSC(=N2)c2ccnc(c2)CNC(=O)C[C@@H](/C=C/CCS)OC1=O,1
Cc1ccc(-c2cc(C(F)(F)F)nn2-c2ccc(S(=O)(=O)NCCCCCCC(=O)NO)cc2)cc1,1
Cc1ccc(-c2cc(C(F)(F)F)nn2-c2ccc(S(=O)(=O)NCCCCCCCC(=O)NO)cc2)cc1,1
COC(=O)CCCCN1C(=O)CN=C(c2ccccc2)c2ccccc21,0
O=C(O)CCCCN1C(=O)CN=C(c2ccccc2)c2ccccc21,0
O=C(O)CCCCN1C(=O)[C@H](CCC(=O)NC(c2ccccc2)(c2ccccc2)c2ccccc2)N=C(c2ccccc2)c2ccccc21,0
O=C(CCCCNC(=O)c1csc(-c2cccs2)n1)NO,1
COc1cc(C(=O)c2ccc3c(ccn3S(=O)(=O)c3cccc(/C=C/C(=O)NO)c3)c2)cc(OC)c1OC,0
CCC(O)(CC)COc1ccc(C(CC)(CC)c2ccc(OCC(=O)NO)c(C)c2)cc1C,0
CCC(CC)(c1ccc(OCCCC(=O)NO)c(C)c1)c1ccc(OC[C@H](O)C(C)(C)C)c(C)c1,1
Cc1csc(C(=O)NCCCCCC(=O)Nc2ccccc2N)n1,1
Nc1ccccc1NC(=O)CCCCCNC(=O)c1cc2c(F)cccc2[nH]1,1
O=C(CCCCCCn1[se]c2ccccc2c1=O)NO,1
C=C1CN(Cc2ccc(C(=O)Nc3ccccc3N)cc2)C(=O)c2ccccc21,1
Cc1ccc(C(=O)Nc2cccc(/C=C/C(=O)Nc3ccc(F)cc3N)c2)cc1,1
O=C(NO)c1ccc(Cn2ccc3cc(C(=O)c4ccc(F)cc4)ccc32)cc1,1
Cc1c2ccc(N(C)c3ccnc(Nc4ccc(C(=O)NCCCCCCCC(=O)Nc5ccccc5N)cc4)n3)cc2nn1C,1
CCS/C(Nc1ccccc1)=C(\C#N)C(=O)Nc1ccc(OC)cc1,1
O=C(NO)c1cnc(NC2(c3cccc(F)c3)CCOCC2)nc1,1
O=C(NO)c1cnc(Nc2ccc(F)cc2)nc1,1
Nc1ccccc1NC(=O)CCCCCNC(=O)c1cccc(Cl)c1,1
Nc1ccccc1NC(=O)CCCCCNC(=O)c1ccc(C(F)(F)F)cc1,1
COCCn1c(C(=O)NCCCCCC(=O)Nc2ccccc2N)cc2ccccc21,1
CCOc1ccc2[nH]c(C(=O)NCCCCCC(=O)Nc3ccccc3N)cc2c1,1
Nc1ccccc1NC(=O)CCCCCNC(=O)c1ccc(N2CCC2)cc1,1
COc1ccc2[nH]cc(C(=O)NCCCCCC(=O)Nc3ccccc3N)c2c1,1
Nc1ccccc1NC(=O)CCCCCNC(=O)c1ccccc1C1CCCCC1,1
COCc1ccccc1C(=O)NCCCCCC(=O)Nc1ccccc1N,1
Cn1ccc2cc(C(=O)NCCCCCC(=O)Nc3ccccc3N)ccc21,1
CCSc1ccccc1C(=O)NCCCCCC(=O)Nc1ccccc1N,1
CC(=O)c1ccccc1C(=O)NCCCCCC(=O)Nc1ccccc1N,1
Nc1ccccc1NC(=O)CCCCCNC(=O)c1ccccc1C(F)(F)F,1
O=C(NO)c1cnc(NC2(c3ccccc3)CCN(C(=O)Nc3ccccc3F)CC2)nc1,1
CCC(=O)CCCCC[C@@H]1NC(=O)[C@H](CCCCNC(C)=O)NC(=O)C[C@H](CC(C)C)NC(=O)[C@H](Cc2c[nH]c3ccccc23)NC1=O,1
CCC[C@@H]1NC(=O)[C@H](C)NC(=O)C[C@H](CC(C)C)NC(=O)[C@H](Cc2c[nH]c3ccccc23)NC1=O,1
Nc1ccccc1NC(=O)c1cnc2c(C3CC3)c(N3CCNCC3)ccc2c1,1
O=C(NO)c1cnc(NC2(c3cc(F)ccc3F)CCOCC2)nc1,1
CC1(C)C(=O)N(c2ccc(C#N)c(C(F)(F)F)c2)C(=S)N1c1ccc(C(=O)Nc2ccccc2N)c(F)c1,1
CC1(C)C(=O)N(c2ccc(C#N)c(C(F)(F)F)c2)C(=S)N1c1ccc(C(=O)OCCCCCC(=O)NO)c(F)c1,1
CC(C)c1cc(C(=O)N2CCc3cc(NC(=O)CCCCCCCC(=O)NO)ccc32)c(O)cc1O,1
COc1ccc(C(=O)c2ccc3c(ccn3S(=O)(=O)c3ccc(/C=C/C(=O)NO)cc3)c2)cc1,1
O=C(NO)c1cnc(NC2(c3cccc(F)c3)CCC3(CC2)OCCO3)nc1,1
CCS/C(Nc1ccccc1)=C(\C#N)C(=O)N/N=C\c1ccc(Cl)cc1Cl,1
O=C(/C=C/c1cccc(C(=O)NO)c1)NO,1
Nc1ccccc1NC(=O)c1ccc(C(=O)NCCNc2nonc2/C(=N/O)Nc2ccc(F)c(Br)c2)cc1,1
COc1cccc(C(=O)c2ccc3c(ccn3S(=O)(=O)c3cccc(/C=C/C(=O)NO)c3)c2)c1,1
COc1ccc(/C=C/C(=O)NO)c(-c2ccc(-c3ccccc3)cc2)c1,1
CC(=O)N1CCC(Nc2ncc(C(=O)NO)cn2)(C(C)C)CC1,1
CNC(=O)N1CCC(Nc2ncc(C(=O)NO)cn2)(c2ccccc2)CC1,1
CC(C)(C)OC(=O)NCc1nc(-c2nc(C(=O)NCCCCCC(=O)NO)cs2)cs1,1
Cc1ccc(C(=O)c2ccc3c(ccn3S(=O)(=O)c3cccc(/C=C/C(=O)NO)c3)c2)cc1,1
COc1ccc(C(=O)c2ccc3c(ccn3Cc3ccc(/C=C/C(=O)NO)cc3)c2)cc1,1
CC(Nc1c(NCCCCCC(=O)NO)c(=O)c1=O)C12CC3CC(CC(C3)C1)C2,1
COC(=O)Cc1c(C)n(Cc2ccc(-c3cn(CCCCCC(=O)NO)nn3)cc2)c2ccc(OC)cc12,1
CCCc1nc(C)c2c(=O)[nH]c(-c3cc(CC4CC(C(=O)NO)C4)ccc3OCC)nn12,1
Nc1ccccc1NC(=O)c1cc2ccc(N3CCNCC3)cc2cn1,1
O=C(NO)c1cnc(NC2(c3ccc(F)cc3)CCOCC2)nc1,1
CC(C)c1cc(C(=O)N2CCc3cc(NC(=O)CCCCC(=O)NO)ccc32)c(O)cc1O,1
COc1cccc(C(=O)c2ccc3c(ccn3Cc3ccc(C(=O)NO)cc3)c2)c1,1
CCCCCCC(CCCC(=O)Nc1ccccc1)CCC(=O)NO,0
O=C(NO)c1cnc(Nc2cc(Cl)ccc2Cl)nc1,1
O=C(NO)c1cnc(NC2(c3ccccc3)CCC(F)(F)CC2)nc1,1
Nc1ccccc1NC(=O)c1cnccn1,1
CN1CCC=C(C1=O)CCC(=O)NO,0
C1=CC=C(C=C1)C2=CC(=NO2)C(=O)NCCCNC(=O)C3=CC=CNC3=O,0
CC(=CCC(C(=O)C=CC1=CC(=C(C=C1)OCC=C(C)C)OC)C(=O)C=CC2=CC(=C(C=C2)OCC=C(C)C)OC)C,0
CC(=CCC(CC=C(C)C)(C(=O)C=CC1=CC(=C(C=C1)OCC=C(C)C)OC)C(=O)C=CC2=CC(=C(C=C2)OCC=C(C)C)OC)C,0
CC(C)C1=CC(=C(C=C1O)O)C(=O)N2CCC3=C2C=CC(=C3)NC(=O)CCC(=O)NO,0
CC(C)C1=CC(=C(C=C1O)O)C(=O)N2CCC3=C2C=CC(=C3)NCC4=CC=C(C=C4)C(=O)NO,0
COC1=CC2=C(C=C1)C(=CN2S(=O)(=O)C3=CC=CC(=C3)C=CC(=O)NO)C(=O)C4=CC(=C(C(=C4)OC)OC)OC,0
