COc1ccc(NC(=O)[C@@H]2Cc3ccc(OCC(=O)NO)cc3CN2C(=O)c2ccccc2)cc1,1
O=CN(O)CCCCCNC(=O)c1ccc2ccccc2c1,1
CNC(=O)/C(CCCCCCC(=O)Nc1ccc(N(C)C)cc1)=N\O,0
CN1C[C@H](c2ccc(/C=C/C(=O)Nc3ccccc3N)cc2F)[C@@H](C(=O)Nc2ccc(Cl)cc2)C1,0
O=C(CCCCCCC(=O)Nc1cccc(-c2cnnn2CC(O)c2cccc(Br)c2)c1)NO,1
O=C(CCCCCCC(=O)Nc1cccc(-c2cn(-c3ccccc3)nn2)c1)NO,1
Cc1ccc(NC(=O)C(F)(F)C(F)(F)C(F)(F)C(F)(F)C(F)(F)C(F)(F)C(=O)NO)cc1,0
O=C(COc1ccc(C[C@H](NC(=O)CCc2ccccc2)C(=O)Nc2ccccc2)cc1)NO,1
C/C=C1/NC(=O)[C@@H](CS)NC(=O)[C@@H](C(C)C)NC(=O)C[C@@H](/C=C/CCS)OC(=O)[C@H](C(C)C)NC1=O,1
COC(=O)CCCCN1C(=O)[C@H](CC(C)C)N=C(c2ccccc2)c2ccccc21,0
COc1ccc(NC(=O)[C@@H]2Cc3ccc(OCC(=O)NO)cc3CN2CCc2ccccc2)cc1,1
COc1ccc(NC(=O)[C@@H]2Cc3ccc(OCC(=O)NO)cc3CN2C(=O)[C@H](C)N)cc1.Cl,1
CN1CCN(CCc2cn(CC3=CCC(C(=O)NO)C=C3)c3ccccc23)CC1,1
COC(=O)[C@H](Cc1ccc(OCc2ccccc2)cc1)NS(=O)(=O)c1ccc(C)cc1,0
O=C(NO)C(F)(F)C(F)(F)C(F)(F)C(F)(F)C(F)(F)C(F)(F)C(=O)Nc1ccc(-c2ccccc2)cc1,0
O=C(NO)C(F)(F)C(F)(F)C(F)(F)C(F)(F)C(F)(F)C(F)(F)C(=O)Nc1cc2ccccc2c2ccccc12,1
O=C(/C=C/c1ccc2c(c1)nc(CCc1ccccc1)n2Cc1cccnc1)NO,1
C/C(=N\NC(=O)c1ccc(N(C)C)cc1)c1ccc(C(=O)NO)cc1,1
CC(=O)Nc1ccc(NC(=O)C(F)(F)C(F)(F)C(F)(F)C(F)(F)C(F)(F)C(F)(F)C(=O)NO)cc1,0
N#Cc1ccc(NC(=O)C(F)(F)C(F)(F)C(F)(F)C(F)(F)C(F)(F)C(F)(F)C(=O)NO)cc1,0
COc1cc(COc2ccc(NC(=O)CCCCCCC(=O)OCCN=[N+]=[N-])cc2)cc(N=[N+]=[N-])c1,0
[N-]=[N+]=NCc1cc(N=[N+]=[N-])cc(C(=O)Nc2ccc(-c3cc(C(=O)NCCCCCCC(=O)NO)no3)cc2)c1,1
O=C(NO)C(F)(F)C(F)(F)C(F)(F)C(F)(F)C(F)(F)C(F)(F)C(=O)Nc1cccc(-c2ccccc2)c1,0
O=C(NO)c1cccc(-c2cn(CCc3ccsc3)nn2)c1,1
Cc1cc(C)cc(COc2ccc(NC(=O)CCCCCCC(=O)OC(C)(C)C)cc2)c1,0
O=C(/C=C/c1ccc(OC[C@H](Cc2c[nH]c3ccccc23)NC(=O)c2ccc(Cl)cc2)cc1)NO,1
CN(c1ccc(OCC(=O)NO)cc1)c1ncnc2ccccc12,1
COc1ccc(N(C)c2nc(C)nc3ccccc23)cc1OCCCC(=O)NO,1
CC1(C)CC(=O)Nc2ccc(C(=O)NCCCCCCC(=O)NO)cc21,1
CCCC(=O)O,0
O=C(NO)c1cccc(N(Cc2ccccc2)Cc2ccccc2)c1,1
O=C(/C=C/c1ccc(CN(CCO)CCc2c[nH]c3ccccc23)cc1)NO,1
O=C(NO)c1ccc(NC2CCN(CCc3ccccc3)C2=O)cc1,1
N#Cc1ccc(N2CCC(Nc3ccc(C(=O)NO)cc3)C2=O)cc1,1
CC(C)[C@@H]1NC(=O)[C@]2(C)CSC(=N2)c2ccnc(c2)CNC(=O)C[C@@H](/C=C/CCS)NC1=O,1
Cc1ccc(S(=O)(=O)N[C@@H](Cc2ccc(OCc3ccccc3)cc2)C(=O)O)cc1,0
COC(=O)CCCCN1C(=O)CN=C(c2ccccc2)c2ccccc21,0
CC(C)(C)OC(=O)n1c(C[C@@H]2N=C(c3ccccc3)c3ccccc3N(CCCCC(=O)O)C2=O)cc2ccccc21,0
O=C(CCC1=CCN(CCCc2ccc3ccccc3c2)C1=O)NO,0
O=C(/C=C/c1ccc2c(c1)nc(CCc1ccccc1)n2CCc1cccnc1)NO,1
Cc1ccc(-c2cc(C(F)(F)F)nn2-c2ccc(S(=O)(=O)NCCCCCCCC(=O)NO)cc2)cc1,1
COC[C@@H]1CCCC1c1ccc(C(=O)NO)cc1,1
Cc1cccc(NC(=O)[C@H](CCCCCC(=O)NO)NC(=O)[C@H]2CCC(=O)N2)c1,1
O=C(/C=C/c1ccc2c(c1)nc(C1CCCCC1)n2CCCO)NO,1
Oc1ccc[nH]c1=S,1
[C-]#[N+]c1ccccc1-c1ccc(Cn2cccc(O)c2=S)cc1,1
Nc1cccc(-c2cc(C(=O)NCCCCC(=O)NO)no2)c1,1
CCC(=O)CCCCC[C@@H]1NC(=O)[C@H](CCCNC(=N)N)NC(=O)CCN(CC(C)C)C(=O)CN(CCc2c[nH]c3ccccc23)C1=O,1
C[C@@H](O)[C@@H]1N=C(c2ccccc2)c2ccccc2N(CCCCC(=O)NO)C1=O,0
O=C(/C=C/c1ccc2c(c1)nc(CCc1ccccc1)n2CCCN1CCOCC1)NO,1
COC(=O)[C@H](Cc1ccc(OCCc2ccccc2)cc1)NC(=O)c1ccccc1,0
O=C(CCCCCCC(=O)Nc1cnn(Cc2ccccc2)c1)NO,1
Cc1ccc(C(=O)NOCCCCCC(=O)NO)cc1C,1
Cc1ccc(-c2cc(C(F)(F)F)nn2-c2ccc(S(=O)(=O)NCCCCCC(=O)NO)cc2)cc1,1
COc1ccc2c(c1)c(CC(=O)NCCCCCC(=O)NO)c(C)n2C(=O)c1ccc(Cl)cc1,1
O=C(NO)C(F)(F)C(F)(F)C(F)(F)C(F)(F)C(F)(F)C(F)(F)C(=O)Nc1ccc(I)cc1,0
O=C(NO)C(F)(F)C(F)(F)C(F)(F)C(F)(F)C(F)(F)C(F)(F)C(=O)Nc1cccc2cc3ccccc3cc12,1
O=C(NO)c1cccc(CNc2ccccc2)c1,1
Cc1cc(O)nc(SCC(=O)NCCc2ccccc2)n1,0
CNC(=O)c1cccc(C(=O)NO)c1,0
COc1ccc(NC(=O)[C@H](Cc2ccc(OCC(=O)NO)cc2)NC(=O)OCc2ccccc2)cc1,1
Nc1cccc(NC(=O)c2ccc(CNC(=O)OCc3cccnc3)cc2)c1,0
C=C(CCCCCCCC(=O)NO)c1ccc2ccccc2c1,1
Oc1cccn(Cc2cn(-c3ccccc3)nn2)c1=S,1
Cc1ccc(-c2ccc(Cn3cccc(O)c3=S)cc2)cc1,1
CCCCc1nc2cc(/C=C/C(=O)NO)ccc2n1CCN(CC)CC,1
CC1(C)CC(=O)Nc2ccc(C(=O)NC[C@H]3CC[C@@H](CCC(=O)NO)CC3)cc21,1
COc1ccc(Cn2ccc3ccc(C(=O)NO)cc32)cc1,1
[N-]=[N+]=NCc1cc(Cn2cc(NC(=O)CCCCCCC(=O)NO)cn2)cc(N=[N+]=[N-])c1,1
COC(=O)CCCCCCC(=O)Nc1ccc(OCc2cc(CN=[N+]=[N-])cc(N=[N+]=[N-])c2)cc1,0
CN1CCc2c(c3ccccc3n2Cc2ccc(C(=O)NO)cc2)C1,1
Cc1ccc(C(=O)NO)cc1NC(=O)c1ccccc1,1
COc1ccc(C(=O)NO)cc1NC(=O)Cc1ccccc1,1
COc1ccc(C(=O)NO)cc1NC(=O)c1ccc(-c2ccccc2)cc1,1
O=C(NO)c1ccc2ccccc2n1,1
O=C(NO)c1ccc(Cl)c(NC(=O)c2cccc(Oc3ccccc3)c2)c1,1
O=C(NO)C(F)(F)C(F)(F)C(F)(F)C(F)(F)C(F)(F)C(F)(F)C(=O)Nc1ccc(-c2cnnn2-c2ccccc2)cc1,0
O=C(CCCCc1ccn(Cc2ccc(-n3ccc4ccccc43)cc2)n1)NO,1
O=C(CCCCc1ccn(-c2ccccc2)n1)NO,1
O=C(/C=C/c1ccc(-c2ccc(O)cc2)cc1)NO,1
Cc1ccc(-c2cc(C(F)(F)F)nn2-c2ccc(S(=O)(=O)NCCCCCCC(=O)NO)cc2)cc1,1
O=C(CCCc1ccccc1)NO,1
O=C(NO)c1ccc(CNCc2nc(-c3ccc(Cl)cc3)no2)cc1,1
CC(C)(C)OC(=O)Nc1ccc(-c2cc(C(=O)NCCCCCCC(=O)NO)no2)cc1,1
CC(C)(C)OC(=O)Nc1cccc(-c2cc(C(=O)NCCCCC(=O)NO)no2)c1,1
CC(C)(C)OC(=O)Nc1cccc(-c2cc(C(=O)NCCCCCCC(=O)NO)no2)c1,1
O=C(NO)c1ccc(CN2c3ccccc3NC(=O)[C@H]2Cc2cccs2)cc1,1
O=C(N[C@H](CCCCCB(O)O)C(=O)Nc1cccc(-c2ccccc2)c1)c1ccccc1,0
O=C(/C=C/c1ccc2c(c1)nc(COCc1ccccc1)n2CCCO)NO,1
COc1ccc(-c2cc(-c3ccccc3)[nH]c2C(=O)Nc2cccc(CC(=O)NO)c2)cc1,1
N#Cc1cccc(-c2ccc(Cn3cccc(O)c3=S)cc2)c1,1
CC(=O)N(O)CCCCCC(=O)Nc1ccccc1,0
O=C(O)CCCc1ccccc1,0
CCCC(CCC)C(=O)NO,0
CC[C@H](C)[C@@H](CN1Cc2cc(OCC(=O)NO)ccc2C[C@H]1C(=O)Nc1ccc(OC)cc1)NC(=O)CC(C)(C)C,1
CC(=O)Nc1ccc(CSc2nc(C)cc(O)n2)cc1,0
O=C(NO)c1ccc(CNC(=O)c2[nH]c(-c3ccc(O)cc3)cc2-c2ccoc2)cc1,1
Cc1nc(-c2ccccc2)n(CCc2ccccc2)c1-c1cccc(/C=C/C(=O)NO)c1,1
Cc1c(-c2ccccc2)nc(-c2cccc(/C=C/C(=O)NO)c2)n1CCc1ccccc1,1
Cc1c(Cc2ccccc2)nc(-c2cccc(/C=C/C(=O)NO)c2)n1[C@@H]1CCCN(C)C1,1
Cc1nc(-c2cccc(/C=C/C(=O)NO)c2)n(CCN2CCOCC2)c1Cc1ccccc1,1
O=C(/C=C/c1ccc(NS(=O)(=O)c2ccc(Cl)cc2Cl)cc1)NO,1
O=C(CCCCCCCCc1ccc2ccccc2c1)NO,1
CN1CCC[C@@H](n2c(-c3cccc(/C=C/C(=O)NO)c3)nc3ccccc32)C1,1
CCN1CCC[C@@H](n2c(-c3cccc(/C=C/C(=O)NO)c3)nc3ccccc32)C1,1
CCN1CCC[C@@H](n2c(-c3cccc(/C=C/C(=O)NO)c3)nc(Cc3ccccc3)c2C)C1,1
O=C(/C=C/c1ccc2c(c1)nc(-c1ccccn1)n2CCCO)NO,1
Cc1nc(Cc2ccccc2)n(CCc2ccccc2)c1-c1cccc(/C=C/C(=O)NO)c1,1
O=C(N[C@@H](C(=O)O)c1ccccc1)c1cccc(=S)n1O,1
CC(Cc1nc2cc(/C=C/C(=O)NO)ccc2n1CCCO)c1ccccc1,1
O=C(CCCCCN(CCCc1ccccc1)C(=O)NC(=O)c1ccccc1)NO,1
COc1ccc(-c2cc(-c3ccccc3)[nH]c2C(=O)NCc2ccc(C(=O)Nc3ccccn3)cc2)cc1,1
N#Cc1cc(-c2ccccc2)ccc1Cn1cccc(O)c1=S,1
COc1ccc(NC(=O)[C@@H]2Cc3ccc(OCC(=O)NO)cc3CN2CCCc2ccccc2)cc1,1
COc1cc2ncnc(Nc3ccc(Br)cc3)c2cc1OCCCCCCC(=O)NO,1
O=C(CCCCCONC(=O)Nc1cnc2ccccc2c1)NO,0
C#CCOc1ccc(/C=N/NC(=O)c2cccc(C(=O)NO)c2)cc1,1
Oc1cccn(CCCCCCn2cc(-c3ccccc3)nn2)c1=S,1
Oc1cccn(CCCCCCCn2cc(-c3ccccc3)nn2)c1=S,1
COc1ccc(-c2nc3cc(/C=C/C(=O)NO)ccc3n2CC(O)CO)cc1,1
O=C(NO)C(F)(F)C(F)(F)C(F)(F)C(F)(F)C(F)(F)C(F)(F)C(=O)Nc1ccccc1,0
CNC(=O)/C(CCCCC[C@H](NCc1ccc(OC)cc1)C(=O)Nc1ccccc1)=N\O,0
O=C(NO)c1coc(-c2cccc(-c3ccccc3)c2)n1,0
CCCCCCc1nc2cc(/C=C/C(=O)NO)ccc2n1CCN(C)C,1
Cc1cccc(NC(=O)[C@H](CCCCCS)NC(=O)[C@@H]2CCC(=O)N2)c1,1
O=C1CCC[C@@H](C(=O)N[C@@H](CCCCCS)C(=O)NC2CCCC2)N1,1
CC(C)(C)OC(=O)n1cnc(C[C@@H]2NC(=O)[C@]3(C)CSC(=N3)c3csc(n3)CNC(=O)C[C@@H](/C=C/CCS)OC2=O)c1,1
[N-]=[N+]=Nc1ccc(-c2csc(NC(=O)CCCCCCC(=O)NO)n2)cc1,1
CC(C)C[C@H]1CC(=O)N[C@@H](C)C(=O)N[C@@H](CCCCCC(=O)NO)C(=O)N[C@@H](Cc2c[nH]c3ccccc23)C(=O)N1,1
CC(=O)NCCCC[C@@H]1NC(=O)C[C@H](CC(C)C)NC(=O)[C@H](Cc2cccc3ccccc23)NC(=O)[C@H](CCCCCC(=O)O)NC1=O,1
COc1ccc(C(=O)Nc2cc(C(=O)NO)ccc2Cl)cc1,1
C[C@@H]1NC(=O)[C@H]2CCCN2C(=O)[C@H](CCCCCC(=O)[C@@H]2CO2)NC(=O)[C@@H](C)NC1=O,0
Cn1c(=O)ccc2cc(C(=O)NCCCCCCC(=O)NO)ccc21,1
O=C(NO)c1cccc(C(=O)NCCc2ccccc2)c1,1
O=C(CCCCCC(c1c[nH]c2ccccc12)c1c[nH]c2ccccc12)NO,1
O=C(/C=C/c1ccc(C(c2c[nH]c3ccccc23)c2c[nH]c3ccccc23)cc1)NO,1
Cn1c(/C=C/C(=O)NO)ccc1C(=O)Cc1ccccc1,1
O=C(CCCCCN1C(=O)c2cccc3cccc(c23)C1=O)NO,1
CCN1CCC[C@@H](n2c(Cc3ccccc3)nc(C)c2-c2cccc(/C=C/C(=O)NO)c2)C1,1
O=C(CCCCCCC(=O)Nc1cccc(-c2cnnn2-c2ccccc2)c1)NO,1
O=C(CCCCCCC(=O)Nc1ccc(-c2cnnn2-c2ccccc2)cc1)NO,1
CC(C)(C)Oc1ccc(C[C@@H]2C(=O)Nc3ccccc3N2Cc2ccc(C(=O)NO)cc2)cc1,1
CC(C)(C)OC(=O)Nc1ccc(-c2cc(C(=O)NCCCCC(=O)NO)no2)cc1,1
Cc1[nH]c2ccccc2c1CCNCc1ccc(/C=C/C(=O)NO)cc1,1
O=C(CCCCCC1OCCCCCOc2ccccc2NC1=O)NO,1
O=C(CCCCCCC(=O)Nc1cccnc1)NO,1
O=C(CCCCCNC(=O)NC(=O)c1ccccc1)NO,1
CC(C)(C)OC(=O)N[C@@H](CCCCCS)C(=O)NC1CCCC1,0
Nc1ccccc1NC(=O)c1ccc(CNc2nccc(-c3ccn[nH]3)n2)cc1,0
O=C(CCCCCCS)Nc1ccccc1,1
O=C(CCCCCS)Nc1ccccc1,1
N#CCc1ccc(-c2ccc(/C=C/C(=O)NO)cc2Cl)cc1C12CC3CC(CC(C3)C1)C2,1
Nc1ccc(-c2cccs2)cc1NC(=O)c1ccc(CNC(=O)OCc2cccnc2)cc1,0
O=C(/C=C/c1ccc2c(c1)nc(CCc1ccccc1)n2CCN1CCCC1)NO,1
Cc1c(-c2ccccc2)nc(-c2cccc(/C=C/C(=O)NO)c2)n1[C@@H]1CCCN(C)C1,1
N/N=C(\Cc1ccc(O)c(Br)c1)C(=O)NCCS,0
COc1ccc(C(=O)Nc2cc(-c3cccs3)ccc2N)cc1,0
CC(=O)NCCCC[C@@H]1NC(=O)C[C@H](Cc2ccc(O)cc2)NC(=O)[C@H](Cc2cccc3ccccc23)NC(=O)[C@H](CCCCCC(=O)O)NC1=O,1
CCC(=O)CCCCC[C@@H]1NC(=O)[C@H]2CCCCN2C(=O)[C@H]([C@@H](C)CC)NC(=O)[C@H](Cc2cn(OC)c3ccccc23)NC1=O,1
O=C(/C=C/c1cccc(S(=O)(=O)Nc2ccccc2)c1)NO,1
O=CN(O)CCCCCC(C(=O)Nc1cnc2ccccc2c1)C(=O)Nc1cnc2ccccc2c1,1
O=C(N[C@@H](CCCCCB(O)O)C(=O)Nc1cccc(-c2ccccc2)c1)c1cccnc1,0
Cc1cccc(NC(=O)[C@H](CCCCCS)NC(=O)[C@H]2CCC(=O)N2C)c1,1
O=C1CC[C@H](C(=O)N[C@@H](CCCCCS)C(=O)Nc2cccc(C(F)(F)F)c2)N1,1
O=C(CCCCC[C@H](NC(=O)[C@@H]1CCC(=O)N1)C(=O)Nc1ccccc1)NO,1
[N-]=[N+]=NCc1cc(COc2ccc(NC(=O)CCCCCCC(=O)NO)cc2)cc(N=[N+]=[N-])c1,1
COc1cc2cc(c1)COc1ccccc1NC(=O)C(CCCCCC(=O)NO)OCCC2,1
O=C(CCCCCCC(=O)Nc1cccc(-c2cn(-c3ccc(F)cc3)nn2)c1)NO,0
O=C(NO)c1cnc(N2CCN(C(/C=C/c3ccc(F)cc3)CO)CC2)nc1,1
CCCC[C@H]1NC(=O)C[C@@H](/C=C/CCS)OC(=O)C[C@H](O)[C@@H]([C@@H](C)CC)NC(=O)[C@@H](CS)NC1=O,1
COc1ccc2[nH]c(C)c(CC(=O)N[C@@H](CCCCCC(=O)NO)C(=O)NCCc3c(-c4ccccc4)[nH]c4ccccc34)c2c1,1
CCC(=O)CCSC[C@@H]1NC(=O)[C@H](C)NC(=O)C[C@H](CC(C)C)NC(=O)[C@H](Cc2c[nH]c3ccccc23)NC1=O,0
Cn1c(-c2cccc(/C=C/C(=O)NO)c2)nc2ccccc21,1
O=C(/C=C/c1cccc(-c2nc3ccccc3n2CCN2CCCCC2)c1)NO,1
O=C(/C=C/c1cccc(-c2nc3ccccc3n2CCN2CCCC2)c1)NO,1
O=C(/C=C/c1cccc(-c2nc3ccccc3n2Cc2ccccc2)c1)NO,1
Cc1nc(-c2cccc(/C=C/C(=O)NO)c2)n(CCc2ccccc2)c1Cc1ccccc1,1
CCOC(=O)NCc1ccc(C(=O)Nc2cc(-c3cccs3)ccc2N)cc1,0
CC(C)[C@H]1NC(=O)[C@]2(C)CSC(=N2)c2csc(n2)CNC(=O)C[C@@H](/C=C/CCS)OC1=O,1
CC1(C)NC(=O)C[C@H](Cc2c[nH]c3ccccc23)NC(=O)[C@H](Cc2cccc3ccccc23)NC(=O)[C@H](CCCCCC(=O)O)NC1=O,1
CC(C)N(CCn1c(-c2cccc(/C=C/C(=O)NO)c2)nc2ccccc21)C(C)C,1
Nc1ccc(-c2cccs2)cc1NC(=O)c1ccc2nccnc2c1,0
CC(=O)Nc1ccc(C(=O)CSc2nc(C)cc(C)n2)cc1,0
CC(=O)Nc1ccc(C(O)CSc2nc(C)cc(O)n2)cc1,0
COc1ccc(C(=O)Nc2ccccc2N)cc1,0
O=C(Nc1cc(-c2ccccc2)ccc1O)c1ccccc1,0
O=CN(O)CCCCCNC(=O)CCc1ccccc1,1
COc1ccc(COC(CCCCCC(=O)NO)C(=O)Nc2ccccc2)cc1,1
COc1cc2cc(c1)COc1ccccc1NC(=O)C(CCCCCC(=O)NO)OC/C=C\2,1
CCCC(=O)NO,0
CNC(=O)/C(CCCCCCNC(=O)c1cc(-c2ccc(N)cc2)on1)=N/O,0
C[C@H]1CN(c2ccc(C(=O)Nc3cc(-c4ccccc4)ccc3N)cn2)CCN1C(=O)OCc1ccccc1,0
O=CN(O)CCCCCNC(=O)c1ccccc1,0
C[C@]12CC[C@@H]3c4ccc(O)cc4CC[C@H]3[C@@H]1CC[C@@]2(O)c1cn(CCCCCC(=O)NO)nn1,1
Nc1ccc(-c2ccccc2)cc1NC(=O)c1ccc(CNC(=O)OCc2cccnc2)cc1,0
O=C(NO)c1cccc(C(=O)NCCc2cccnc2)c1,1
Cc1c(Cc2ccccc2)nc(-c2cccc(/C=C/C(=O)NO)c2)n1CCN1CCOCC1,1
Cc1nc(-c2cccc(/C=C/C(=O)NO)c2)n(CCc2ccccc2)c1C,1
Nc1ccc(-c2cccs2)cc1NC(=O)c1ccccc1,0
CNC(=O)/C(CCCCCCC(=O)NC1c2ccccc2-c2ccccc21)=N\O,0
CC[C@H](C)[C@H]1NC(=O)[C@@H](CS)NC(=O)[C@@H](CCSC)NC(=O)C[C@@H](/C=C/CCS)OC(=O)C[C@@H]1O,1
O=C(NO)C(F)(F)C(F)(F)C(F)(F)C(F)(F)C(F)(F)C(F)(F)C(=O)Nc1ccc2ccccc2c1,0
O=C(/C=C/c1cccc2ccccc12)NO,1
CC(C)CCc1c(OCCCCCCC(=O)NO)ccc2ccc(=O)oc12,1
Cc1cc(O)nc(SCC(=O)c2ccccc2)n1,0
Cc1cccc(CCNC(=O)CCCCCCS)c1,1
Nc1ccccc1NC(=O)c1ccc(C(C(=O)Nc2ccccc2)C(=O)Nc2ccccc2)cc1,0
O=C(CCCCc1ccn(Cc2cccc(-c3ccccc3)c2)n1)NO,1
Nc1ccccc1NC(=O)c1ccc(CNCc2nc(-c3cccnc3)no2)cc1,0
Oc1cccn(CCCCCn2cc(-c3ccccc3)nn2)c1=S,1
Nc1ccccc1NC(=O)c1ccc(CNCc2nc(-c3ccc(Cl)cc3)no2)cc1,0
O=C(/C=C/c1ccc2c(c1)nc(CCc1ccccc1)n2CCN1CCCCC1)NO,1
O=C(NO)c1coc(-c2ccc(Br)cc2)n1,0
O=C(NO)c1coc(-c2cccs2)n1,1
O=CN(O)CCCCCCCC(=O)Nc1cccc2ccccc12,1
CC(/C=C/c1ccccc1)=C\C(=O)NCCCCCC(=O)NO,1
O=C(/C=C/c1ccc2cccnc2c1)NCCCCCC(=O)NO,1
O=C1CC/C=C/CCC(=O)N(Cc2cccc(/C=N/NC(=O)c3cccc(C(=O)NO)c3)c2)C[C@H](c2ccccc2)O1,1
O=C(CCCCNC(=O)c1cc(-c2ccccc2)on1)NO,1
O=C(CS)CCCCCCC(=O)Nc1ccccc1,1
O=C(CCCCCCC(=S)NO)Nc1ccccc1,0
O=CN(O)CCCCCCCC(=O)Nc1ccccc1,1
CCC(=O)CCCCC[C@@H]1NC(=O)[C@H](C)NC(=O)C[C@H](CC(C)C)NC(=O)[C@H](Cc2cccc3ccccc23)NC1=O,0
O=C(NO)c1cccc(C(=O)NCc2ccccc2)c1,1
CN(C)c1ccc(-c2ccc(Cn3cccc(O)c3=S)cc2)cc1,1
CC(=O)Nc1ccc(C(=O)Nc2cc(-c3cccs3)ccc2N)cc1,0
Nc1ccccc1NC(=O)c1ccc(CNc2nccc(-c3cccnc3)n2)cc1,0
O=C(NO)C(F)(F)C(F)(F)C(F)(F)C(F)(F)C(F)(F)C(F)(F)C(=O)Nc1cccc2ccccc12,0
CC[C@H](C)[C@H](NC(=O)[C@@H]1CCCN1)C(=O)N1Cc2cc(OCC(=O)NO)ccc2C[C@H]1C(=O)Nc1ccc(OC)cc1.Cl,1
COc1ccc(NC(=O)[C@@H]2Cc3ccc(OCC(=O)NO)cc3CN2C(=O)[C@H](Cc2ccccc2)NC(=O)OC(C)(C)C)cc1,1
COc1ccc(NC(=O)[C@@H]2Cc3ccc(OCC(=O)NO)cc3CN2C(=O)Cc2ccccc2)cc1,1
CC[C@H](C)[C@H](NC(=O)C1CCN(C(=O)OC(C)(C)C)CC1)C(=O)N1Cc2cc(OCC(=O)NO)ccc2C[C@H]1C(=O)Nc1ccc(OC)cc1,1
O=C(COc1ccc2c(c1)CN(C(=O)CCc1ccccc1)[C@H](C(=O)Nc1ccccc1)C2)NO,1
O=C(/C=C/c1ccc2c(c1)C(=O)CC1(CCN(Cc3ccccc3)CC1)O2)NO,1
O=C(NO)C(F)(F)C(F)(F)C(F)(F)C(F)(F)C(F)(F)C(F)(F)C(=O)Nc1ccc2ccc3cccc4ccc1c2c34,0
O=C(CS)NCCCCCC(=O)Nc1cccc2cccnc12,1
O=C(CCCCCCC(=O)Nc1cccc(-c2cn(CC(O)c3cccc(Br)c3)nn2)c1)NO,1
O=C(CCCCCCC(=O)Nc1ccc(-c2cn(-c3ccccc3)nn2)cc1)NO,1
Nc1ccc(-c2ccccc2)cc1NC(=O)c1cccnc1,0
O=C(COc1ccc(C[C@H](NC(=O)OCc2ccccc2)C(=O)Nc2cccc(Cl)c2)cc1)NO,1
Nc1ccccc1NC(=O)c1ccccc1,0
O=C(/C=C/c1ccc(/C=N/OCc2ccc([N+](=O)[O-])cc2)cc1)NO,1
O=C(CCCCCCC(=O)Nc1cccc(-c2cnnn2Cc2ccc(F)cc2)c1)NO,1
O=C(NCCCCCCS)c1cc(-c2cnccn2)n[nH]1,0
Nc1ccc(-c2cc(C(=O)NCCCCC(=O)NO)no2)cc1,1
C[C@]12CC[C@@H]3c4ccc(O)cc4CC[C@H]3[C@@H]1CC[C@@]2(O)c1cn(CCCCCCC(=O)NO)nn1,1
O=C(Nc1ccccc1)[C@H](CCCCCS)NC(=O)[C@H]1C(=O)NC[C@H]1c1ccccc1,1
CC1(C)CC(=O)Nc2ccc(C(=O)NC[C@H]3CC[C@H](/C=C/C(=O)NO)CC3)cc21,1
CCC(=O)CCCCC[C@@H]1NC(=O)[C@H](C)NC(=O)C[C@H](CC(C)C)NC(=O)[C@H](Cc2c[nH]c3ccccc23)NC1=O,1
CC(C)C[C@H]1CC(=O)N[C@@H](C)C(=O)N[C@@H](CSCC(=O)O)C(=O)N[C@@H](Cc2c[nH]c3ccccc23)C(=O)N1,1
O=C(O)CCCCC[C@@H]1NC(=O)[C@H](Cc2c(F)c(F)c(F)c(F)c2F)NC(=O)C[C@H](Cc2ccc(O)cc2)NC(=O)[C@H](Cc2cccc3ccccc23)NC1=O,1
CC1(C)CC(=O)Nc2ccc(C(=O)NCc3cccc(/C=C/C(=O)NO)c3)cc21,1
Cc1nc(-c2cccc(/C=C/C(=O)NO)c2)n(CCN2CCOCC2)c1-c1ccccc1,1
CC(C)n1c(-c2cccc(/C=C/C(=O)NO)c2)nc2ccccc21,1
O=C(/C=C/c1cccc(-c2nc3ccccc3n2C2CCCCC2)c1)NO,1
O=C(/C=C/c1cccc(-c2nc3ccccc3n2-c2ccc(Cl)cc2)c1)NO,1
O=C(/C=C/c1cccc(-c2nc3ccccc3n2[C@H]2CCCNC2)c1)NO,1
Cc1nc(-c2cccc(/C=C/C(=O)NO)c2)n([C@@H]2CCCN(C)C2)c1-c1ccccc1,1
O=C(NO)c1ccc(CN2c3ccccc3NC(=O)[C@@H]2Cc2ccccc2)cc1,1
O=C(CCCCCCC(=O)Nc1cccc(-c2cn(C3CCCCC3)nn2)c1)NO,1
Nc1cccc(-c2cc(C(=O)NCCCCCCC(=O)NO)no2)c1,1
COc1ccc(NC(=O)[C@@H]2Cc3ccc(OCC(=O)NO)cc3CN2C(=O)CCCc2ccccc2)cc1,1
COc1ccc(NC(=O)[C@@H]2Cc3ccc(OCC(=O)NO)cc3CN2C(=O)[C@@H](NC(=O)OC(C)(C)C)C(C)C)cc1,1
COc1ccc(NC(=O)[C@@H]2Cc3ccc(OCC(=O)NO)cc3CN2C(=O)CN)cc1.Cl,1
CCC(=O)CCCSC[C@@H]1NC(=O)[C@H](C)NC(=O)C[C@H](CC(C)C)NC(=O)[C@H](Cc2c[nH]c3ccccc23)NC1=O,1
CC(C)C[C@H]1CC(=O)N[C@@H](CCCNC(=N)N)C(=O)N[C@@H](CCCCCC(=O)O)C(=O)N[C@@H](Cc2cccc3ccccc23)C(=O)N1,1
CNC(=O)/C(CCCCCCNC(=O)c1cc(-c2ccc(NC(=O)OC(C)(C)C)cc2)on1)=N/O,0
COC(=O)[C@@H]1Cc2cccc(c2)C[C@H](NC(C)=O)C(=O)N[C@@H](CCCCCC(=O)NO)C(=O)N1,1
O=C(NO)C(F)(F)C(F)(F)C(F)(F)C(F)(F)C(F)(F)C(F)(F)C(=O)Nc1ccc(Cl)cc1,0
Cc1ccccc1-c1ccc(Cn2cccc(O)c2=S)cc1,1
Cc1cccc(-c2ccc(Cn3cccc(O)c3=S)cc2)c1,1
CC(=O)N(C)c1ccc(C(=O)CSc2nc(C)cc(O)n2)cc1,0
Cc1cc(O)nc(SCC(=O)NCCCCCCc2ccccc2)n1,0
O=C(Cc1ccc(-c2csc(NC(=O)COc3ccccc3)n2)s1)NO,1
S=c1[nH]cc(-c2ccncc2)[nH]1,1
CC(C)[C@H]1NC(=O)[C@@H](C)[C@@H](C/C=C\CCC(=O)O)NC(=O)[C@@H](Cc2ccccc2)NC(=O)[C@@H](C)NC1=O,1
C[C@H]1CN(c2ccc(C(=O)Nc3ccccc3N)cn2)CCN1C(=O)OCc1ccccc1,0
CC(=O)CCCCC[C@H](NC1CCCCN1C)C(=O)Nc1nc(-c2ccccc2)cs1,1
O=C(/C=C/c1ccc(CN(CCO)CCc2cc3ccccc3[nH]2)cc1)NO,1
O=C(NO)C(c1ccccc1)c1ccccc1,0
O=C(CCCCCC1OCCCCCCCOc2ccccc2NC1=O)NO,1
Cc1ccc(S(=O)(=O)N[C@@H](Cc2ccc(OCc3ccccc3)cc2)C(=O)NO)cc1,0
CS(=O)(=O)N[C@@H](Cc1ccc(OCCc2ccccc2)cc1)C(=O)NO,1
CC(C)CCc1c(OCCCCCCC(=O)NO)ccc(CCC(=O)NO)c1O,1
O=C(NO)c1ccc(NC2CCN(Cc3ccccc3)C2=O)cc1,1
O=C(NO)c1ccc(NC2CCN(c3ccc(Cl)c(Cl)c3)C2=O)cc1,1
O=C(/C=C/c1ccc(-c2ccc(O)c(C34CC5CC(CC(C5)C3)C4)c2)cc1)NO,1
COc1ccc(-c2ccc(/C=C/C(=O)NO)cc2)cc1,1
CC(C)(C)OC(=O)NCCCC[C@@H]1C(=O)Nc2ccccc2N1Cc1ccc(C(=O)NO)cc1,1
O=C(NO)[C@@H]1[C@H](c2ccccc2)[C@H]1c1ccc2c(c1)CN(CC(F)(F)F)C2=O,1
O=C(NO)[C@@H]1[C@H](c2ccccc2)[C@H]1c1ccc(-c2ncc(F)cn2)cc1,1
O=C(NO)C1[C@H](c2ccccc2)[C@H]1c1ccccc1,1
CC(=O)CCCCC[C@H](NC(=O)C1CCCCN1C)C(=O)Nc1nc(-c2ccccc2)cs1,1
O=C(C=C1c2ccccc2-c2ccccc21)NCCCCCC(=O)NO,1
O=C(NO)c1ccc(CN2C(=O)CNC(=O)[C@H]2Cc2ccccc2)cc1,1
O=C(CCCCCCC(=O)Nc1ccc(-c2cnnn2CC(O)c2cccc(Br)c2)cc1)NO,1
O=C(NO)c1ccc(-c2cccc3ccccc23)cc1,1
N=C/C=N/c1ccc(C(=O)Nc2cc(-c3cccs3)ccc2N)cc1,0
COc1cccc2c(C(CCCCCC(=O)NO)c3c[nH]c4c(OC)cccc34)c[nH]c12,1
COC(=O)CCCCN1C(=O)[C@H](CC(=O)NC(c2ccccc2)(c2ccccc2)c2ccccc2)N=C(c2ccccc2)c2ccccc21,0
COC(=O)CCCCN1C(=O)[C@H](CCC(=O)NC(c2ccccc2)(c2ccccc2)c2ccccc2)N=C(c2ccccc2)c2ccccc21,0
O=C(CCCCCCc1nc(-c2cccs2)no1)C(F)(F)F,1
COC(=O)c1ccc(CO/N=C/c2ccc(/C=C/C(=O)NO)cc2)cc1,1
Cl.O=C(/C=C/c1ccc(-c2cc(CN3CCOCC3)on2)cc1)NO,1
COc1ccc(NC(=O)[C@@H]2Cc3ccc(OCC(=O)NO)cc3CN2C(=O)[C@@H](N)C(C)C)cc1.Cl,1
O=C(CCCNC(=O)NC(=O)c1ccccc1)NO,0
CC(=O)Nc1ccc(C(=O)COc2cc(C)cc(O)n2)cc1,0
Cc1cc(O)nc(SCC(=O)c2ccc(C(C)(C)C)cc2)n1,0
O=C(CCCCCCC(=O)Nc1ccc([C@@H]2O[C@H](c3ccc(CO)cc3)C[C@H](CSc3nc(-c4ccccc4)c(-c4ccccc4)o3)O2)cc1)NO,1
Nc1ccc(Cl)cc1NC(=O)c1ccc(CNC(=O)OCc2cccnc2)cc1,1
Cc1ccc(N)c(NC(=O)c2ccc(CNC(=O)OCc3cccnc3)cc2)c1,1
CC(=O)c1cc(/C=C/C(=O)NO)n(C)c1,0
Cc1c(-c2ccccc2)nc(-c2cccc(/C=C/C(=O)NO)c2)n1[C@@H]1CCCN(C(C)C)C1,1
O=C(/C=C/c1ccc(/C=N/OCCN2CCOCC2)cc1)NO,1
CC(C)C[C@H]1CC(=O)N[C@@H](C)C(=O)N[C@@H](CCCCCC(=O)O)C(=O)N[C@@H](Cc2c[nH]c3ccccc23)C(=O)N1,1
Cc1c(-c2ccccc2)nc(-c2cccc(/C=C/C(=O)NO)c2)n1CCN1CCOCC1,1
Cc1nc(-c2cccc(/C=C/C(=O)NO)c2)n(CCc2ccccc2)c1-c1ccccc1,1
CCN1CCC[C@@H](n2c(-c3cccc(/C=C/C(=O)NO)c3)nc(C)c2-c2ccccc2)C1,1
CC(C)c1cc(C(=O)N2CCc3onc(C(=O)NCCCCCCC(=O)NO)c3C2)c(O)cc1O,1
O=C(CCCCCCC/C(=N\O)c1ccc2ccccc2c1)NO,1
O=C(CCCCCCC(=O)Nc1ccc(-c2cnnn2Cc2ccccc2)cc1)NO,1
O=C(CCCCCCC(=O)Nc1cccc(-c2cn(Cc3ccccc3)nn2)c1)NO,1
Cn1cc(C=O)cc1CCC(=O)NO,0
COc1ccc(CS(=O)(=O)Nc2ccc(/C=C\C(=O)NO)cc2)cc1,1
O=C(/C=C/c1ccc(NS(=O)(=O)c2ccc(Cl)cc2)cc1)NO,1
O=C(CCCCCCCC(O)c1ccc2ccccc2c1)NO,1
O=C(NO)c1ccc2c(c1)C[C@H](Nc1nccc(-c3cccnc3)n1)CC2,1
O=C(NO)c1ccc2c(c1)CC(Nc1nccc(-c3cccnc3)n1)CN2,1
O=C(NO)c1ccc2c(c1)CC(NC(=O)c1ccc(Cl)c(Cl)c1)CN2,1
O=C(NO)c1ccc2c(c1)CC(NS(=O)(=O)c1ccc(Cl)cc1)CN2,1
O=C(NO)c1ccc2c(c1)CC(NS(=O)(=O)c1cccc(F)c1)CN2,1
Cc1ccc(-c2ccnc(NC3CCc4ccc(C(=O)NO)cc4C3)n2)cc1,1
O=C(CCCCCNC(=O)NC(=O)c1ccc(Br)cc1)NO,1
O=C(CCCCC[C@H](NC(=O)[C@@H]1CC(=O)N1)C(=O)Nc1ccccc1)NO,1
O=C(CCCCC[C@H](NC(=O)C1CCNC1=O)C(=O)Nc1ccccc1)NO,1
CC[C@H](C)[C@@H]1N=C(c2ccccc2)c2ccccc2N(CCCCC(=O)OC)C1=O,0
CC(C)(C)Oc1ccc(C[C@@H]2N=C(c3ccccc3)c3ccccc3N(CCCCC(=O)NO)C2=O)cc1,1
O=C(CCCCN1C(=O)[C@H](Cc2ccccc2)N=C(c2ccccc2)c2ccccc21)NO,0
O=C(CCCCN1C(=O)CN=C(c2ccccc2)c2ccccc21)NO,1
O=C(CCCCC(=O)Nc1ccc2c(c1)/C(=C/c1ccc[nH]1)C(=O)N2)NO,1
O=C(NO)[C@@H]1[C@H](c2ccccc2)[C@H]1c1cccc(-c2ncc(F)cn2)c1,1
O=C(CCc1ccc(CC(=O)c2ccccc2)o1)NO,1
O=C(/C=C/c1cccc(-c2nc3ccccc3n2CCc2ccccc2)c1)NO,1
C[C@@H](c1ccccc1)n1c(-c2cccc(/C=C/C(=O)NO)c2)nc2ccccc21,1
CCN1CCC[C@@H](n2c(-c3cccc(/C=C/C(=O)NO)c3)nc(C)c2C)C1,1
O=C(CCCCCC(c1c[nH]c2ccc([N+](=O)[O-])cc12)c1c[nH]c2ccc([N+](=O)[O-])cc12)NO,1
CN(C)Cc1c(C(=O)NCCOc2ccc(C(=O)NO)cc2)oc2ccccc12,1
O=CN(O)CCCCCC(=O)Nc1ccccc1,1
O=CN(O)CCCCCCCC(=O)Nc1ccc2ccccc2c1,1
Cc1cc(Oc2ccccc2)nc(NC2CCc3ccc(C(=O)NO)cc3C2)n1,1
O=C(NO)c1cc2c(cc1F)CCC(Nc1nccc(-c3cccnc3)n1)C2,1
COc1cc(-c2nc3cc(/C=C/C(=O)NO)ccc3n2C)ccc1OCc1ccccc1,1
CC1=C(C)C(=O)C(CONC(=O)CCCCCCC(=O)Nc2ccccc2)=C(C)C1=O,1
O=C(/C=C/c1ccc2c(c1)nc(-c1ccncc1)n2CCO)NO,1
O=C1Nc2ccccc2C(c2ccccc2)=N[C@H]1Cc1cn(C(c2ccccc2)(c2ccccc2)c2ccccc2)cn1,0
O=C(NO)c1ccc2c(c1)nc(CCc1ccccc1)n2CCCO,1
C/C=C1\NC(=O)c2csc(n2)CNC(=O)C[C@@H](/C=C/CCSC(C)=O)OC(=O)[C@H](C(C)C)NC1=O,0
O=C(NO)c1ccc(Cl)c(NC(=O)c2ccccc2)c1,1
COc1ccc(C(=O)NO)cc1S(=O)(=O)Nc1ccc(C)cc1,1
CC(C)(C)OC(=O)CC[C@H]1N=C(c2ccccc2)c2ccccc2NC1=O,0
COC(=O)CCCCN1C(=O)[C@H](C(C)C)N=C(c2ccccc2)c2ccccc21,0
CC(C)(C)SC[C@H]1N=C(c2ccccc2)c2ccccc2N(CCCCC(=O)O)C1=O,0
CC(C)(C)OC(=O)NCCCC[C@@H]1N=C(c2ccccc2)c2ccccc2N(CCCCC(=O)O)C1=O,0
O=C(O)CCCCN1C(=O)[C@H](CCC(=O)NC(c2ccccc2)(c2ccccc2)c2ccccc2)N=C(c2ccccc2)c2ccccc21,0
CCCCCCC(CCCC(=O)NO)CCC(=O)Nc1ccccc1,1
CC(=O)Nc1ccc(C(=O)CSc2nccc(C)n2)cc1,0
CCOC(=O)CC(=O)CSc1nc(C)cc(O)n1,0
CSCC(=O)CCCCCCC(=O)Nc1ccccc1,0
O=C(CCCCCNC(=S)CS)Nc1ccccc1,0
O=C(CCCCCC1OCCCCCCOc2ccccc2NC1=O)NO,1
O=C(/C=C/c1ccc(/C=C(/CNC2CC2)c2ccc(F)cc2)cc1)NO,1
CC[C@H](C)[C@H](NC(=O)[C@@H]1CCCN1C(=O)OC(C)(C)C)C(=O)N1Cc2cc(OCC(=O)NO)ccc2C[C@H]1C(=O)Nc1ccc(OC)cc1,1
COc1ccc(NC(=O)[C@@H]2Cc3ccc(OCC(=O)NO)cc3CN2C(=O)[C@@H]2CCCN2C(=O)OC(C)(C)C)cc1,1
CC(=O)Nc1ccc(C(=O)COc2nc(C)cc(O)n2)cc1,0
Cc1cc(O)nc(SCC(=O)c2ccc(NC(=O)c3ccccc3)cc2)n1,0
O=C(/C=C/c1cccc(-c2ccc(O)cc2)c1)NO,1
CC(C)c1cc(C(C)C)c(C(C)C)cc1CS(=O)(=O)Nc1ccc(/C=C\C(=O)NO)cc1,1
COc1ccc(-c2noc(CCCCCCC(=O)Nc3ccccc3N)n2)cc1,0
CCCCCCCC(=O)SCC/C=C/[C@@H]1CC(=O)N[C@H](C(C)C)C(=O)N[C@H](C)C(=O)N[C@H](C(C)C)C(=O)NCC(=O)O1,0
O=C(O)c1cccc(=S)n1O,1
Cc1ccc(NC(=O)[C@H](CCCCCC(=O)NO)NC(=O)[C@H]2CCC(=O)N2)cc1,1
Cc1ccc(NC(=O)CCCCCCC(=O)NO)cc1,1
O=C(CCCCCCC(=O)Nc1cccc(C(F)(F)F)c1)NO,1
O=C(NO)C1=CCCC1,1
O=C1CN(Cc2ccc(C(=O)NO)cc2)c2ccccc2N1,1
O=C(/C=C/c1cccc(C(=O)c2cc3ccccc3o2)c1)NO,1
N#Cc1ccc(-c2cn(CCCCCn3cccc(O)c3=S)nn2)cc1,1
O=C(CCCCCCC(=O)Nc1ccc2c(c1)CCC(=O)N2)NO,1
O=C(/C=C/c1ccc2c(c1)nc(COCc1ccccc1)n2CCc1cccnc1)NO,1
O=C(CCCCCCc1nc(-c2ccc(C(F)(F)F)cc2)no1)NO,0
O=C(CCCCCCc1nc(-c2ccc([N+](=O)[O-])cc2)no1)C(F)(F)F,1
CNC(=O)/C(CCCCCCC(=O)Nc1cccc(Br)c1)=N\O,0
CNC(=O)/C(CCCCCCC(=O)Nc1cccc(-c2cncc3cc(Cl)ccc23)c1)=N\O,0
O=C(NO)c1ccc(Cn2ccc3ccccc32)cc1,1
O=C(NO)c1ccc(CN(c2ccccc2)c2ccccc2)cc1,1
COC[C@H]1CCCN1Cc1ccc(C(=O)NO)cc1,1
COC(=O)[C@H](Cc1ccc(OCCc2ccccc2)cc1)NS(C)(=O)=O,0
O=C(N[C@@H](Cc1ccc(OCc2ccccc2)cc1)C(=O)NO)c1ccccc1,1
C/C(=C\Cc1ccc(NS(=O)(=O)c2ccccc2)cc1)CC(=O)NO,1
O=C(/C=C/c1ccc(NC(=O)Nc2ccc(Cl)cc2)cc1)NO,1
CN(/N=C/c1ccc(C(=O)NO)cc1)C(=O)c1ccc(N(C)C)cc1,1
C#CCOc1ccc(/C=N/NC(=O)CCCCCCC(=O)NO)cc1,1
CC[C@H](C)[C@H](NC(=O)[C@@H](N)C(C)C)C(=O)N1Cc2cc(OCC(=O)NO)ccc2C[C@H]1C(=O)Nc1ccc(OC)cc1.Cl,1
COc1ccc(NC(=O)[C@@H]2Cc3ccc(OCC(=O)NO)cc3CN2C(=O)[C@H](CC(C)C)NC(=O)OC(C)(C)C)cc1,1
COc1ccc(NC(=O)[C@@H]2Cc3ccc(OCC(=O)NO)cc3CN2Cc2ccccc2)cc1,1
Cc1ccc(-c2noc(CNCc3ccc(C(=O)Nc4ccccc4N)cc3)n2)cc1,0
COc1cc(COc2ccc(NC(=O)CCCCCCC(=O)OCc3ccc(CN=[N+]=[N-])cc3)cc2)cc(N=[N+]=[N-])c1,0
CCN(CC)Cc1ccc2cc(COC(=O)Nc3ccc(C(=O)NO)cc3)ccc2c1,1
O=C(O)CCCCCCC(=O)Nc1ccc([C@@H]2O[C@H](c3ccc(CO)cc3)C[C@H](CSc3nc(-c4ccccc4)c(-c4ccccc4)o3)O2)cc1,1
O=C(CCCCCCCN1C(=O)c2ccccc2C1=O)NO,1
CC(=O)Nc1ccccc1NC(=O)c1ccc(CNC(=O)OCc2cccnc2)cc1,0
Cc1ccc(S(=O)(=O)Nc2ccc(/C=C/C(=O)NO)cc2)cc1,1
O=C(CCCCCCCC(=O)c1cccnc1)NO,1
NCCCC[C@@H]1N=C(c2ccccc2)c2ccccc2N(CCCCC(=O)NO)C1=O,0
CN(C)c1ccc(-c2cn(CCCCCn3cccc(O)c3=S)nn2)cc1,1
CC(=O)N1c2ccc(-c3ccc(NC(=O)CCCCCCC(=O)NO)cc3)cc2[C@H](NC(=O)OC(C)C)C[C@@H]1C,1
O=C(NO)C(F)(F)C(F)(F)C(F)(F)C(F)(F)C(F)(F)C(F)(F)C(=O)Nc1cccc(Cl)c1,0
Cn1cc(C(=O)Cl)cc1/C=C/C(=O)NO,1
CNC(=O)/C(CCCCCCC(=O)Nc1cccc(-c2ccc(C(=O)O)cc2)c1)=N\O,0
CC(=O)SCC(=O)NCCCCCC(=O)Nc1ccccc1,0
CC(=O)SCC(=O)CCCCCCC(=O)Nc1ccccc1,1
O=C(CO)NCCCCCC(=O)Nc1ccccc1,0
O=C(Cc1ccc(-c2csc(NC(=O)Cc3ccccc3)n2)s1)NO,1
O=C(NO)c1ccc2c(c1)CC(Nc1nccc(-c3ccc(F)cc3)n1)CC2,1
O=C(NO)c1ccc2c(c1)CC(Nc1nccc(-c3ccc(N4CCOCC4)nc3)n1)CC2,1
O=C(NO)c1cc2c(cc1F)CCC(NS(=O)(=O)c1cccc(Cl)c1)C2,1
O=C(NO)c1ccc2c(c1)CC(NC(=O)c1ccc(Cl)cc1)CN2,1
Nc1ccc(-c2ccccc2)cc1NC(=O)c1ccccc1,0
COC(=O)CCCCCCC(=O)Nc1cnn(Cc2cc(CN=[N+]=[N-])cc(N=[N+]=[N-])c2)c1,0
O=C1CCC[C@@H](C(=O)N[C@@H](CCCCCS)C(=O)NCc2cccc(OCc3ccccc3)c2)N1,1
CC(C)c1cc(-n2nnc(C(=O)NCCCCCCC(=O)NO)c2-c2ccc(CN3CCOCC3)cc2)c(O)cc1O,1
O=C(/C=C/c1ccc(C(=O)N/N=C/c2ccc(O)c(O)c2O)cc1)NO,1
CC(C)[C@@H]1NC(=O)[C@]2(C)CSC(=N2)c2cccc(n2)CNC(=O)C[C@@H](/C=C/CCS)OC1=O,1
CC1(C)c2cccc(C(N)=O)c2CN1c1cnc(C(F)(F)F)cn1,0
CCCCCCc1nc2cc(/C=C/C(=O)NO)ccc2n1CCNC(C)C,1
O=C(CCCCCCCC(=O)c1ccc(-c2ccc(Br)cc2)cc1)NO,1
O=C(O)CC[C@@H]1N=C(c2ccccc2)c2ccccc2NC1=O,0
COC(=O)CCCCN1C(=O)[C@H](CCCCNC(=O)OC(C)(C)C)N=C(c2ccccc2)c2ccccc21,0
O=C(NO)c1cccc(-c2cn(CSc3ccccc3)nn2)c1,1
O=C(NO)c1ccc(CN2c3ccccc3NC(=O)[C@H]2Cc2ccc(F)c(F)c2)cc1,1
CC(C)(C)OC(=O)C[C@H]1N=C(c2ccccc2)c2ccccc2NC1=O,0
COC(=O)CCCCN1C(=O)[C@H](C)N=C(c2ccccc2)c2ccccc21,0
C[C@@H]1N=C(c2ccccc2)c2ccccc2NC1=O,0
CC(C)(C)OC[C@@H]1N=C(c2ccccc2)c2ccccc2NC1=O,0
O=C1Nc2ccccc2C(c2ccccc2)=N[C@H]1Cc1ccccc1,0
CN(/N=C/c1cccc(C(=O)NO)c1)C(=O)c1ccc(N(C)C)cc1,1
Oc1cccn(Cc2ccccc2)c1=S,1
O=C(NO)c1coc(-c2ccccc2Br)n1,0
O=C(NO)c1coc(-c2ccc(F)cc2)n1,0
CC(C)Cc1nc2cc(/C=C/C(=O)NO)ccc2n1CCc1ccccc1,1
CC(C)(C)OC(=O)Nc1ccc(Cn2cc(NC(=O)CCCCCCC(=O)NO)cn2)cc1,1
COc1ccc(C(=O)N[C@@H](Cc2c[nH]c3ccccc23)C(=O)NCCCCCC(=O)Nc2cc(-c3cccs3)ccc2N)cc1,0
CC(=O)N[C@@H](Cc1ccc(OCCc2ccccc2)cc1)C(=O)O,0
O=C(NO)c1noc(-c2ccccc2)n1,0
COc1cc(-c2nc3cc(/C=C/C(=O)NO)ccc3n2CC(O)CO)ccc1OCc1ccccc1,1
CC(C)(C)OC(=O)N[C@@H](Cc1ccc(OCC(=O)NO)cc1)C(=O)Nc1ccccc1,1
Cc1cc(O)nc(SCC(=O)C(C)(C)C)n1,0
CN(c1ccc(C(=O)NO)cc1)C1CCN(c2ccccc2)C1=O,1
CC(=O)SCC/C=C/[C@@H]1CC(=O)N[C@H](C(C)C)C(=O)N[C@H](Cc2cn(C)cn2)C(=O)N[C@H](C(C)C)c2cn(nn2)CC(=O)O1,1
O=C(NO)C(F)(F)C(F)(F)C(F)(F)C(F)(F)C(F)(F)C(F)(F)C(=O)Nc1ccccc1-c1ccccc1,1
O=C(CCCCCCc1nc(-c2ccccc2Cl)no1)C(F)(F)F,1
Cl.N[C@@H](Cc1ccc(OCC(=O)NO)cc1)C(=O)Nc1ccccc1,1
[N-]=[N+]=Nc1ccc(-c2cc(C(=O)NCCCCCCC(=O)NO)no2)cc1,1
[N-]=[N+]=Nc1ccc(Cn2cc(NC(=O)CCCCCCC(=O)NO)cn2)cc1,1
CC(=O)N(O)CCCCCCCC(=O)Nc1ccccc1,0
O=C(NO)N1CCN(C(=S)N/N=C/c2ccccc2O)CC1,0
O=C(NO)c1ccc(CN2c3ccccc3NC(=O)[C@H]2CCc2ccccc2)cc1,1
O=C(NO)c1ccc(CN2C(=O)CNC(=O)[C@H]2Cc2c[nH]c3ccccc23)cc1,1
Nc1ccccc1NC(=O)c1ccc2nccnc2c1,0
O=C(/C=C/c1cccc(-c2nc3ccccc3n2CCN2CCOCC2)c1)NO,1
COc1ccc(-n2c(-c3cccc(/C=C/C(=O)NO)c3)nc3ccccc32)cc1,1
CCN1CCC[C@@H](n2c(-c3cccc(/C=C/C(=O)NO)c3)nc(-c3ccccc3)c2C)C1,1
Cc1nc(-c2cccc(/C=C/C(=O)NO)c2)n(CCN2CCOCC2)c1C,1
O=C(/C=C/c1ccc(/C=N/OCc2c(F)c(F)c(F)c(F)c2F)cc1)NO,1
CC(=O)Nc1ccc(C(=O)Nc2ccccc2N)cc1,0
O=C(NO)N1CCN(C(=S)N/N=C/c2ccc(Cl)cc2)CC1,0
O=CN(O)CCCCCC(C(=O)Nc1ccc2ncccc2c1)C(=O)Nc1ccc2ncccc2c1,1
O=C(/C=C/c1ccc(NS(=O)(=O)c2ccc(OC(F)(F)F)cc2)cc1)NO,1
CC(CCc1ccc(NS(=O)(=O)c2ccccc2)cc1)CC(=O)NO,0
O=C(CCCc1ccc(NS(=O)(=O)c2ccccc2)cc1)NO,1
CCN(CC)CCn1c(-c2cccc(/C=C/C(=O)NO)c2)nc2ccccc21,1
COC(=O)N(O)CCCCCCC(=O)Nc1ccccc1,0
O=C(CCCCC[C@H](NC(=O)[C@@H]1CCCC(=O)N1)C(=O)NCCc1ccccc1)NO,1
COC(=O)NCc1ccc(C(=O)Nc2cc(-c3ccccc3)ccc2N)cc1,0
O=C(CCCCOCc1cc(-c2ccccc2)on1)NO,1
CC(=O)Nc1ccc(-c2cc(C(=O)NCCCCCCC(=O)NO)no2)cc1,1
O=C(CCCCCCC(=O)Nc1cccc(-c2cn(Cc3ccc(F)cc3)nn2)c1)NO,1
O=C(CS)NCCCCCC(=O)Nc1ccccc1,1
O=C(CCCCCCC(=O)Nc1cccc(-c2cnnn2Cc2ccccc2)c1)NO,1
CNC(=O)/C(CCCCCCC(=O)Nc1cnc2ccccc2c1)=N\O,0
Cc1c(Cc2ccccc2)nc(-c2cccc(/C=C/C(=O)NO)c2)n1CCc1ccccc1,1
O=C(/C=C/c1ccc(Cl)cc1F)NCCCCCC(=O)NO,1
O=C(NO)c1csc(-c2ccccc2)n1,0
COC(=O)NCc1ccc(C(=O)Nc2cc(-c3cccs3)ccc2N)cc1,0
CCCC[C@H]1NC(=O)C[C@H]2/C=C/CCSSC[C@@H](NC1=O)C(=O)N[C@H]([C@@H](C)CC)[C@@H](O)CC(=O)O2,0
O=C(CCCCCCC(=O)Nc1ccc(-c2cn(Cc3ccc(F)cc3)nn2)cc1)NO,1
O=C(NO)c1cccc2ccccc12,0
O=C(/C=C/c1cccc(-c2nc3ccccc3n2CC2CCNCC2)c1)NO,1
Oc1cccn(Cc2ccc(-c3ccccc3)cc2)c1=S,1
CCCCCCCCc1nc2cc(/C=C/C(=O)NO)ccc2n1CCCO,1
COc1ccccc1C(=O)CCCCCCCC(=O)NO,1
Cc1cccc(-c2cn(CCCCCn3cccc(O)c3=S)nn2)c1,1
COc1cccc(C(C)C)cc1=O,1
O=C(/C=C/c1cccc(C(=O)NO)c1)Nc1ccccc1,1
O=C(/C=C/c1cccc(S(=O)(=O)n2ccc3cccnc32)c1)NO,1
Cc1ccc(-c2cc(C(=O)NCCCCCCCC(=O)NO)nn2-c2ccc(S(N)(=O)=O)cc2)cc1,1
O=C(/C=C/c1cccc(-c2nc3ccccc3n2-c2ccccc2)c1)NO,1
CC(C)(C)OC(=O)NCCC[C@@H]1NC(=O)[C@]2(C)CSC(=N2)c2csc(n2)CNC(=O)C[C@@H](/C=C/CCS)OC1=O,1
Cc1cccc(CCNC(=O)[C@H](CCCCCS)NC(=O)[C@@H]2CCCC(=O)N2)c1,1
O=C(CCCCCCC(=O)Nc1ccc(-c2cn(CC(O)c3cccc(Br)c3)nn2)cc1)NO,1
O=C(NO)c1ccc2c(c1)CN(Cc1ccc(-c3cccc([N+](=O)[O-])c3)o1)CC2,1
O=C(CCCCCCC(=O)Nc1cccc(-n2cc(C3CCCCC3)nn2)c1)NO,1
O=C(CCCCCCC(=O)Nc1cccc(-c2cn(-c3ccc(C(F)(F)F)cc3)nn2)c1)NO,1
O=C(CCCCCCC(=O)NO)NO,1
COc1ccc(N)c(NC(=O)c2ccc(CNC(=O)OCc3cccnc3)cc2)c1,1
O=C(CCCCCCC/C(=N\O)c1ccc(-c2ccccc2)cc1)NO,1
COc1ccc(C(=O)CCCCCCCC(=O)NO)cc1,1
COC(=O)CCCCN1C(=O)[C@@H](CSC(C)(C)C)N=C(c2ccccc2)c2ccccc21,0
O=C(CCCCCCS)NCc1cccc(OCc2ccccc2)c1,1
O=C(CCCCCCCC(=O)c1ccc(C(F)(F)F)cc1)NO,1
CCCCc1nc2cc(/C=C/C(=O)NO)ccc2n1CCNC(C)C,1
O=C(Cc1ccccc1)NO,0
O=C(CCCCCNC(=O)NC12CC3CC(CC(C3)C1)C2)NO,1
CNC(=O)/C(CCCCCCC(=O)Nc1ccc(-c2ccccc2)cc1)=N\O,0
CNC(=O)/C(CCCCCCNC(=O)c1cc(-c2cccc(NC(=O)OC(C)(C)C)c2)on1)=N/O,0
CC[C@H](C)[C@H](NC(=O)OC(C)(C)C)C(=O)N1Cc2cc(OCC(=O)NO)ccc2C[C@H]1C(=O)Nc1ccc(OC)cc1,1
COc1ccc(NC(=O)[C@@H]2Cc3ccc(OCC(=O)NO)cc3CN2C(=O)[C@H](Cc2ccc(O)cc2)NC(=O)OC(C)(C)C)cc1,1
COc1ccc2cc(C(=O)NCCCCCCC(=O)NO)ccc2n1,1
CC[C@H](C)[C@H]1NC(=O)[C@H]2CSSCC/C=C/[C@H](CC(=O)N[C@H](CCSC)C(=O)N2)OC(=O)C[C@@H]1O,0
COc1ccc(NC(=O)[C@@H]2Cc3ccc(OCC(=O)NO)cc3CN2C(=O)[C@@H](N)CC(C)C)cc1.Cl,1
CNC(=O)/C(CCCCCCC(=O)Nc1ccccc1)=N\O,0
CNC(=O)/C(CCCCCCC(=O)Nc1ccc2ccccc2c1)=N\O,0
CNC(=O)/C(CCCCCCC(=O)Nc1cccc(-c2ccccc2)c1)=N\O,0
CNC(=O)/C(CCCCCCC(=O)Nc1cccc(-c2cccnc2)c1)=N\O,0
CNC(=O)/C(CCCCCCNC(=O)c1cc(-c2cccc(N)c2)on1)=N/O,0
CCN1CCC[C@@H](n2c(C)nc(C)c2-c2cccc(/C=C/C(=O)NO)c2)C1,1
O=C(NO)c1ccc(C(=O)Nc2ccccc2)cc1,1
CC[C@H](C)[C@H](NC(=O)[C@@H](NC(=O)OC(C)(C)C)C(C)C)C(=O)N1Cc2cc(OCC(=O)NO)ccc2C[C@H]1C(=O)Nc1ccc(OC)cc1,1
O=C(COc1ccc2c(c1)CN(C(=O)CCc1ccccc1)[C@H](C(=O)NCCc1ccccc1)C2)NO,1
O=C(/C=C/c1ccc2c(c1)nc(-c1ccsc1)n2CCCO)NO,1
Oc1cccn(Cc2ccc(Cn3cc(-c4ccccc4)nn3)cc2)c1=S,1
O=C(CCCCCCN(c1ccccn1)c1ccc2ccccc2n1)NO,1
COc1cc(Cn2c(CCc3ccccc3)nc3cc(/C=C/C(=O)NO)ccc32)cc(OC)c1OC,1
CS(=O)(=O)N[C@@H](Cc1ccc(OCc2ccccc2)cc1)C(=O)O,0
O=C(N[C@@H](Cc1ccc(OCCc2ccccc2)cc1)C(=O)NO)c1ccccc1,0
O=C(N[C@@H](Cc1ccc(OCc2ccccc2)cc1)C(=O)O)c1ccccc1,0
Cc1ccc(C(=O)N[C@@H](Cc2ccc(OCCc3ccccc3)cc2)C(=O)NO)cc1,0
COC(=O)[C@H](Cc1ccc(OCCc2ccccc2)cc1)NC(=O)c1ccc(C)cc1,0
N#Cc1ccc(-c2ccc(Cn3cccc(O)c3=S)cc2)cc1,1
O=C(NO)c1ccc2c(c1)CC(Nc1nccc(-c3ccc4ccccc4c3)n1)CC2,1
O=C(/C=C/c1ccc2c(c1)nc(-c1ccncc1)n2CCCO)NO,1
O=C(/C=C/c1ccc(NS(=O)(=O)c2ccccc2)cc1)NO,1
O=C(CCCCCCCC(=O)c1ccc(N2CCCCC2)cc1)NO,1
COc1ccc(C(=O)CCCCCCC(=O)NO)cc1,1
O=C(NO)c1ccc2c(c1)CC(Nc1nccc(-c3cccnc3Cl)n1)CC2,1
O=C(NO)c1ccc2c(c1)CC(Nc1ncc3cc(F)ccc3n1)CC2,1
O=C(NO)c1ccc2c(c1)CC(NS(=O)(=O)c1cccc(Cl)c1)CC2,1
O=C(NO)c1ccc2c(c1)CC(NS(=O)(=O)c1cccnc1)CC2,1
O=C(NO)c1ccc2c(c1)CC(NC(=O)c1ccc(-c3ccccc3)cc1)CN2,1
COc1ccc(NC(=O)[C@H](Cc2ccc(OCC(=O)NO)cc2)NC(=O)CCCc2ccccc2)cc1,1
C/C=C1\NC(=O)c2csc(n2)CNC(=O)C[C@@H](/C=C/CCS)OC(=O)[C@H](C(C)C)NC1=O,1
Nc1ccc(NC(=O)c2ccc(CNC(=O)OCc3cccnc3)cc2)cc1,0
O=C(/C=C/c1ccc(NS(=O)(=O)c2cccc(C(F)(F)F)c2)cc1)NO,1
COc1ccc(-c2nc3cc(/C=C/C(=O)NO)ccc3n2CCO)cc1,1
O=C1C[C@@H](C(=O)N[C@@H](CCCCCS)C(=O)Nc2ccccc2)N1,1
O=C(CCCCCCS)NC1CCCC1,1
O=C(CCCCCCS)NCc1ccc(C(F)(F)F)cc1,1
CCCCCc1nc2cc(/C=C/C(=O)NO)ccc2n1CCNC(C)C,1
COc1ccc(NC(=O)[C@@H]2Cc3ccc(OCC(=O)NO)cc3CN2C(=O)[C@@H]2CCCN2)cc1.Cl,1
COc1ccc(NC(=O)[C@@H]2Cc3ccc(OCC(=O)NO)cc3CN2C(=O)[C@@H](N)Cc2ccc(O)cc2)cc1.Cl,1
CCOc1ccc(C(=O)NO)cc1NC(=O)c1ccc(-c2ccccc2)cc1,1
O=C(CCCCCCC(=O)Nc1cccc(-c2cn(-c3ccc(I)cc3)nn2)c1)NO,0
CC(=O)SCC/C=C/[C@@H]1CC(=O)N[C@H](C(C)C)C(=O)N[C@H](Cc2ccccc2)C(=O)N[C@H](C(C)C)c2cn(nn2)CC(=O)O1,1
C[C@]12CC[C@@H]3c4ccc(O)cc4CC[C@H]3[C@@H]1CC[C@@]2(O)c1cn(CCCCC(=O)NO)nn1,1
CC(C)C[C@H]1CC(=O)N[C@@H](C)C(=O)N[C@@H](CSCCC(=O)O)C(=O)N[C@@H](Cc2c[nH]c3ccccc23)C(=O)N1,1
CCC(=O)CCCCC[C@@H]1NC(=O)[C@H](CCCCCNC(C)=O)NC(=O)C[C@H](CC(C)C)NC(=O)[C@H](Cc2c[nH]c3ccccc23)NC1=O,1
O=C(/C=C/c1cccc(C(=O)c2cc3ccccc3[nH]2)c1)NO,1
Cn1cc([C@H]2[C@H](C(=O)NO)[C@@H]2c2ccccc2)cn1,1
CNC(=O)/C(CCCCCCC(=O)Nc1cccc(-c2ccc(Cl)nc2)c1)=N\O,0
CNC(=O)/C(CCCCC[C@@H](C(=O)Nc1ccccc1)N(Cc1ccccc1)Cc1ccccc1)=N\O,0
COc1cc(-c2nc3cc(/C=C/C(=O)NO)ccc3n2CCCO)ccc1OCc1ccccc1,1
Cn1c(CCc2ccccc2)nc2cc(/C=C/C(=O)NO)ccc21,1
O=C(/C=C/c1ccc2c(c1)nc(CCc1ccccc1)n2CCCO)NO,1
CC(C)Cc1nc2cc(/C=C/C(=O)NO)ccc2n1CCCO,1
CCC(=O)CCCCC[C@@H]1NC(=O)C[C@H](CC(C)C)NC(=O)[C@H](Cc2c[nH]c3ccccc23)NC(=O)[C@H](CCCCCC(=O)CC)NC1=O,1
CS(=O)(=O)N[C@@H](Cc1ccc(OCCc2ccccc2)cc1)C(=O)O,0
COC(=O)[C@H](Cc1ccc(OCc2ccccc2)cc1)NC(=O)c1ccccc1,0
Nc1ccc(-c2cc(C(=O)NCCCCCCC(=O)NO)no2)cc1,1
O=C(NO)c1ccc2c(c1)CC(NS(=O)(=O)c1ccc(Cl)cc1Cl)CC2,1
O=C(NO)c1ccc2c(c1)CC(NC(=O)c1cccc(C(F)(F)F)c1)CN2,1
CCCC(CCC)C(=O)O,0
CCOP(=O)(CNCc1ccc(C(=O)Nc2cc(-c3cccs3)ccc2N)cc1)OCC,0
COc1cc(NC(=O)NOCCCCCC(=O)NO)c2ncccc2c1,1
O=C(/C=C/c1cccc(-c2nc3ccccc3[nH]2)c1)NO,1
O=C(/C=C/c1cccc(-c2nc3ccccc3n2CCCc2ccccc2)c1)NO,1
COc1ccc(NC(=O)[C@@H]2Cc3ccc(OCC(=O)NO)cc3CN2C(=O)[C@@H](N)Cc2ccccc2)cc1.Cl,1
CC(=O)Nc1ccc(C(=O)CSc2nc(C)cc(O)n2)cc1,0
CC(=O)Nc1ccc(C(=O)CSc2cccc(O)c2)cc1,0
CC(=O)CSc1nc(C)cc(O)n1,0
Cc1ccc(-c2cc(C(F)(F)F)c(C#N)c(SCCC#N)n2)o1,1
O=C(NO)c1csc(-c2ccc(Br)cc2)n1,0
O=C(/C=C/c1ccc2c(c1)ncn2Cc1ccccc1)NO,1
Cn1cccc1C(=O)N1CCn2cc(C(=O)NO)cc2C1,1
COc1ccc(-c2ccccc(O)c2=O)c(OC)c1OC,1
O=C(CCCCCCNC(=O)NC(=O)c1ccccc1)NO,1
O=C(CCCCCCc1nc2ccc(Br)cc2[nH]1)NO,1
O=C(NO)C(F)(F)C(F)(F)C(F)(F)C(F)(F)C(F)(F)C(F)(F)C(=O)Nc1ccc(-c2cn(-c3ccccc3)nn2)cc1,0
O=C(O)CCCCN1C(=O)[C@H](CC(=O)NC(c2ccccc2)(c2ccccc2)c2ccccc2)N=C(c2ccccc2)c2ccccc21,0
O=C(NO)C(F)(F)C(F)(F)C(F)(F)C(F)(F)C(F)(F)C(F)(F)C(=O)Nc1ccccc1Cl,0
O=C(NO)c1ccc2c(c1)CC(NS(=O)(=O)c1cccc(OC(F)(F)F)c1)CN2,1
C[C@@]1(Nc2ccc(C(=O)NO)cc2)CCN(c2ccc(Cl)cc2)C1=O,1
CCC(=O)CCCCC[C@@H]1NC(=O)[C@H](C)N(C)C(=O)C[C@H](CC(C)C)NC(=O)[C@H](Cc2c[nH]c3ccccc23)NC1=O,1
C[C@]12CC[C@@H]3c4ccc(O)cc4CC[C@H]3[C@@H]1CC[C@@]2(O)c1cn(CCCC(=O)NO)nn1,0
Cc1cc2ccccc2n1Cc1ccc(C(=O)NO)cc1,1
O=C(NO)c1ccc(Cn2cc(Cc3ccccc3)c3ccccc32)cc1,1
C[C@]12CC[C@@H]3c4ccc(O)cc4CC[C@H]3[C@@H]1CC[C@@]2(O)c1cn(CCCCCCCC(=O)NO)nn1,0
O=C(CCCCCCc1nc(-c2ccc([N+](=O)[O-])cc2)no1)NO,1
COc1ccc(-c2ccnc(NC3CCc4ccc(C(=O)NO)cc4C3)n2)cn1,1
O=C(NO)c1ccc2c(c1)CC(Nc1nccc(-c3ccc(Oc4ccccc4)cc3)n1)CC2,1
O=CN(O)CCCCCCC(=O)Nc1ccccc1,1
CN(C)c1ccc(-n2cc(Cn3cccc(O)c3=S)nn2)cc1,1
Nc1ccccc1NC(=O)c1cccnc1,0
O=C(NO)c1ccc(C(F)(F)F)c(NC(=O)c2ccccc2)c1,1
O=C(NO)c1ccc2c(c1)CC(NS(=O)(=O)c1ccc(Cl)cc1)CC2,1
CN(C)CCn1c(-c2cccc(/C=C/C(=O)NO)c2)nc2ccccc21,1
Cc1nc(-c2cccc(/C=C/C(=O)NO)c2)n([C@@H]2CCCN(C(C)C)C2)c1-c1ccccc1,1
COC(=O)CCCCN1C(=O)[C@H]([C@@H](C)OCc2ccccc2)N=C(c2ccccc2)c2ccccc21,0
O=C(NO)c1ccc2c(c1)CC(Nc1ccc([N+](=O)[O-])cn1)CC2,1
Cc1nc(C)n(CCc2ccccc2)c1-c1cccc(/C=C/C(=O)NO)c1,1
O=C(NO)c1ccc2c(c1)CC(Nc1ccc([N+](=O)[O-])cc1)CC2,1
N#Cc1ccc(NC2CCc3ccc(C(=O)NO)cc3C2)cc1Cl,1
O=C(NO)c1ccc2c(c1)CC(Nc1nccc(C(F)(F)F)n1)CC2,1
O=C(NO)c1ccc2c(c1)CC(Nc1nccc(-c3ccccc3)n1)CC2,1
O=C(NC1CCc2ccc(C(=O)NO)cc2C1)OCc1cccnc1,1
O=C(NO)c1cccc(-c2cn(CCc3ccccc3)nn2)c1,1
CC1(C)CC(=O)Nc2ccc(NC(=O)CCCCCCC(=O)NO)cc21,1
Nc1ccc(-c2cccs2)cc1NC(=O)c1cccnc1,0
CN(c1ccc(OCCCCCC(=O)NO)cc1)c1ncnc2ccccc12,1
Cc1nc(N(C)c2ccc(OCC(=O)NO)cc2)c2ccccc2n1,1
C[C@@H](NC(=O)c1cccc(=S)n1O)C(=O)O,1
O=C(NO)c1cccc(Oc2ccccc2)c1,1
O=C(CCCCCCNC(=O)c1cnc(N(c2ccccc2)c2ccccc2)nc1)NO,1
CC(C)C[C@H]1CC(=O)NC(C)(C)C(=O)N[C@@H](CCCCCC(=O)O)C(=O)N[C@@H](Cc2cccc3ccccc23)C(=O)N1,1
N=C(N)NCCC[C@@H]1NC(=O)C[C@H](Cc2ccc(O)cc2)NC(=O)[C@H](CC(=O)O)NC(=O)[C@H](CCCCCC(=O)NO)NC1=O,1
COc1cc2ncnc(Nc3ccc(Cl)cc3Cl)c2cc1OCCCCCC(=O)NO,1
Cc1nc(N(C)c2ccc(OCCCCC(=O)NO)cc2)c2ccccc2n1,1
C/C=C1\NC(=O)c2csc(n2)[C@@H](C(C)C)NC(=O)C[C@@H](/C=C/CCSC(=O)CCCCCCC)OC(=O)[C@H](C(C)C)NC1=O,0
O=C(/C=C/c1ccc2c(c1)nc(CCc1ccccc1)n2CCCN1CCCC1=O)NO,1
O=C(CCCCCCc1nc(-c2ccc(C(F)(F)F)cc2)no1)C(F)(F)F,1
CC(C)C[C@H]1CC(=O)N[C@@H](Cc2ccccc2)C(=O)N[C@@H](CCCCCC(=O)O)C(=O)N[C@@H](Cc2cccc3ccccc23)C(=O)N1,1
COc1ccc(NC(=O)[C@@H]2Cc3ccc(OCC(=O)NO)cc3CN2C(=O)CCc2ccccc2)cc1,1
CC[C@H](C)[C@H](NC(=O)C1CCNCC1)C(=O)N1Cc2cc(OCC(=O)NO)ccc2C[C@H]1C(=O)Nc1ccc(OC)cc1.Cl,1
O=C(NO)c1ccc(CN2CCCC2)cc1,1
COc1cc(C(=O)c2ccc3c(ccn3Cc3ccc(/C=C/C(=O)NO)cc3)c2)cc(OC)c1OC,1
Cc1ccc(-c2ccnc(NC3CCc4ccc(C(=O)NO)cc4C3)n2)cn1,1
O=C(C[C@H]1N=C(c2ccccc2)c2ccccc2NC1=O)NO,0
O=C(CCCCCCC(=O)Nc1ccc(-c2cn(Cc3ccccc3)nn2)cc1)NO,1
CN(C)CCc1cn(Cc2ccc(C(=O)NO)cc2)c2ccccc12,1
Cc1c(C)c(S(=O)(=O)NC(=N)NCCC[C@@H]2N=C(c3ccccc3)c3ccccc3NC2=O)c(C)c2c1OC(C)(C)C2,0
CN(c1ccc(OCCCCC(=O)NO)cc1)c1ncnc2ccccc12,1
COc1ccc(-c2nc(C(=O)NO)co2)cc1,0
COc1ccc(C(=O)CSc2nc(C)cc(O)n2)cc1,0
Cc1cc(O)nc(SCC(=O)NCCCCc2ccccc2)n1,0
COc1ccc(NC(=O)[C@@H]2Cc3ccc(OCC(=O)NO)cc3CN2C(=O)[C@H](C)NC(=O)OC(C)(C)C)cc1,1
O=C(/C=C/c1ccc2c(c1)nc(CCc1ccccc1)n2CCc1ccccn1)NO,1
COc1ccc(NC(=O)[C@@H]2Cc3ccc(OCC(=O)NO)cc3CN2C(=O)CNC(=O)OC(C)(C)C)cc1,1
CC[C@H](C)[C@H](N)C(=O)N1Cc2cc(OCC(=O)NO)ccc2C[C@H]1C(=O)Nc1ccc(OC)cc1.Cl,1
O=C1CC[C@H](C(=O)N[C@@H](CCCCCS)C(=O)Nc2ccccc2)N1,1
O=C(CCCCCCNC(=O)c1ccc2[nH]c(=O)ccc2c1)NO,1
O=C(CCCCCCc1nc(-c2cccnc2)no1)NO,1
COc1ccc(C(=O)NO)cc1NC(=O)c1ccccc1Cl,1
CSCC[C@@H]1N=C(c2ccccc2)c2ccccc2NC1=O,0
O=C(NO)c1ccc2c(c1)CC(NS(=O)(=O)c1cccc(Cl)c1)CN2,1
C[C@H](NS(=O)(=O)c1cccc(C(=O)NO)c1)C(=O)Nc1ccccc1,0
O=C(NO)c1cccc(-c2cn(Cc3ccccc3)nn2)c1,1
Nc1ncnc2c1c(-c1ccc(Cl)cc1)nn2-c1cccc(-c2cnnn2CCCCCC(=O)NO)c1,1
O=C(/C=C/c1ccc2c(c1)nc(CCc1ccccc1)n2Cc1ccccn1)NO,1
O=C(CCCCCCc1nc(-c2ccccc2Cl)no1)NO,1
O=C(CCCCCCc1nc(-c2ccc(F)cc2)no1)C(F)(F)F,1
O=C(Cc1ccc(CCCCc2cccc(C(F)(F)F)c2)cc1)NO,1
N#Cc1cccc(-c2cn(CCCCCn3cccc(O)c3=S)nn2)c1,1
O=C(NO)c1ccc2c(c1)CC(Nc1nccc(-c3cccc(Cl)c3)n1)CC2,1
COc1ccc(S(=O)(=O)NC2CNc3ccc(C(=O)NO)cc3C2)cc1OC,1
O=C(NO)c1ccc(C2CCCC2)cc1,1
Cc1cn(Cc2ccc(C(=O)NO)cc2)c2ccccc12,1
CC[C@@H](C)[C@@H]1N=C(c2ccccc2)c2ccccc2N(CCCCC(=O)NO)C1=O,0
CC(C)(C)OC(=O)NCCCC[C@@H]1N=C(c2ccccc2)c2ccccc2N(CCCCC(=O)NO)C1=O,0
O=C(CCCCCCC(=O)Nc1cccc(-c2cn(-c3cc(CO)cc(CO)c3)nn2)c1)NO,1
Nc1ccccc1NC(=O)CCCCCCC(=O)Nc1cccc(-n2cc(-c3ccccc3)nn2)c1,0
O=C(Cc1ccc(CCCCc2ccc3[nH]ccc3c2)cc1)NO,1
CN1c2ccc(/C=C/C(=O)NO)cc2NC1CCc1ccccc1,1
O=C(Cc1ccc(CCCCc2ccc3c(c2)OCO3)cc1)NO,1
O=C(NO)c1ccc(CNC(=O)c2[nH]c(-c3ccc(O)cc3)cc2-c2ccsc2)cc1,1
O=C(COc1ccc(C[C@H](NC(=O)OCc2ccccc2)C(=O)Nc2ccccc2)cc1)NO,1
COc1ccc(NC(=O)[C@H](Cc2ccc(OCC(=O)NO)cc2)NC(=O)CCc2ccccc2)cc1,1
CC#CCOc1ccc(C(=O)N[C@H](C(=O)NO)C(C)(C)N)cc1,0
Cn1cc(CNCC2CCN(c3ncc(C(=O)NO)cn3)CC2)c2ccccc21,1
O=C(/C=C/C#Cc1ccc(NS(=O)(=O)c2ccccc2)cc1)NO,1
O=C(NO)c1ccc(NC2CCN(c3ccccc3Cl)C2=O)cc1,1
CS(=O)(=O)c1ccc(N2CCC(Nc3ccc(C(=O)NO)cc3)C2=O)cc1,1
Cc1cc(O)nc(SCC(=O)c2ccc(O)c(O)c2)n1,0
Cc1cc(O)nc(SCC(=O)c2ccc3c(c2)NC(=O)C3)n1,0
Cc1cc(O)nc(SCC(=O)c2cccs2)n1,0
O=C(NCc1ccc(C(=O)Nc2ccccc2)cc1)OCc1cccnc1,0
O=C(NO)c1cccc(-c2ccccc2)c1,0
CCCCN(Cc1ccc(C(=O)NO)cc1)C(=O)Nc1ccccc1,1
O=C(NO)C(F)(F)C(F)(F)C(F)(F)C(F)(F)C(F)(F)C(F)(F)C(=O)Nc1ccc2cc3ccccc3cc2c1,0
O=C(Nc1ccccc1)[C@H](CCCCCS)NC(=O)[C@@H]1CCCNC1=O,1
CN(C)c1ccc(C(=O)N/N=C/c2cccc(C(=O)NO)c2)cc1,1
COc1ccc(C(=O)NO)cc1NC(=O)c1ccc(Cl)cc1,1
O=C1CCSc2ccc(C(=O)NO)cc2N1,1
CC[C@H](C)[C@@H](CN1Cc2cc(OCC(=O)NO)ccc2C[C@H]1C(=O)Nc1ccc(OC)cc1)NC(=O)OC(C)(C)C,1
Oc1cccn(CCCCn2cc(-c3ccccc3)nn2)c1=S,1
Cc1ccc(NC(=O)c2ccc(CNC(=O)OCc3cccnc3)cc2)c(N)c1,0
Cc1cccc(NC(=O)c2ccc(CNC(=O)OCc3cccnc3)cc2)c1N,0
COc1ccc(CS(=O)(=O)Nc2ccc(/C=C\C(=O)NO)cc2)cc1OC,1
Cc1ccccc1-c1cn(CCCCCn2cccc(O)c2=S)nn1,1
CCn1c(C)nc2cc(/C=C/C(=O)NO)ccc21,1
Cn1c(CCCC(=O)O)nc2cc(N(CCCl)CCCl)ccc21,1
Nc1ccccc1NC(=O)c1ccc(CNCc2nc(-c3ccccc3Cl)no2)cc1,0
O=C(NO)c1ccc(CNCc2nc(-c3ccccc3)no2)cc1,1
Cc1ccc(-c2noc(CNCc3ccc(C(=O)NO)cc3)n2)cc1,1
O=C(NO)c1ccc(CNCc2nc(-c3cccs3)no2)cc1,1
O=C(NO)c1ccc(CC(=O)N(CCO)c2ccccc2)cc1,1
O=C(NO)c1ccc(CN(CCO)C(=O)Cc2ccccc2)cc1,1
O=C(NO)c1cccc(-c2csc(CSc3ccccc3)n2)c1,1
Cc1cccc(NC(=O)[C@H](CCCCCS)NC(=O)[C@@H]2CCCC(=O)N2)c1,1
Nc1ccc(F)cc1NC(=O)c1ccc(CNC(=O)OCc2cccnc2)cc1,1
O=C(CCCCCCC(=O)c1ccccc1)NO,1
O=C(CCCCCC(=O)c1ccccc1)NO,1
Nc1cc(Cl)ccc1NC(=O)c1ccc(CNC(=O)OCc2cccnc2)cc1,0
COc1ccc(C(=O)c2ccc3c(ccn3S(=O)(=O)c3cccc(/C=C/C(=O)NO)c3)c2)cc1OC,1
Cc1ccc(C(=O)N[C@@H](Cc2ccc(OCc3ccccc3)cc2)C(=O)NO)cc1,0
COC(=O)[C@H](Cc1ccc(OCc2ccccc2)cc1)NC(=O)c1ccc(C)cc1,0
O=C(/C=C/c1ccccc1)NO,1
O=C(NO)c1cccc(NC2CCCCC2)c1,1
O=C(NO)C1CCCCC1,1
COc1ccc(NC(=O)[C@H](Cc2ccc(OCC(=O)NO)cc2)NC(=O)c2ccccc2)cc1,1
O=C(CCCCCCC(=O)Nc1ccc(-c2cnnn2Cc2ccc(F)cc2)cc1)NO,1
CC(C)c1cc(C(=O)N2CCc3cc(NC(=O)CCCC(=O)NO)ccc32)c(O)cc1O,1
CC(C)c1cc(C(=O)N2CCc3cc(NC(=O)CCCCCCCC(=O)NO)ccc32)c(O)cc1O,1
CC[C@@H](C)[C@@H]1NC(=O)[C@@H](Cc2ccc(OC)cc2)NC(=O)[C@H](CCCCCC(=O)C(F)(F)F)NC(=O)[C@H]2CCCN2C1=O,1
O=C(CCCCCCC(=O)C(F)(F)F)Nc1ccccc1,1
COC(=O)CCCCN1C(=O)[C@H](COC(C)(C)C)N=C(c2ccccc2)c2ccccc21,0
CC(C)(C)OC(=O)CC[C@@H]1N=C(c2ccccc2)c2ccccc2N(CCCCC(=O)O)C1=O,0
O=C(CCCCN1C(=O)[C@@H](CS)N=C(c2ccccc2)c2ccccc21)NO,1
CC(C)(C)OC[C@@H]1N=C(c2ccccc2)c2ccccc2N(CCCCC(=O)NO)C1=O,0
COC(=O)CCCCN1C(=O)[C@H](Cc2cc3ccccc3n2C(=O)OC(C)(C)C)N=C(c2ccccc2)c2ccccc21,0
O=C(CCCCN1C(=O)[C@H](Cc2ccc(O)cc2)N=C(c2ccccc2)c2ccccc21)NO,0
O=C(CCCCN1C(=O)[C@H](CO)N=C(c2ccccc2)c2ccccc21)NO,0
O=C(CCCCN1C(=O)[C@H](CCC(=O)NO)N=C(c2ccccc2)c2ccccc21)NO,1
O=C(CCCCN1C(=O)[C@H](Cc2cncn2C(c2ccccc2)(c2ccccc2)c2ccccc2)N=C(c2ccccc2)c2ccccc21)NO,0
O=C(CCCCN1C(=O)[C@H](CC(=O)NC(c2ccccc2)(c2ccccc2)c2ccccc2)N=C(c2ccccc2)c2ccccc21)NO,0
O=C(CCCNC(=O)C[C@@H]1N=C(c2ccccc2)c2ccccc2NC1=O)NO,0
CC[C@H](C)[C@H](NC(=O)CC(C)(C)C)C(=O)N1Cc2cc(OCC(=O)NO)ccc2C[C@H]1C(=O)Nc1ccc(OC)cc1,1
COc1ccc(N(C)c2nc(C)nc3ccccc23)cc1OCCCCC(=O)NO,1
CN(C)c1cccc(C(=O)NO)c1,1
O=C(NO)c1ccc(CCCc2ccccc2)cc1,1
O=C(O)CCn1c(CCc2ccccc2)nc2cc(/C=C/C(=O)NO)ccc21,1
O=C(CCc1ccc(-c2ccc(O)cc2)cc1)NO,1
O=C(/C=C/c1ccc(Cc2ccc(O)c(Cl)c2)cc1)NO,1
O=C(/C=C/c1ccc(Cc2ccc(CO)cc2)cc1)NO,1
COc1ccc(NC(=O)c2ccc(CNC(=O)OCc3cccnc3)cc2)c(N)c1,0
O=C(NO)c1ccc(CCCS(=O)(=O)c2ccccc2)cc1,1
O=C(CCCCCCc1nc(-c2ccccc2)no1)NO,1
Cc1ccc(-c2noc(CCCCCCC(=O)NO)n2)cc1,1
Nc1ccccc1NC(=O)CCCCCCc1nc(-c2ccc(C(F)(F)F)cc2)no1,0
COc1ccc(NC(=O)[C@H](Cc2ccc(OCC(=O)NO)cc2)NCCc2ccccc2)cc1,1
Nc1ccccc1NC(=O)CCCCCCc1nc(-c2ccccc2Cl)no1,0
O=C(CCc1ccccc1)NO,1
Nc1ccccc1NC(=O)CCCCCCc1nc(-c2ccc(Cl)cc2)no1,0
CN1C[C@@H](C(=O)Nc2ccc(Cl)cc2)[C@H](c2ccc(/C=C/C(=O)Nc3ccccc3N)cc2)C1,0
O=C(NO)c1cc2c(cc1F)CCC(NS(=O)(=O)c1ccc(Cl)cc1)C2,1
CCCCC(CCCC(=O)NO)CCC(=O)Nc1ccccc1,1
CC(C)C(c1ccc(C(=O)NO)cc1)C(C)C,1
CCOc1ccc(C(=O)NO)cc1NC(=O)c1ccccc1,1
COc1cc(-c2nc(NCc3ccc(C(=O)NO)cc3)cc3c2[nH]c2ccccc23)cc(OC)c1OC,1
COc1ccc(-c2noc(CCCCCCC(=O)C(F)(F)F)n2)cc1,1
O=C(NO)c1ccc2c(c1)CC(Nc1ccc(F)cc1)CC2,1
O=C(NO)c1ccc2c(c1)CC(Nc1ccc(Br)cc1)CC2,1
CC1(Nc2ccc(C(=O)NO)cc2)CCN(c2ccc3ncccc3c2)C1=O,1
O=C(NO)c1cccc(NCc2ccccc2)c1,1
O=C(NO)c1ccc2c(c1)CC(NS(=O)(=O)c1ccc(F)cc1F)CC2,1
CCCCCCc1nc2cc(/C=C/C(=O)NO)ccc2n1CCNCC,1
COC(=O)CSc1nc(C)cc(O)n1,0
Cc1c(C)c(S(=O)(=O)NC(=N)NCCC[C@@H]2N=C(c3ccccc3)c3ccccc3N(CCCCC(=O)NO)C2=O)c(C)c2c1OC(C)(C)C2,0
O=C(CCCCN1C(=O)[C@H](CC(=O)NO)N=C(c2ccccc2)c2ccccc21)NO,0
O=C(O)CC[C@@H]1N=C(c2ccccc2)c2ccccc2N(CCCCC(=O)NO)C1=O,0
CC(C)[C@@H]1N=C(c2ccccc2)c2ccccc2N(CCCCC(=O)O)C1=O,0
CC(C)CCc1c(OCCCCCCCC(=O)NO)ccc(CCC(=O)NO)c1O,1
CC(C)CCc1c(OCCCCCCC(=O)NO)ccc2c1OC(=O)CC2,1
CCCCCCCCSSCC/C=C/[C@@H]1CC(=O)N[C@H](C(C)C)C(=O)N[C@H](C)C(=O)N[C@H](C(C)C)C(=O)NCC(=O)O1,1
C/C=C1\NC(=O)c2csc(n2)CNC(=O)C[C@@H](/C=C/CCSC(=O)CCCCCCC)OC(=O)[C@H](C(C)C)NC1=O,0
CN(C)c1ccc(C(=O)N/N=C/c2ccc(C(=O)NO)cc2)cc1,1
O=C(c1ccc(-c2nc(COc3ccc(-c4nnco4)cc3)no2)s1)C(F)(F)F,1
COc1ccc(-c2cccc(O)c(=O)c2)cc1,1
CC(C)(C)c1ccc(CS(=O)(=O)Nc2ccc(/C=C\C(=O)NO)cc2)cc1,1
O=C(/C=C/c1ccc(NS(=O)(=O)c2ccc(Cl)c(Cl)c2)cc1)NO,1
CCc1cccc(NC(=O)C(F)(F)C(F)(F)C(F)(F)C(F)(F)C(F)(F)C(F)(F)C(=O)NO)c1,0
CC/C=C\CCc1nc2cc(/C=C/C(=O)NO)ccc2n1CCNCC,1
COc1ccc(/C=C/C(=O)NO)c(-c2ccc(-c3ccccc3)cc2)c1,1
O=C(CCCCC[C@H](NC(=O)[C@@H]1CCCC(=O)N1)C(=O)NC1CCCC1)NO,1
CC(C)(C)OC(=O)C[C@@H]1N=C(c2ccccc2)c2ccccc2N(CCCCC(=O)NO)C1=O,0
O=C(CCCNC(=O)CC[C@@H]1N=C(c2ccccc2)c2ccccc2NC1=O)NO,0
O=C(/C=C/c1ccc2c(c1)NC(CCc1ccccc1)N2CCN1CCOCC1)NO,1
Nc1ccccc1NC(=O)CCCCCCc1nc(-c2cccs2)no1,0
Cn1cccc1C(=O)NCc1ccc(C(=O)NO)cc1,1
Cc1ccc(C(=O)NCCCCCC(=O)Nc2ccccc2N)cc1,0
O=C(NO)c1ccc2c(c1)CC(NC(=O)c1cccc(Cl)c1)CN2,1
O=C(NO)c1ccc(NC2CCN(c3ccc(Cl)cc3)C2)cc1,1
O=c1c(O)ccccc1-c1ccccc1,1
O=C(NCCS)/C(Cc1ccc(O)c(Br)c1)=N/O,1
O=C(NO)c1ccc(CN2c3ccccc3S(=O)(=O)C[C@H]3CCCC[C@H]32)cc1,1
COC(=O)[C@H](Cc1ccc(OCCc2ccccc2)cc1)NS(=O)(=O)c1ccc(C)cc1,0
Nc1ccccc1NC(=O)c1ccc(-c2cn(CCc3ccsc3)nn2)cc1,0
CN(c1ccc(/C=C/C(=O)NO)cc1)S(=O)(=O)c1ccccc1,1
CC(CCCCCC(=O)c1ccc2ccccc2c1)C(=O)NOCCCCC(=O)NO,1
O=C(CCCCCCCC(=O)c1ccc(N2CCN(c3ccccc3)CC2)cc1)NO,1
O=C(CCCCCCCC(=O)c1ccc(Br)cc1)NO,1
O=C(CCCCCCC(=O)c1ccc2ccccc2c1)NO,1
NC(=O)c1ccccc1Nc1cccc(OCCc2ccccc2)c1,0
O=C(NO)c1ccc(NC2CCN(c3ccc(Cl)cc3)C2=O)c(Cl)c1,0
Cc1cccc(C(=O)NO)c1,1
COC(=O)CCCCCCNC(=O)c1cc(-c2ccc(NC(=O)c3cc(CN=[N+]=[N-])cc(N=[N+]=[N-])c3)cc2)on1,0
COC(=O)CCCCCCC(=O)Nc1ccc(OCc2cc(C)cc(C)c2)cc1,0
CNc1ccc(C(=O)NO)cc1,1
O=C(CCCCCCCNC(=O)NC(=O)c1ccccc1)NO,1
CC(C)Cc1nc2cc(/C=C/C(=O)NO)ccc2n1CCc1ccccn1,1
COc1ccc2c(c1)c(CC(=O)NCCCCCCC(=O)NO)c(C)n2C(=O)c1ccc(Cl)cc1,1
O=C(CCCCCCC(=O)Nc1ccccc1)NOCc1ccccc1,0
O=C(NO)C1=CCCCC1,1
CNC(=O)c1ccc(C(=O)NO)cc1,1
O=C(NO)c1ccc(C(=O)NCCc2ccncc2)cc1,1
O=C(NO)c1ccc(CN2C(=O)CNC(=O)[C@H]2Cc2cccs2)cc1,1
O=C(/C=C/c1ccc2c(c1)nc(CCc1ccccc1)n2Cc1ccccc1)NO,1
O=C(NO)c1coc(-c2ccccc2)n1,0
NC(=O)CC[C@@H]1N=C(c2ccccc2)c2ccccc2N(CCCCC(=O)NO)C1=O,0
COc1cc(NC(=O)NOCCCCCC(=O)NO)c2nc(OC)cc(C)c2c1,1
CN(C)c1ccc(NC(=O)C(F)(F)C(F)(F)C(F)(F)C(F)(F)C(F)(F)C(F)(F)C(=O)NO)cc1,0
O=C(CCNC(=O)/C(Cc1ccc(O)c(Br)c1)=N/O)NO,1
O=C(O)CCCCN1C(=O)CN=C(c2ccccc2)c2ccccc21,0
O=C(CCCC(CCC(=O)Nc1ccccc1)Cc1ccccc1)NO,1
Cc1nc2ccccc2n1Cc1ccc(C(=O)NO)cc1F,1
O=C(CCCCCCc1nc(-c2ccc(F)cc2)no1)NO,1
Nc1ccccc1NC(=O)CCCCCC(=O)Nc1ccccc1,1
CC(=O)N[C@@H](Cc1ccc(OCc2ccccc2)cc1)C(=O)O,0
COC(=O)[C@H](Cc1ccc(OCc2ccccc2)cc1)NS(C)(=O)=O,0
CS(=O)(=O)N[C@@H](Cc1ccc(OCc2ccccc2)cc1)C(=O)NO,1
Cc1ccc(S(=O)(=O)N[C@@H](Cc2ccc(OCCc3ccccc3)cc2)C(=O)O)cc1,0
COC(=O)[C@H](Cc1ccc(OCCc2ccccc2)cc1)NC(C)=O,0
Cc1ccc(C(=O)N[C@@H](Cc2ccc(OCCc3ccccc3)cc2)C(=O)O)cc1,0
O=C(NO)c1ccc(NC2CCN(c3ccc(Cl)cc3)C2=O)cc1,1
O=C(NO)c1ccc(NC2CCN(c3cccc(Cl)c3)C2=O)cc1,1
O=C(NO)c1ccc(NC2CCN(c3ccc(C(F)(F)F)cc3)C2=O)cc1,1
Nc1ccccc1NC(=O)CCCCCC(c1c[nH]c2ccccc12)c1c[nH]c2ccccc12,0
CCC(CC)c1ccc(C(=O)NO)cc1,1
O=C(CCCCCC/C=C/c1ccc2ccccc2c1)NO,1
CC(C)[C@@H]1N=C(c2ccccc2)c2ccccc2NC1=O,0
O=C(CC[C@@H]1N=C(c2ccccc2)c2ccccc2NC1=O)NC(c1ccccc1)(c1ccccc1)c1ccccc1,0
CC(C)[C@@H]1NC(=O)[C@@H]2CCCN2C(=O)[C@H]2CCCN2C(=O)C[C@@H](C(=O)NCCCC(=O)NO)NC1=O,0
O=C(NO)c1cccc(NC(=O)c2ccccc2)c1,1
O=C(NO)c1ccc(Cl)c(NC(=O)c2cccc(OCc3ccccc3)c2)c1,1
O=C1CCC[C@@H](C(=O)N[C@@H](CCCCCS)C(=O)N2CCc3ccccc3C2)N1,1
O=C(O)C[C@H]1N=C(c2ccccc2)c2ccccc2NC1=O,0
O=C(CCCCCCC(=O)Nc1ccccc1CN1CC[C@H](O)C1)NO,1
O=C(CCCCCCc1nc(-c2cccc([N+](=O)[O-])c2)no1)C(F)(F)F,1
COC(=O)Cc1c(C)n(Cc2ccc(-c3cn(CCCCCCC(=O)NO)nn3)cc2)c2ccc(OC)cc12,1
CCN(CC)CCn1c(CCc2ccccc2)nc2cc(/C=C/C(=O)NO)ccc21,1
O=C(CCCCCCCS)Nc1ccccc1,1
Cc1ccc(NC(=O)[C@H](CCCCCS)NC(=O)[C@@H]2CCCC(=O)N2)cc1,1
CN1C(=O)CC[C@@H]1C(=O)N[C@@H](CCCCCS)C(=O)Nc1ccccc1,1
CCOc1ccc(C(=O)Nc2cc(C(=O)NO)ccc2OC)cc1,1
O=C(NO)[C@@H]1[C@H](c2ccccc2)[C@H]1c1ccc2nccnc2c1,1
CCOc1cc(C)nc(NC2CCc3ccc(C(=O)NO)cc3C2)n1,1
O=C(NO)c1coc(C(c2ccccc2)c2ccccc2)n1,1
O=C(CCCCc1ccn(Cc2ccc(-c3ccccc3)cc2)n1)NO,1
O=C1CCC[C@@H](C(=O)N[C@@H](CCCCCS)C(=O)Nc2ccccc2)N1,1
CC(C)(C)SC[C@H]1N=C(c2ccccc2)c2ccccc2NC1=O,0
O=C(CCCCC[C@H](NC(=O)[C@H]1CCC(=O)N1)C(=O)Nc1cccc(C(F)(F)F)c1)NO,1
Oc1cccn(Cc2ccc(-c3ccncc3)cc2)c1=S,1
C[C@@H]1N=C(c2ccccc2)c2ccccc2N(CCCCC(=O)NO)C1=O,0
Cc1cccc(C(=O)NOCCCCCC(=O)NO)c1,1
O=C1CCC[C@@H](C(=O)N[C@@H](CCCCCS)C(=O)NCc2ccc(C(F)(F)F)cc2)N1,1
O=C(NCc1ccc(C(=O)Nc2ccccc2O)cc1)OCc1cccnc1,1
CC(C)(C)OC(=O)CCCCCCC(=O)Nc1ccc(OCc2cc(CN=[N+]=[N-])cc(N=[N+]=[N-])c2)cc1,0
COc1cc(NC(=O)NOCCCCCC(=O)NO)c2nccc(C)c2c1,1
O=C(CCCCC[C@H](NC(=O)[C@H]1CCC(=O)N1)C(=O)NCCc1ccccc1)NO,1
O=C(CCCCC[C@H](NC(=O)[C@@H]1CCCC(=O)N1)C(=O)Nc1ccccc1)NO,1
COc1cccc(C(=O)c2ccc3c(ccn3Cc3ccc(C(=O)NO)cc3)c2)c1,1
Cc1ccc(-c2noc(CCCCCCC(=O)Nc3ccccc3N)n2)cc1,1
Nc1ccccc1NC(=O)CCCCCCc1nc(-c2cccc([N+](=O)[O-])c2)no1,0
CN1CCN(CCNC(=O)c2ccc(C(=O)NO)cc2)CC1,0
CC1(C)c2cccc(C(=O)NO)c2CN1c1cnc(C(F)(F)F)cn1,1
O=C(NO)c1cccc(C(=O)Nc2ccccc2)c1,1
Cc1cccc(NC(=O)CCCCCCC(=O)NO)c1,1
O=C(CCCCCCC(=O)NC1CCCC1)NO,1
O=C(CCCCC[C@H](NC(=O)C1CCCNC1=O)C(=O)Nc1ccccc1)NO,1
Cc1cc(C)cc(C(=O)NOCCCCCC(=O)NO)c1,1
O=C(NO)c1ccc(CN2c3ccccc3NC(=O)[C@H]2Cc2ccc(O)cc2)cc1,1
O=C(NO)c1cnc(N2CCN(S(=O)(=O)c3ccc4ccccc4c3)CC2)nc1,1
Cc1ccc(-c2ccnc(NC3CCc4ccc(C(=O)NO)cc4C3)n2)c(F)c1,1
O=C(NO)c1ccc2c(c1)CC(Nc1nccc(-c3cnc4ccccc4c3)n1)CC2,1
COc1ccc(S(=O)(=O)NC2CCc3ccc(C(=O)NO)cc3C2)cc1OC,1
CCN1CCC[C@@H](n2c(-c3ccccc3)nc(C)c2-c2cccc(/C=C/C(=O)NO)c2)C1,1
O=C(CCCCCCC(=O)Nc1cccc(-n2cc(-c3ccccc3)nn2)c1)NO,1
COc1ccc(-c2cc(-c3ccccc3)[nH]c2C(=O)NCc2ccc(C(=O)Nc3ccccc3N)cc2)cc1,1
O=C(NO)c1csc(C(c2ccccc2)c2ccccc2)n1,0
O=C(NO)C1c2ccccc2-c2ccccc21,0
Cc1ccc(NC(=O)CCCCCC(=O)Nc2ccccc2N)cc1,0
Cc1ccc(C(=O)c2ccc3c(ccn3Cc3ccc(C(=O)NO)cc3)c2)cc1,1
O=C(NO)c1ccc(Cl)c(NC(=O)c2ccc(Oc3ccccc3)cc2)c1,1
COc1ccc(C(=O)Nc2cc(C(=O)NO)ccc2OC)cc1,1
CC1Sc2ccc(C(=O)NO)cc2NC1=O,1
CC(C)[C@H](NS(=O)(=O)c1cccc(C(=O)NO)c1)C(=O)Nc1ccccc1,0
O=C(NO)c1cccc(S(=O)(=O)N[C@@H](Cc2c[nH]c3ccccc23)C(=O)Nc2ccccc2)c1,1
CC(C)c1cc(C(=O)N2CCc3cc(NC(=O)CCCCCC(=O)NO)ccc32)c(O)cc1O,1
COc1ccc(NC(=O)[C@H](Cc2ccc(OCC(=O)NO)cc2)NCCCc2ccccc2)cc1,1
COc1cc(C)nc(SCC(=O)c2ccc(NC(C)=O)cc2)n1,0
Cc1cc(O)nc(SCC(=O)c2ccc(Cl)cc2)n1,0
O=C(NO)c1ccc(NCc2csc3ccc(Br)cc23)cc1,1
CC(C)c1cccc(=O)c(O)c1,1
Cc1ccc(-c2nc(C(=O)NO)co2)cc1,0
O=C(CC[C@H]1N=C(c2ccccc2)c2ccccc2NC1=O)NO,0
CC(C)C[C@@H]1N=C(c2ccccc2)c2ccccc2NC1=O,0
Cc1cccc(S(=O)(=O)Nc2ccc(/C=C/C(=O)NO)cc2)c1,1
O=C(Cc1ccc(NS(=O)(=O)c2ccccc2)cc1)NO,1
O=C(CCCCCCCC(=O)c1ccccc1)NO,1
Nc1ccccc1NC(=O)c1ccc(CNCc2nc(-c3ccc(F)cc3)no2)cc1,0
COc1ccc(-c2ccccc(O)c2=O)cc1,1
O=C(CCCCCCC(=O)Nc1cnn(Cc2ccc([N+](=O)[O-])cc2)c1)NO,1
COc1ccc(-c2noc(CNCc3ccc(C(=O)Nc4ccccc4N)cc3)n2)cc1,0
CC1(Nc2ccc(C(=O)NO)cc2)CCN(c2ccccc2)C1=O,1
O=C(CCCCCCCCC(=O)c1ccccc1)NO,1
O=C(CCCCCCN1C(=O)c2ccccc2C1=O)NO,1
[N-]=[N+]=NCc1cc(N=[N+]=[N-])cc(C(=O)Nc2ccc(Cn3cc(NC(=O)CCCCCCC(=O)NO)cn3)cc2)c1,1
COc1ccc(-c2noc(CCCCCCC(=O)NO)n2)cc1,0
COc1ccccc1C(=O)N[C@H](COc1cccc(/C=C/C(=O)NO)c1)Cc1c[nH]c2ccccc12,1
O=C(NO)c1csc(-c2cnccn2)n1,0
O=C(NO)[C@@H]1[C@H](c2ccccc2)[C@H]1c1ccnc(C2CC2)c1,1
COc1ccc(-c2ccc(/C=C/C=C/C(=O)NO)cc2)cc1C12CC3CC(CC(C3)C1)C2,0
COc1ccc(NC(=O)[C@H](Cc2ccc(OCC(=O)NO)cc2)NC(=O)Cc2ccccc2)cc1,1
CC1(C)CC(=O)Nc2ccc(C(=O)NCc3ccc(/C=C/C(=O)NO)cc3)cc21,1
O=C(NO)c1cccc(S(=O)(=O)Nc2ccccc2)c1,1
O=C(N[C@@H](Cc1ccc(OCCc2ccccc2)cc1)C(=O)O)c1ccccc1,0
CN(C)CC(C)(C)Cn1c(CC(C)(C)C)nc2cc(/C=C/C(=O)NO)ccc21,1
COC(=O)CCCCN1C(=O)[C@H](CCC(=O)OC(C)(C)C)N=C(c2ccccc2)c2ccccc21,0
Nc1ccccc1NC(=O)c1ccc(-c2cn(CCc3cccc([N+](=O)[O-])c3)nn2)s1,0
O=C(NO)[C@]1(F)[C@H](c2ccccc2)[C@H]1c1ccc(-c2ncc(F)cn2)cc1,1
Cc1cc(O)nc(SCC(=O)c2ccc3c(c2)OCCO3)n1,0
Cn1cccc1C(=O)N1CCc2cc(C(=O)NO)ccc2C1,1
O=C(/C=C/c1ccc(C(=O)NO)cc1)N[C@@H](Cc1c[nH]c2ccccc12)C(=O)Nc1ccc(Cl)cc1,1
CCCN1CC(=O)N2[C@@H](C)c3c(c4ccccc4n3Cc3ccc(C(=O)NO)cc3)C[C@@H]2C1=O,1
O=C(NO)[C@@H]1[C@H](c2ccccc2)[C@H]1c1cc(Cl)c2c(c1)OCCO2,1
O=C(NCC1(c2nc(-c3ccccc3)cs2)CCOCC1)c1cccc(-c2noc(C(F)(F)F)n2)c1,1
O=C(CCCCCCC(=O)NCCc1ccccc1)NO,1
O=C(CCCCC[C@H](NC(=O)C1C(=O)NCC1c1ccccc1)C(=O)Nc1ccccc1)NO,1
COc1ccc(NC(=O)[C@H](Cc2ccc(OCC(=O)NO)cc2)NCc2ccccc2)cc1,1
Cc1cc(O)nc(SCC(=O)c2ccc(O)cc2)n1,0
COc1ccc(-c2cc(-c3ccccc3)[nH]c2C(=O)NCc2ccc(C(=O)Nc3ccccc3S)cc2)cc1,1
C[C@@H]1N=C(c2ccccc2)c2ccccc2N(CCCCC(=O)O)C1=O,0
CC(C)(C)OC[C@@H]1N=C(c2ccccc2)c2ccccc2N(CCCCC(=O)O)C1=O,0
Cc1c(C)c(S(=O)(=O)NC(=N)NCCC[C@@H]2N=C(c3ccccc3)c3ccccc3N(CCCCC(=O)O)C2=O)c(C)c2c1OC(C)(C)C2,0
O=C(O)CCCCN1C(=O)[C@H](CCC(=O)O)N=C(c2ccccc2)c2ccccc21,0
Cn1cc(C=O)cc1/C=C/C(=O)NO,0
O=C(CCc1ccc(NS(=O)(=O)c2ccccc2)cc1)NO,1
O=C(CCCCCCCC(=O)c1ccc(-c2ccccc2)cc1)NO,1
O=C(C[C@@H]1N=C(c2ccccc2)c2ccccc2NC1=O)NC(c1ccccc1)(c1ccccc1)c1ccccc1,0
CC(C)C[C@@H]1N=C(c2ccccc2)c2ccccc2N(CCCCC(=O)O)C1=O,0
O=C(O)CCCCN1C(=O)[C@H](Cc2cncn2C(c2ccccc2)(c2ccccc2)c2ccccc2)N=C(c2ccccc2)c2ccccc21,0
O=C(CCCCCCC(=O)Nc1ccc2c(c1)/C(=C/c1ccc[nH]1)C(=O)N2)NO,1
Cc1ccc(C(=O)NO)cc1NC1CCCCC1,1
CN1C(=O)CCC[C@H]1C(=O)N[C@@H](CCCCCS)C(=O)Nc1ccccc1,1
O=C(NO)c1ccc(Cl)c(NC(=O)c2ccc(Cl)cc2Cl)c1,1
O=C(NO)c1ccc(CNCc2nc(-c3ccc(F)cc3)no2)cc1,1
O=C(CCCCN1C(=O)[C@H](CCC(=O)NC(c2ccccc2)(c2ccccc2)c2ccccc2)N=C(c2ccccc2)c2ccccc21)NO,0
CC(C)[C@@H]1N=C(c2ccccc2)c2ccccc2N(CCCCC(=O)NO)C1=O,0
N=C(N)NCCC[C@@H]1N=C(c2ccccc2)c2ccccc2N(CCCCC(=O)NO)C1=O,0
O=C(O)CCCCN1C(=O)[C@H](Cc2ccccc2)N=C(c2ccccc2)c2ccccc21,0
Cc1cc(Cl)ccc1-c1ccnc(NC2CCc3ccc(C(=O)NO)cc3C2)n1,1
Nc1ccccc1NC(=O)c1ccc(CNCc2nc(-c3ccc(C(F)(F)F)cc3)no2)cc1,0
O=C(NO)c1ccc(CNCc2nc(-c3ccc([N+](=O)[O-])cc3)no2)cc1,1
O=C(NO)[C@@H]1[C@H](c2ccccc2)[C@H]1c1ccc(-c2cnco2)cc1,1
O=C(O)CCCCN1C(=O)[C@H](CC(=O)O)N=C(c2ccccc2)c2ccccc21,0
COC(=O)CCCCN1C(=O)[C@H](Cc2cncn2C(c2ccccc2)(c2ccccc2)c2ccccc2)N=C(c2ccccc2)c2ccccc21,0
Cc1ccc(-c2cc(C(=O)NCCCCCCC(=O)NO)nn2-c2ccc(S(N)(=O)=O)cc2)cc1,1
COc1ccc2c(c1)c(CC(=O)O)c(C)n2Cc1ccc(-c2cn(CCCCCCC(=O)NO)nn2)cc1,1
CCN(CC)Cc1ccc(C(=O)NO)cc1,1
C[C@@H](OCc1ccccc1)[C@@H]1N=C(c2ccccc2)c2ccccc2N(CCCCC(=O)NO)C1=O,0
CN1C(=O)CC(C)(C)c2cc(C(=O)NCCCCCCC(=O)NO)ccc21,1
O=C(NO)c1ccc2c(c1)CC(Nc1nccc(-c3ccc(Cl)cc3Cl)n1)CC2,1
O=C(NO)c1ccc2c(c1)CC(Nc1ccccn1)CC2,1
CC(C)[C@@H]1NC(=O)[C@]2(C)CSC(=N2)c2ccnc(c2)CNC(=O)C[C@@H](/C=C/CCS)OC1=O,1
Cn1cnc2cc(/C=C/C(=O)NO)ccc21,1
O=C(NO)c1ccc2c(c1)CC(Nc1nccc(-c3ccc(F)c(Cl)c3)n1)CC2,1
CN(c1nccc(-c2cccnc2)n1)C1CCc2ccc(C(=O)NO)cc2C1,1
O=C(NO)c1ccc2c(c1)CC(NS(=O)(=O)c1cccc(C(F)(F)F)c1)CC2,1
O=C(NO)c1ccc2c(c1)CC(NS(=O)(=O)c1ccc(Cl)c(Cl)c1)CC2,1
CC(C)Cc1nc2cc(CCC(=O)NO)ccc2n1CCCO,0
CC(C)[C@H]1NC(=O)C[C@@H](/C=C/CCCC(=O)O)NC(=O)[C@@H](Cc2ccccc2)NC(=O)[C@@H](C)NC1=O,1
CC(C)[C@H]1NC(=O)C[C@@H](/C=C/CCCC(=O)O)NC(=O)[C@@H](Cc2c[nH]c3ccccc23)NC(=O)[C@@H](C)NC1=O,1
CC(C)[C@H]1NC(=O)C[C@@H](C/C=C\CCC(=O)O)NC(=O)[C@@H](Cc2c[nH]c3ccccc23)NC(=O)[C@@H](C)NC1=O,1
Cc1ccc(-c2noc(CCCCCCC(=O)C(F)(F)F)n2)cc1,1
O=C(NO)c1cccc(C(=O)N/N=C/c2ccccc2)c1,1
Nc1ccccc1NC(=O)c1ccc(CNC(=O)c2[nH]c(-c3ccsc3)cc2-c2ccc(O)cc2)cc1,1
Nc1ccccc1NC(=O)CCCCCCc1nc(-c2cccnc2)no1,0
O=C(CCCCCCc1nc(-c2ccccc2)no1)C(F)(F)F,1
COC(=O)CCCCN1C(=O)[C@H](Cc2ccccc2)N=C(c2ccccc2)c2ccccc21,0
CC(C)[C@@H]1NC(=O)[C@]2(C)CSC(=N2)c2coc(n2)CNC(=O)C[C@@H](/C=C/CCS)OC1=O,1
O=c1cc(-c2ccccc2)cccc1O,1
O=C(CCCCCCNc1ncnc2ccc(F)cc12)NO,1
O=C(CCCCCCNc1ncnc2ccc(Cl)cc12)NO,1
COc1ccc(OC)c(-c2ccccc(O)c2=O)c1,1
CC(C)(C)SC[C@H]1N=C(c2ccccc2)c2ccccc2N(CCCCC(=O)NO)C1=O,0
O=C1CN=C(c2ccccc2)c2ccccc2N1,0
CC(C)Cc1nc2cc(/C=C/C(=O)NO)ccc2n1Cc1ccccc1,1
O=C(Cc1ccc(CCCCc2ccccc2C(F)(F)F)cc1)NO,1
COC(=O)[C@H](Cc1ccc(OCc2ccccc2)cc1)NC(C)=O,0
COC(=O)CCCCN1C(=O)[C@H](Cc2ccc(OC(C)(C)C)cc2)N=C(c2ccccc2)c2ccccc21,0
COC(=O)CCCCN1C(=O)[C@H](CCCNC(=N)NS(=O)(=O)c2c(C)c(C)c3c(c2C)CC(C)(C)O3)N=C(c2ccccc2)c2ccccc21,0
CC(C)[C@H]1NC(=O)C[C@@H](CCCCCC(=O)O)NC(=O)[C@@H](Cc2c[nH]c3ccccc23)NC(=O)[C@@H](C)NC1=O,1
COc1ccc(-c2noc(CNCc3ccc(C(=O)NO)cc3)n2)cc1,1
O=C(CCCCc1ccn(Cc2ccc(Nc3ccccc3)cc2)n1)NO,1
Nc1ccccc1NC(=O)c1ccc(CNCc2nc(-c3ccccc3)no2)cc1,0
O=C(NO)c1ccc(CNCc2nc(-c3ccc(C(F)(F)F)cc3)no2)cc1,1
NC(=O)C1CCCc2c(-c3ccc(Cl)c(Cl)c3)n[nH]c21,0
COc1cncc(-c2ccnc(NC3CCc4ccc(C(=O)NO)cc4C3)n2)c1,1
CC[C@H](C)[C@@H]1N=C(c2ccccc2)c2ccccc2N(CCCCC(=O)O)C1=O,0
C[C@H](OCc1ccccc1)[C@@H]1N=C(c2ccccc2)c2ccccc2N(CCCCC(=O)O)C1=O,0
CC(C)(C)Oc1ccc(C[C@@H]2N=C(c3ccccc3)c3ccccc3N(CCCCC(=O)O)C2=O)cc1,0
O=C(CCCCCCNC(=O)c1ccc2c(c1)CCC(=O)N2)NO,1
N=C(N)NCCC[C@@H]1NC(=O)C[C@H](Cc2ccc(O)cc2)NC(=O)[C@H](Cc2cccc3ccccc23)NC(=O)[C@H](CCCCCC(=O)O)NC1=O,1
CC(=O)NCCCC[C@@H]1NC(=O)C[C@H](CC(C)C)NC(=O)[C@H](Cc2c[nH]c3ccccc23)NC(=O)[C@H](CSCCC(=O)O)NC1=O,1
O=C(NO)c1ccc(F)c(NC(=O)c2ccccc2)c1,1
Cc1ccc(C(=O)NO)cc1NC(=O)c1ccc2ccccc2n1,1
CN(c1ccc(OCCCC(=O)NO)cc1)c1ncnc2ccccc12,1
Cc1nc2c(c(N(C)c3ccc(OCCCCC(=O)NO)cc3)n1)CCC2,1
COc1ccc(C(=O)N[C@@H](Cc2c[nH]c3ccccc23)C(=O)NCCCCCC(=O)Nc2ccc(F)cc2N)cc1,0
O=C(NO)c1noc(-c2ccc(Br)cc2)n1,0
COc1ccc(-c2ccnc(NC3CCc4ccc(C(=O)NO)cc4C3)n2)c(OC)c1,1
CC(C)(C)c1cccc(O)c(=O)c1,1
CCC(=O)CCCCC[C@@H]1NC(=O)[C@@H]2CCCN2C(=O)C[C@H](CC(C)C)NC(=O)[C@H](Cc2c[nH]c3ccccc23)NC1=O,1
CCC(=O)CCCCC[C@@H]1NC(=O)[C@@H](C)n2nncc2[C@H](CC(C)C)NC(=O)[C@H](Cc2c[nH]c3ccccc23)NC1=O,1
O=C(CCCCCCC(=O)Nc1ccc2[nH]c(=O)ccc2c1)NO,1
O=C(/C=C/c1cccc(S(=O)(=O)n2ccc3cc(C(=O)c4ccc(F)cc4)ccc32)c1)NO,1
O=C(NO)c1ccc(OC2CCN(c3ccccc3)C2=O)cc1,1
CC(C)[C@@H]1NC(=O)[C@]2(C)CSC(=N2)c2csc(n2)CNC(=O)C[C@@H](/C=C/CCS)NC1=O,1
CN1C(=O)C2CN(Cc3c2c2ccccc2n3Cc2ccc(C(=O)NO)cc2)C1=O,1
COc1ccc(-c2cc(-c3ccccc3)[nH]c2C(=O)NCc2ccc(C(=O)NCCS)cc2)cc1,1
O=C(NO)c1ccc2c(c1)CC(Nc1nccc(-c3ccc(Cl)cc3)n1)CC2,1
CN(C)c1cccc(-c2ccnc(NC3CCc4ccc(C(=O)NO)cc4C3)n2)c1,1
Nc1ccccc1NC(=O)c1ccc(CNCc2nc(-c3cccs3)no2)cc1,0
O=C(CCCCN1C(=O)[C@H](Cc2cnc[nH]2)N=C(c2ccccc2)c2ccccc21)NO,0
O=C(CCCCN1C(=O)[C@H](Cc2cc3ccccc3[nH]2)N=C(c2ccccc2)c2ccccc21)NO,0
O=C(NO)C(F)(F)C(F)(F)C(F)(F)C(F)(F)C(F)(F)C(F)(F)C(=O)Nc1nc(-c2ccccc2)cs1,1
O=C(Nc1ccccc1)C(F)(F)C(F)(F)C(F)(F)C(F)(F)C(F)(F)C(F)(F)C(=O)Nc1ccccc1,0
CC(=O)SCC/C=C/[C@@H]1CC(=O)NCc2ccc(cc2)C2=N[C@@](C)(CS2)C(=O)N[C@@H](C(C)C)C(=O)O1,0
O=C(NO)c1cccc(S(=O)(=O)NCc2ccccc2)c1,1
O=C(NO)c1ccc(Cn2ccc3cc(C(=O)c4ccc(F)cc4)ccc32)cc1,1
COc1ccc(C(=O)c2ccc3c(ccn3S(=O)(=O)c3ccc(/C=C/C(=O)NO)cc3)c2)cc1,1
Nc1ccccc1NC(=O)CCCCCCc1nc(-c2ccc(F)cc2)no1,0
CC(C)c1cc(C(=O)N2CCc3cc(NCc4ccc(C(=O)NO)cc4)ccc32)c(O)cc1O,1
CCCN1CC(=O)N2Cc3c(c4ccccc4n3Cc3ccc(C(=O)NO)cc3)CC2C1=O,1
COc1ccc2cc(C(=O)/C=C/C=C/c3ccc(OC)c(OC)c3)c(=O)oc2c1,0
COCCCn1c(CCc2ccccc2)nc2cc(/C=C/C(=O)NO)ccc21,1
O=C(NO)c1coc(-c2ccc(-c3ccccc3)cc2)n1,0
O=C(NO)c1coc(-c2ccc(Cl)cc2)n1,0
O=C(NO)c1coc(-c2ccc3ccccc3c2)n1,0
COc1ccc2cc(-c3nc(C(=O)NO)co3)ccc2c1,0
COc1ccc(-c2ccc(/C=C/C=C/C(=O)NO)cc2)cc1,1
O=C(Cc1ccc(CCCCc2ccc(C(F)(F)F)cc2)cc1)NO,1
Cc1nc2c(c(N(C)c3ccc(OCCCCCC(=O)NO)cc3)n1)CCC2,1
Cc1nc(N(C)c2ccc(OCCCCCC(=O)NO)cc2)c2ccccc2n1,1
O=C(NO)c1ccc(Cl)c(NC(=O)c2ccc(Cl)cc2)c1,1
O=C(NO)c1ccccc1,1
O=C(NO)c1ccc(Cn2c3c(c4ccccc42)S(=O)(=O)CC3)cc1,1
O=C(/C=C/c1ccc2c(c1)NCN2CCC1=CCCC=N1)NO,1
Nc1ccccc1NC(=O)c1ccc(CNC(=O)c2[nH]c(-c3ccc(O)cc3)cc2-c2ccoc2)cc1,1
COc1ccc2c(C(=O)c3cc(OC)c(OC)c(OC)c3)cn(S(=O)(=O)c3cccc(/C=C/C(=O)NO)c3)c2c1,0
Cc1ccc(S(=O)(=O)N[C@@H](Cc2ccc(OCCc3ccccc3)cc2)C(=O)NO)cc1,0
CC(=O)N[C@@H](Cc1ccc(OCCc2ccccc2)cc1)C(=O)NO,0
CC(=O)N[C@@H](Cc1ccc(OCc2ccccc2)cc1)C(=O)NO,1
Cc1ccc(C(=O)N[C@@H](Cc2ccc(OCc3ccccc3)cc2)C(=O)O)cc1,0
Cc1nc2c(c(N(C)c3ccc(OCCCC(=O)NO)cc3)n1)CCC2,1
O=C(NO)c1cccc(S(=O)(=O)N[C@H](C(=O)Nc2ccccc2)c2ccccc2)c1,1
O=C(CNS(=O)(=O)c1cccc(C(=O)NO)c1)Nc1ccccc1,1
Cc1ccc(NC(=O)[C@H](Cc2c[nH]c3ccccc23)NC(=O)c2ccc(C(=O)NO)cc2)cc1,1
Nc1ccccc1NC(=O)c1ccc(CNCc2nc(-c3ccc([N+](=O)[O-])cc3)no2)cc1,0
O=C(NO)c1ccc(NC2CCN(c3ccccc3)C2=O)cc1,1
O=C(CCCCCCc1nc(-c2ccc(Cl)cc2)no1)C(F)(F)F,1
O=C(NO)c1ccc(C(=O)NCCc2ccccc2)cc1,1
O=C(CCCCCCc1nc(-c2cccc([N+](=O)[O-])c2)no1)NO,1
COc1ccc(OC)c(-c2cccc(O)c(=O)c2)c1,1
O=c1c(O)ccccc1-c1ccc2ccccc2c1,1
O=c1cc(C2CCCC2)cccc1O,1
Cc1ccc(-c2cn(CCCCCn3cccc(O)c3=S)nn2)cc1,1
O=C(/C=C/c1ccc2c(c1)nc(CCc1ccccc1)n2CC(O)CO)NO,1
CC(C)N(Cc1ccc(C(=O)NO)cc1)C(C)C,1
CCCCS(=O)(=O)NC1CCc2ccc(C(=O)NO)cc2C1,1
CCC(=O)CCCCC[C@@H]1NC(=O)[C@H](CCCCNC(C)=O)NC(=O)C[C@H](CC(C)C)NC(=O)[C@H](Cc2c[nH]c3ccccc23)NC1=O,1
Cc1ccc(-c2cc(C(=O)NCCCCCCC(=O)NO)nn2-c2ccc(S(C)(=O)=O)cc2)cc1,1
COC(=O)Cc1c(C)n(Cc2ccc(-c3cn(CCCCCC(=O)NO)nn3)cc2)c2ccc(OC)cc12,1
COC(=O)Cc1c(C)n(Cc2ccc(-c3cn(CCCCCCCC(=O)NO)nn3)cc2)c2ccc(OC)cc12,1
Cc1c(O)c(O)c(O)c(C=O)c1-c1cc2c(C=O)c(C)c(O)c(O)c2o1,1
Cc1c(O)c(O)c2c(c1C=O)[C@@H]1O[C@H](O2)c2c(C)c(O)c(O)c(O)c2C1=O,1
CN(C)CC(C)(C)Cn1c(CCc2ccccc2)nc2cc(/C=C/C(=O)NO)ccc21,1
COc1ccc(C(=O)c2ccc3c(ccn3Cc3ccc(C(=O)NO)cc3)c2)cc1OC,1
O=C(/C=C/c1ccc2c(c1)nc(CCc1ccccc1)n2CCc1ccccc1)NO,1
CCS/C(Nc1ccccc1)=C(\C#N)C(=O)Nc1ccc(OC)cc1,1
O=C(NCCCCCCS)c1cc(-c2ccncc2)n[nH]1,0
O=C(NCCCCCCS)c1cc(-c2cccnc2)n[nH]1,0
CC(C)(C)OC(=O)NCCCC[C@@H]1N=C(c2ccccc2)c2ccccc2NC1=O,0
CC(C)(C)OC(=O)CC[C@@H]1N=C(c2ccccc2)c2ccccc2N(CCCCC(=O)NO)C1=O,0
CSCC[C@@H]1N=C(c2ccccc2)c2ccccc2N(CCCCC(=O)NO)C1=O,0
Cc1nc2c(c(N(C)c3ccc(OCC(=O)NO)cc3)n1)CCC2,1
Cc1nc(N(C)c2ccc(OCCCC(=O)NO)cc2)c2ccccc2n1,1
O=C(/C=C/c1ccc(CNCc2ccc3ccccc3n2)cc1)NO,1
Nc1ccccc1NC(=O)CCCCCCc1nc(-c2ccc([N+](=O)[O-])cc2)no1,0
O=C(NO)c1ccc(Br)c(NC(=O)c2ccccc2)c1,1
CC(C)Oc1ccc(C(=O)NO)cc1NC(=O)c1ccccc1,1
COc1ccc2c(c1)c(CC(=O)NCCCCCCCC(=O)NO)c(C)n2C(=O)c1ccc(Cl)cc1,1
CCOc1cc(C(C)(C)C)ccc1C1=NC(c2ccc(Cl)cc2)C(c2ccc(Cl)cc2)N1C(=O)N1CCN(CCCCCCC(=O)NO)CC1,1
COc1ccc(C(=O)NO)cc1OCc1ccccc1,1
O=C(NO)c1csc(Cc2ccccc2)n1,0
O=C(NO)c1ccc(NC2CC(=O)N(c3ccccc3)C2)cc1,1
CCC(C)c1cccc(O)c(=O)c1,1
COc1cc2c(Oc3ccc(NC(=O)C4(C(=O)Nc5ccc(F)cc5)CC4)cc3F)ccnc2cc1OCCCC(=O)NO,1
COc1cc2c(Oc3ccc(NC(=O)C4(C(=O)Nc5ccc(F)cc5)CC4)cc3F)ccnc2cc1OCCCCCC(=O)NO,1
COC(=O)CCCCN1C(=O)[C@H](CC(=O)OC(C)(C)C)N=C(c2ccccc2)c2ccccc21,0
COc1ccc(C(=O)NO)cc1NC(=O)c1ccccc1,1
COc1ccc(C(=O)NO)cc1NC(=O)c1ccc(Cl)cc1Cl,1
O=C(CCCCCCc1nc(-c2ccc(Cl)cc2)no1)NO,0
Nc1ccccc1NC(=O)CCCCCCc1nc(-c2ccccc2)no1,0
O=C(NO)c1ccc(C(=O)NCc2ccccc2)cc1,1
O=C(NO)c1ccc2c(c1)CC(NS(=O)(=O)c1cccc(F)c1)CC2,1
COc1cccc(C(=O)NC2CNc3ccc(C(=O)NO)cc3C2)c1,1
O=C(NO)c1ccc2c(c1)CC(Nc1nccc(-c3cccnc3)n1)CO2,1
C/C=C1\NC(=O)c2csc(n2)[C@@H](C(C)C)NC(=O)C[C@@H](/C=C/CCS)OC(=O)[C@H](C(C)C)NC1=O,1
O=C(O)C[C@@H]1N=C(c2ccccc2)c2ccccc2N(CCCCC(=O)NO)C1=O,0
CC(C)C[C@@H]1N=C(c2ccccc2)c2ccccc2N(CCCCC(=O)NO)C1=O,0
CSCC[C@@H]1N=C(c2ccccc2)c2ccccc2N(CCCCC(=O)O)C1=O,0
CC[C@H](C)[C@@H]1N=C(c2ccccc2)c2ccccc2NC1=O,0
CC(C)(C)Oc1ccc(C[C@@H]2N=C(c3ccccc3)c3ccccc3NC2=O)cc1,0
NC(=O)C[C@@H]1N=C(c2ccccc2)c2ccccc2N(CCCCC(=O)NO)C1=O,0
COc1ccc(NC(=O)C(F)(F)C(F)(F)C(F)(F)C(F)(F)C(F)(F)C(F)(F)C(=O)NO)cc1,0
O=C(NO)C(F)(F)C(F)(F)C(F)(F)C(F)(F)C(F)(F)C(F)(F)C(=O)Nc1ccc(F)cc1,0
CCS/C(Nc1ccccc1)=C(\C#N)C(=O)N/N=C\c1ccc(Cl)cc1Cl,1
CC(C)(CCCCC(=O)NO)Nc1c(Nc2ccc(C(F)(F)F)cc2)c(=O)c1=O,1
N[C@H](Cc1ccc(Cl)cc1Cl)C(=O)N1Cc2ccccc2C1,1
O=C(NO)c1sc2ccccc2c1Cl,1
C[C@H](OCc1ccccc1)[C@@H]1N=C(c2ccccc2)c2ccccc2NC1=O,0
COC(=O)CCCCN1C(=O)[C@H](CCSC)N=C(c2ccccc2)c2ccccc21,0
CC(C)(C)OC(=O)C[C@@H]1N=C(c2ccccc2)c2ccccc2N(CCCCC(=O)O)C1=O,0
CCCCOc1ccc(CC(=O)NO)cc1,0
CNC(=O)/C(CCCCC[C@@H](C(=O)Nc1ccccc1)N(Cc1ccc(OC)cc1)C(=O)OC(C)(C)C)=N\O,0
CC(=O)SCCCCCCNC(=O)c1cc(-c2ccc(F)cc2)nn1C,1
O=C(CCCCCCc1nc(-c2cccs2)no1)NO,1
O=C(NO)c1ccc(Cn2ccc3cc(C(=O)c4ccc(Cl)cc4)ccc32)cc1,1
COc1ccc(C(=O)c2ccc3c(ccn3Cc3ccc(/C=C/C(=O)NO)cc3)c2)cc1,1
CC(C)(C)OC(=O)n1c(C[C@@H]2N=C(c3ccccc3)c3ccccc3N(CCCCC(=O)NO)C2=O)cc2ccccc21,1
O=C(Cc1ccc(CCCCc2cc(F)c(F)cc2F)cc1)NO,1
Cc1ccccc1NC(=O)C(F)(F)C(F)(F)C(F)(F)C(F)(F)C(F)(F)C(F)(F)C(=O)NO,0
COc1ccc(N(C)c2nc(C)nc3ccccc23)cc1OCCCCCC(=O)NO,1
CC(C)c1cc(C(=O)N2CCc3cc(NC(=O)CCCCCCCCC(=O)NO)ccc32)c(O)cc1O,1
CC(C)(C)OC(=O)n1cc(C[C@@H]2N=C(c3ccccc3)c3ccccc3NC2=O)c2ccccc21,0
Cc1ccc(-c2cc(C(=O)NCCCCCC(=O)NO)nn2-c2ccc(S(N)(=O)=O)cc2)cc1,1
O=C(NO)c1ccc(CCN2C(=O)c3cccc4c(N5CCOCC5)ccc(c34)C2=O)cc1,1
COc1ccc(C(=O)c2ccc3c(ccn3Cc3ccc(C(=O)NO)cc3)c2)cc1,1
COc1cccc(C(=O)c2ccc3c(ccn3S(=O)(=O)c3cccc(/C=C/C(=O)NO)c3)c2)c1,1
Cc1ccc(C(=O)c2ccc3c(ccn3S(=O)(=O)c3cccc(/C=C/C(=O)NO)c3)c2)cc1,1
Cc1cncc(-c2ccnc(NC3CCc4ccc(C(=O)NO)cc4C3)n2)c1,1
O=C(/C=C/c1ccc(NC(=O)C(Cc2ccccc2)c2ccccc2)cn1)NO,1
O=C(CCCCSc1nc(-c2ccc(-c3ccccc3)cc2)cc(=O)[nH]1)NO,1
O=C(/C=C/c1ccc(C(=O)NO)cc1)N[C@@H](Cc1c[nH]c2ccccc12)C(=O)Nc1ccc(Br)cc1,1
O=C(/C=C/c1ccc(C(=O)NO)cc1)N[C@@H](Cc1c[nH]c2ccccc12)C(=O)Nc1cccc(Cl)c1,1
Cc1c2ccc(N(C)c3ccnc(Nc4ccc(C(=O)NCCCCCCC(=O)NO)cc4)n3)cc2nn1C,1
CC(C)(C)OC(=O)N1CCC2(CC1)CN(Cc1ccc(C(=O)NO)s1)c1ccccc12,1
O=C1Nc2ccccc2/C1=N/NC(=S)Nc1ccc(C(=O)NO)cc1,0
C/C(=N\N(C)C(=O)c1ccc(N(C)C)cc1)c1ccc(C(=O)NO)cc1,1
N#Cc1ccc(-c2cn(CCCCCn3cccc(O)c3=S)nn2)cc1C(F)(F)F,0
O=C(NO)c1ccc(C(c2ccccc2)c2ccccc2)cc1,1
O=C(NO)c1ccc(CN2CC3(CCCCC3)c3ccccc32)cc1,1
CC(C)(C)OC(=O)N1CCC2(CC1)CN(Cc1ccc(C(=O)NO)cc1)c1ccccc12,1
O=C(NO)c1cccc(S(=O)(=O)N[C@@H](Cc2c[nH]c3ccccc23)C(=O)NCc2ccccc2)c1,0
O=C(NO)c1ccc2c(c1)CC(Nc1nccc(-c3ccc(C(F)(F)F)cc3)n1)CC2,1
CN1CC(NS(=O)(=O)c2ccc(Cl)cc2)Cc2cc(C(=O)NO)ccc21,1
Nc1ccccc1NC(=O)CCCc1ccc(N(CCCl)CCCl)cc1,0
CC(C)c1cc(C(=O)N2CCc3cc(NC(=O)CCCCC(=O)NO)ccc32)c(O)cc1O,1
CC(Nc1c(NCCCCCC(=O)NO)c(=O)c1=O)C12CC3CC(CC(C3)C1)C2,1
COc1ccc(C(=O)c2ccc3c(ccn3S(=O)(=O)c3cccc(/C=C/C(=O)NO)c3)c2)cc1,1
Cc1c2ccc(N(C)c3ccnc(Nc4ccc(/C=C/C(=O)NO)cc4)n3)cc2nn1C,1
COc1ccc2c(C(=O)c3cc(OC)c(OC)c(OC)c3)cn(Cc3ccc(C(=O)NO)cc3)c2c1,1
O=C(/C=C/c1ccc(CNCc2ccc3cccc(Cl)c3n2)cc1)NO,1
Cc1cccc(NC(=O)C(F)(F)C(F)(F)C(F)(F)C(F)(F)C(F)(F)C(F)(F)C(=O)NO)c1,0
COc1cc(C(=O)c2ccc3c(ccn3S(=O)(=O)c3cccc(/C=C/C(=O)NO)c3)c2)cc(OC)c1OC,1
O=C(NO)c1cccc(S(=O)(=O)N[C@H](C(=O)NCc2ccccc2)c2ccccc2)c1,1
O=C(NO)c1cccc(S(=O)(=O)NCCc2ccccc2)c1,1
CCCc1nn(C)c2c(=O)[nH]c(-c3cc(Cc4ccc(C(=O)NO)s4)ccc3OCC)nc12,0
CC1(C)OB(c2ccc(CONC(=O)/C=C/c3cccc(S(=O)(=O)Nc4ccccc4)c3)cc2)OC1(C)C,0
O=C(NO)c1ccc2c(c1)CC(Nc1nccc(-c3ccc(Cl)nc3)n1)CC2,1
O=C(/C=C/c1cccnc1)NC1CCc2ccc(C(=O)NO)cc2C1,1
O=C(NO)c1ccc2c(c1)CC(Nc1ncccn1)CC2,1
O=C(NO)c1ccc2c(c1)CC(Nc1nccc(-c3ccccc3Cl)n1)CC2,1
COc1ccc(Nc2c(NCCCCCC(=O)NO)c(=O)c2=O)cc1,1
CC(C)c1cc(C(=O)N2CCc3cc(NC(=O)CCCCCCC(=O)NO)ccc32)c(O)cc1O,1
COc1cc(C(=O)c2ccc3c(ccn3S(=O)(=O)c3ccc(/C=C/C(=O)NO)cc3)c2)cc(OC)c1OC,1
O=C(/C=C/c1ccc2c(c1)nc(-c1ccccn1)n2CC(O)CO)NO,1
CN1CCC=C(C1=O)CCC(=O)NO,0
C1=CC=C(C=C1)C2=CC(=NO2)C(=O)NCCCNC(=O)C3=CC=CNC3=O,0
COC(=O)CCCCCCC(=O)NC1=CC=C(C=C1)OCC2=CC=CC=C2,0
CCCCCCCC(=O)NC1=CC=C(C=C1)OCC2=CC(=CC(=C2)C)C,0
CC1C(=O)NC(C(=O)NC(CC(=O)NC(C(=O)N1)C(C)C)C=CCCCC(=O)O)CC2=CC=C(C=C2)O,0
CC1C(=O)NC(C(=O)NC(CC(=O)NC(C(=O)N1)C(C)C)CCCCCC(=O)O)CC2=CC=CC=C2,0
CC1C(=O)NC(C(=O)NC(CC(=O)NC(C(=O)N1)C(C)C)CCCCCC(=O)O)CC2=CC=C(C=C2)O,0
CC1C(=O)NC(C(=O)NC(CC(=O)NC(C(=O)N1)C(C)C)CC=CCCC(=O)O)CC2=CC=CC=C2,0
CC1C(=O)NC(C(=O)NC(CC(=O)NC(C(=O)N1)C(C)C)CC=CCCC(=O)O)CC2=CC=C(C=C2)O,0
CC12CSC(=N1)C3=CSC(=N3)CNC(=O)CC(OC(=O)C(NC2=O)CC4=CC=CC=C4)C=CCCS,0
CC12CSC(=N1)C3=CSC(=N3)CNC(=O)CC(OC(=O)C(NC2=O)CC4=CN=CN4)C=CCCS,0
CC12CSC(=N1)C3=CSC(=N3)CNC(=O)CC(OC(=O)C(NC2=O)CC(=O)O)C=CCCS,0
CC12CSC(=N1)C3=CSC(=N3)CNC(=O)CC(OC(=O)C(NC2=O)CCN)C=CCCS,0
CC12CSC(=N1)C3=CSC(=N3)CNC(=O)CC(OC(=O)C(NC2=O)CCCN)C=CCCS,0
CC12CSC(=N1)C3=CSC(=N3)CNC(=O)CC(OC(=O)C(NC2=O)CC4=CC=C(C=C4)O)C=CCCS,0
CC12CSC(=N1)C3=CSC(=N3)CNC(=O)CC(OC(=O)C(NC2=O)CCNC(=O)OC(C)(C)C)C=CCCS,0
C1=CC=C(C(=C1)N)NC(=O)CCCCC(=O)NC2=CC3=C(C=C2)NC(=O)C3=CC4=CC=CN4,0
C1=CC=C(C(=C1)N)NC(=O)CCCCCCC(=O)NC2=CC3=C(C=C2)NC(=O)C3=CC4=CC=CN4,0
CC(=CCC(C(=O)C=CC1=CC(=C(C=C1)OCC=C(C)C)OC)C(=O)C=CC2=CC(=C(C=C2)OCC=C(C)C)OC)C,0
CC(=CCC(CC=C(C)C)(C(=O)C=CC1=CC(=C(C=C1)OCC=C(C)C)OC)C(=O)C=CC2=CC(=C(C=C2)OCC=C(C)C)OC)C,0
COC1=C(C=C(C=C1)C(=O)OC)NC(=O)C2=CC=C(C=C2)C3=CC=CC=C3,0
COC1=C(C=C(C=C1)C(=O)O)NC(=O)C2=CC=C(C=C2)C3=CC=CC=C3,0
CC(C)C1=CC(=C(C=C1O)O)C(=O)N2CCC3=C2C=CC(=C3)NC(=O)CCC(=O)NO,0
