CC(/C=C/C(=O)NO)=C\[C@@H](C)C(=O)c1ccc(N(C)C)cc1,1
CNC(=O)/C(CCCCCCC(=O)Nc1cccc(-c2cncc3cc(Cl)ccc23)c1)=N\O,0
CNC(=O)/C(CCCCCCNC(=O)c1cc(-c2ccc(N)cc2)on1)=N/O,0
Cc1[nH]c2ccccc2c1/C=C/c1ccccc1-c1ccc(/C=C/C(=O)NO)cc1,0
COc1ccc2cc(C(=O)/C=C/C=C/c3ccc(OC)c(OC)c3)c(=O)oc2c1,0
O=C(/C=C/c1ccc(-c2ccc(O)cc2)cc1)NO,1
Cn1cc(CNCC2CCN(c3ncc(C(=O)NO)cn3)CC2)c2ccccc21,1
O=C(/C=C/c1ccc2c(c1)nc(CCc1ccccc1)n2CCN1CCCC1)NO,1
CCCCCCc1nc2cc(/C=C/C(=O)NO)ccc2n1CCNC(C)C,1
COc1ccc(N(C)c2nc(C)nc3ccccc23)cc1OCCCC(=O)NO,0
COc1ccc(-c2ccc(/C=C/C(=O)NO)cc2)cc1C12CC3CC(CC(C3)C1)C2,0
Nc1ncnc2c1c(-c1ccc(Cl)cc1)nn2-c1cccc(-c2cnnn2CCCCCC(=O)NO)c1,1
O=C(CCCCCCS)NCc1ccc(C(F)(F)F)cc1,1
O=C(NCCCCCCS)c1cc(-c2ccncc2)n[nH]1,0
CNC(=O)/C(CCCCC[C@@H](C(=O)Nc1ccccc1)N(Cc1ccc(OC)cc1)C(=O)OC(C)(C)C)=N\O,0
CNC(=O)/C(CCCCC[C@H](NCc1ccc(OC)cc1)C(=O)Nc1ccccc1)=N\O,0
Cn1cccc1C(=O)N1CCn2cc(C(=O)NO)cc2C1,0
O=C(Nc1ccccc1)[C@H](CCCCCS)NC(=O)[C@@H]1CCCNC1=O,1
Cc1cccc(NC(=O)[C@H](CCCCCS)NC(=O)[C@@H]2CCC(=O)N2)c1,1
CC(C)[C@H]1NC(=O)C[C@@H](C/C=C\CCC(=O)O)NC(=O)[C@@H](Cc2ccccc2)NC(=O)[C@@H](C)NC1=O,1
CC(C)(C)OC(=O)N[C@@H](CCCCCS)C(=O)NC1CCCC1,0
CC(C)[C@H]1NC(=O)[C@@H](C)[C@@H](C/C=C\CCC(=O)O)NC(=O)[C@@H](Cc2ccc(O)cc2)NC(=O)[C@@H](C)NC1=O,1
O=C(/C=C/c1ccc(/C=N/OCc2c(F)c(F)c(F)c(F)c2F)cc1)NO,1
O=C(/C=C/c1ccc(/C=N/OCc2ccc([N+](=O)[O-])cc2)cc1)NO,1
CN(C)CC(C)(C)Cn1c(CC(C)(C)C)nc2cc(/C=C/C(=O)NO)ccc21,1
O=C(/C=C/c1ccc(CN(CCO)CCc2c[nH]c3ccccc23)cc1)NO,1
O=C(CCCCCC1OCCCCCCOc2ccccc2NC1=O)NO,1
O=C(CCCCCC1OCCCCCCCOc2ccccc2NC1=O)NO,1
CC(C)[C@H]1NC(=O)C[C@@H](/C=C/CCCC(=O)O)NC(=O)[C@@H](Cc2c[nH]c3ccccc23)NC(=O)[C@@H](C)NC1=O,1
O=C(CCCCCCCS)Nc1ccccc1,1
O=C1CC[C@@H](C(=O)N[C@H](CCCCCS)C(=O)Nc2ccccc2)N1,1
Cc1cccc(NC(=O)[C@H](CCCCCS)NC(=O)[C@H]2CCC(=O)N2C)c1,1
O=C(Nc1ccccc1)[C@H](CCCCCS)NC(=O)[C@H]1C(=O)NC[C@H]1c1ccccc1,1
O=C1C[C@@H](C(=O)N[C@@H](CCCCCS)C(=O)Nc2ccccc2)N1,1
O=C1CCC[C@@H](C(=O)N[C@@H](CCCCCS)C(=O)N2CCc3ccccc3C2)N1,1
CC(C)[C@H]1NC(=O)[C@]2(C)CSC(=N2)c2csc(n2)CNC(=O)C[C@@H](/C=C/CCS)OC1=O,1
COc1cc2cc(c1)COc1ccccc1NC(=O)[C@@H](CCCCCC(=O)NO)OCCC2,1
CNC(=O)/C(CCCCCCC(=O)Nc1cccc(-c2ccc(Cl)nc2)c1)=N\O,0
O=C(CS)NCCCCCC(=O)Nc1cccc2cccnc12,1
CNC(=O)/C(CCCCCCC(=O)Nc1ccc2ccccc2c1)=N\O,0
CNC(=O)/C(CCCCCCC(=O)Nc1cccc(Br)c1)=N\O,0
CNC(=O)/C(CCCCCCNC(=O)c1cc(-c2cccc(NC(=O)OC(C)(C)C)c2)on1)=N/O,0
[N-]=[N+]=NCc1cc(Cn2cc(NC(=O)CCCCCCC(=O)NO)cn2)cc(N=[N+]=[N-])c1,1
NC(=O)c1ccccc1Nc1cccc(OCCc2ccccc2)c1,0
C/C=C1\NC(=O)c2csc(n2)[C@@H](C(C)C)NC(=O)C[C@@H](/C=C/CCSC(=O)CCCCCCC)OC(=O)[C@H](C(C)C)NC1=O,0
CN1C(=O)CCC[C@H]1C(=O)N[C@@H](CCCCCS)C(=O)Nc1ccccc1,1
CNC(=O)/C(CCCCCCNC(=O)c1cc(-c2cccc(N)c2)on1)=N/O,0
Nc1ccc(-c2cccs2)cc1NC(=O)c1ccccc1,0
Nc1ccc(-c2ccccc2)cc1NC(=O)c1ccccc1,0
Nc1ccc(-c2ccccc2)cc1NC(=O)c1cccnc1,0
O=C(CCCCC[C@H](NC(=O)[C@@H]1CC(=O)N1)C(=O)Nc1ccccc1)NO,1
COc1ccc(COC(CCCCCC(=O)NO)C(=O)Nc2ccccc2)cc1,1
O=C1CCC[C@@H](C(=O)N[C@@H](CCCCCS)C(=O)NCc2cccc(OCc3ccccc3)c2)N1,1
O=C(/C=C/c1ccc(/C=N/OCCN2CCOCC2)cc1)NO,1
Cl.O=C(/C=C/c1ccc(-c2cc(CN3CCOCC3)on2)cc1)NO,1
O=C(CCCCc1ccn(Cc2ccc(-c3ccccc3)cc2)n1)NO,1
O=C(/C=C/c1ccc(NC(=O)C(Cc2ccccc2)c2ccccc2)cn1)NO,0
CC(C)[C@H]1NC(=O)C[C@@H](/C=C/CCCC(=O)O)NC(=O)[C@@H](Cc2ccc(O)cc2)NC(=O)[C@@H](C)NC1=O,1
CNC(=O)/C(CCCCCCC(=O)Nc1ccc(-c2ccccc2)cc1)=N\O,0
O=C(CCCCCCC(=O)NCCc1ccccc1)NO,1
Cc1ccc(NC(=O)[C@H](CCCCCC(=O)NO)NC(=O)[C@H]2CCC(=O)N2)cc1,1
O=C(CCCCC[C@H](NC(=O)[C@H]1CCC(=O)N1)C(=O)Nc1ccccc1)NO,1
O=C(NCCCCCCS)c1cc(-c2cccnc2)n[nH]1,0
CCCCc1nc2cc(/C=C/C(=O)NO)ccc2n1CCNC(C)C,1
O=C(/C=C/c1cccc(S(=O)(=O)Nc2ccccc2)c1)NO,1
COc1ccc2c(C(=O)c3cc(OC)c(OC)c(OC)c3)cn(Cc3ccc(C(=O)NO)cc3)c2c1,1
CCC[C@H]1NC(=O)[C@@H](Cc2ccc(O)cc2)NC(=O)[C@@H](C)NC(=O)[C@@H](C(C)C)NC(=O)[C@H]1C,1
C/C=C1\NC(=O)c2csc(n2)CNC(=O)C[C@@H](/C=C/CCSC(C)=O)OC(=O)[C@H](C(C)C)NC1=O,0
O=C(CCCCCNC(=O)NC(=O)c1ccccc1)NO,1
O=C(NO)c1cnc(N2CCN(S(=O)(=O)c3ccc4ccccc4c3)CC2)nc1,1
C/C=C1\NC(=O)c2csc(n2)CNC(=O)C[C@@H](/C=C/CCS)OC(=O)[C@H](C(C)C)NC1=O,0
Cc1cccc(CCNC(=O)[C@H](CCCCCS)NC(=O)[C@@H]2CCCC(=O)N2)c1,1
O=C(CCCCCCS)Nc1ccccc1,1
COc1ccc(-c2cc(-c3ccccc3)[nH]c2C(=O)NCc2ccc(C(=O)Nc3ccccn3)cc2)cc1,1
CNC(=O)/C(CCCCCCC(=O)Nc1cnc2ccccc2c1)=N\O,0
CNC(=O)/C(CCCCCCC(=O)Nc1ccc(N(C)C)cc1)=N\O,0
O=C(NO)c1ccc2c(c1)CN(Cc1ccc(-c3cccc([N+](=O)[O-])c3)o1)CC2,0
O=C(NO)c1ccc(CN2c3ccccc3S(=O)(=O)C[C@H]3CCCC[C@H]32)cc1,1
CCCCN(Cc1ccc(C(=O)NO)cc1)C(=O)Nc1ccccc1,1
O=C1CCC[C@@H](C(=O)N[C@@H](CCCCCS)C(=O)NCc2ccc(C(F)(F)F)cc2)N1,1
CC#CCOc1ccc(C(=O)N[C@H](C(=O)NO)C(C)(C)N)cc1,0
[N-]=[N+]=NCc1cc(N=[N+]=[N-])cc(C(=O)Nc2ccc(-c3cc(C(=O)NCCCCCCC(=O)NO)no3)cc2)c1,1
COc1cc2cc(c1)COc1ccccc1NC(=O)[C@@H](CCCCCC(=O)NO)OC/C=C\2,1
CNC(=O)/C(CCCCCCC(=O)NC1c2ccccc2-c2ccccc21)=N\O,0
O=C(Nc1cc(-c2ccccc2)ccc1O)c1ccccc1,0
Nc1ccccc1NC(=O)c1cccnc1,0
COC(=O)c1ccc(CO/N=C/c2ccc(/C=C/C(=O)NO)cc2)cc1,0
CCOP(=O)(CNCc1ccc(C(=O)Nc2cc(-c3cccs3)ccc2N)cc1)OCC,0
O=C(NO)c1cnc(N2CCN(C(/C=C/c3ccc(F)cc3)CO)CC2)nc1,1
Nc1ccccc1NC(=O)c1ccccc1,0
CC(C)[C@H]1NC(=O)C[C@@H](/C=C/CCCC(=O)O)NC(=O)[C@@H](Cc2ccccc2)NC(=O)[C@@H](C)NC1=O,1
CC(C)[C@H]1NC(=O)C[C@@H](CCCCCC(=O)O)NC(=O)[C@@H](Cc2ccccc2)NC(=O)[C@@H](C)NC1=O,1
Nc1ccccc1NC(=O)CCCCCC(c1c[nH]c2ccccc12)c1c[nH]c2ccccc12,1
O=C(/C=C/c1ccc(-c2ccc(O)c(C34CC5CC(CC(C5)C3)C4)c2)cc1)NO,0
O=C(CCCCCC(c1c[nH]c2ccccc12)c1c[nH]c2ccccc12)NO,1
Nc1ccccc1NC(=O)c1ccc(CNc2nccc(-c3cccnc3)n2)cc1,1
Cc1cccc(NC(=O)[C@H](CCCCCC(=O)NO)NC(=O)[C@H]2CCC(=O)N2)c1,1
Cn1cccc1C(=O)N1CCc2cc(C(=O)NO)ccc2C1,0
CCCCc1nc2cc(/C=C/C(=O)NO)ccc2n1CCN(CC)CC.Cl.Cl,1
CNC(=O)/C(CCCCCCC(=O)Nc1cccc(-c2ccccc2)c1)=N\O,0
CNC(=O)/C(CCCCCCNC(=O)c1cc(-c2ccc(NC(=O)OC(C)(C)C)cc2)on1)=N/O,0
COc1ccc(-c2ccc(/C=C/C=C/C(=O)NO)cc2)cc1C12CC3CC(CC(C3)C1)C2,0
Nc1ccc(-c2cccs2)cc1NC(=O)c1cccnc1,0
Cc1cccc(C(=O)NOCCCCCC(=O)NO)c1,1
CNC(=O)/C(CCCCCCC(=O)Nc1cccc(-c2cccnc2)c1)=N\O,0
C/C=C1\NC(=O)[C@H](CS)NC(=O)[C@@H](C(C)C)NC(=O)C[C@@H](/C=C/CCS)OC(=O)[C@H](C(C)C)NC1=O,1
CCCCCCCC(=O)SCC/C=C/[C@@H]1CC(=O)NCc2nc(cs2)C2=N[C@@](C)(CS2)C(=O)N[C@@H](C(C)C)C(=O)O1,0
O=C(CCCCCNC(=O)NC(=O)c1ccc(Br)cc1)NO,1
O=C1CC[C@H](C(=O)N[C@@H](CCCCCS)C(=O)Nc2cccc(C(F)(F)F)c2)N1,1
CNC(=O)/C(CCCCCCC(=O)Nc1cccc(-c2ccc(C(=O)O)cc2)c1)=N\O,0
O=C(CCCCCCc1nc2ccc(Br)cc2[nH]1)NO,1
COc1ccc(-c2ccc(/C=C/C(=O)NO)cc2)cc1,0
CN1C[C@@H](C(=O)Nc2ccc(Cl)cc2)[C@H](c2ccc(/C=C/C(=O)Nc3ccccc3N)cc2)C1,0
O=C(CCCCCC1OCCCCCOc2ccccc2NC1=O)NO,1
O=C(CCCCc1ccn(Cc2cccc(-c3ccccc3)c2)n1)NO,1
O=C(CCCCc1ccn(Cc2ccc(-n3ccc4ccccc43)cc2)n1)NO,1
CC(C)[C@H]1NC(=O)C[C@@H](CCCCCC(=O)O)NC(=O)[C@@H](Cc2ccc(O)cc2)NC(=O)[C@@H](C)NC1=O,1
O=C(NO)c1ccc2c(c1)C[C@H](Nc1nccc(-c3cccnc3)n1)CC2,0
CCCCCCc1nc2cc(/C=C/C(=O)NO)ccc2n1CCNCC,1
CC(C)[C@H]1NC(=O)C[C@@H](CCCCCC(=O)O)NC(=O)[C@@H](Cc2c[nH]c3ccccc23)NC(=O)[C@@H](C)NC1=O,1
CC(C)[C@H]1NC(=O)C[C@@H](C/C=C\CCC(=O)O)NC(=O)[C@@H](Cc2c[nH]c3ccccc23)NC(=O)[C@@H](C)NC1=O,1
CCCCCCc1nc2cc(/C=C/C(=O)NO)ccc2n1CCN(C)C,1
CC/C=C\CCc1nc2cc(/C=C/C(=O)NO)ccc2n1CCNCC,1
CN1C[C@H](c2ccc(/C=C/C(=O)Nc3ccccc3N)cc2F)[C@@H](C(=O)Nc2ccc(Cl)cc2)C1,0
O=C(NO)c1ccc(CCN2C(=O)c3cccc4c(N5CCOCC5)ccc(c34)C2=O)cc1,0
Cc1[nH]c2ccccc2c1CCNCc1ccc(/C=C/C(=O)NO)cc1,1
CN1C(=O)CC[C@@H]1C(=O)N[C@@H](CCCCCS)C(=O)Nc1ccccc1,1
O=C1CCC[C@@H](C(=O)N[C@@H](CCCCCS)C(=O)NC2CCCC2)N1,1
Cc1cc(C)cc(C(=O)NOCCCCCC(=O)NO)c1,1
Cc1ccc(C(=O)NOCCCCCC(=O)NO)cc1C,1
Cc1ccc(NC(=O)[C@H](CCCCCS)NC(=O)[C@@H]2CCCC(=O)N2)cc1,1
O=C(NO)c1ccc(NCc2csc3ccc(Br)cc23)cc1,0
Nc1ccccc1NC(=O)c1ccc(CNC(=O)c2[nH]c(-c3ccsc3)cc2-c2ccc(O)cc2)cc1,1
CC(C)c1cc(-n2nnc(C(=O)NCCCCCCC(=O)NO)c2-c2ccc(CN3CCOCC3)cc2)c(O)cc1O,1
COc1ccc(-c2ccc(/C=C/C=C/C(=O)NO)cc2)cc1,0
Cc1cccc(NC(=O)[C@H](CCCCCS)NC(=O)[C@@H]2CCCC(=O)N2)c1,1
C/C=C1\NC(=O)c2csc(n2)CNC(=O)C[C@@H](/C=C/CCSC(=O)CCCCCCC)OC(=O)[C@H](C(C)C)NC1=O,0
Cc1c(O)c(O)c(O)c(C=O)c1-c1cc2c(C=O)c(C)c(O)c(O)c2o1,0
O=C(CCCCC[C@H](NC(=O)[C@H]1CCC(=O)N1)C(=O)NCCc1ccccc1)NO,1
O=C(CCCCC[C@H](NC(=O)C1CCCNC1=O)C(=O)Nc1ccccc1)NO,1
CC1(C)c2cccc(C(=O)NO)c2CN1c1ccc(C(F)(F)F)nc1,1
COc1cc2c(Oc3ccc(NC(=O)C4(C(=O)Nc5ccc(F)cc5)CC4)cc3F)ccnc2cc1OCCCCCC(=O)NO,1
O=C(CCCCC[C@H](NC(=O)[C@@H]1CCCC(=O)N1)C(=O)Nc1ccccc1)NO,1
CC1(C)c2cccc(C(=O)NO)c2CN1c1ccc(C(F)(F)F)cn1,1
O=C(CCCCC[C@H](NC(=O)[C@@H]1CCCC(=O)N1)C(=O)NCCc1ccccc1)NO,1
Cc1cccc(NC(=O)CCCCCCC(=O)NO)c1,1
O=C(CCCCC[C@H](NC(=O)[C@H]1CCC(=O)N1)C(=O)Nc1cccc(C(F)(F)F)c1)NO,1
O=C(CCCCCCC(=O)Nc1cccc(C(F)(F)F)c1)NO,1
O=C(CCCCCCC(=O)NC1CCCC1)NO,1
O=C(CCCCCCN(c1ccccn1)c1ccc2ccccc2n1)NO,1
O=C(/C=C/c1ccc(C(=O)NO)cc1)N[C@@H](Cc1c[nH]c2ccccc12)C(=O)Nc1cccc(Cl)c1,1
CC(C)[C@@H]1NC(=O)[C@]2(C)CSC(=N2)c2csc(n2)CNC(=O)C[C@@H](/C=C/CCSSC[C@H](NC(=O)OC(C)(C)C)C(=O)OC(C)(C)C)OC1=O,1
O=C(CCCCSc1nc(-c2ccc(-c3ccccc3)cc2)cc(=O)[nH]1)NO,1
CC(C)c1cc(C(=O)N2CCc3onc(C(=O)NCCCCCCC(=O)NO)c3C2)c(O)cc1O,1
O=C(/C=C/c1ccc(C(c2c[nH]c3ccccc23)c2c[nH]c3ccccc23)cc1)NO,1
O=C(/C=C/c1ccc2c(c1)nc(CCc1ccccc1)n2CCN1CCCCC1)NO,1
CCCCCc1nc2cc(/C=C/C(=O)NO)ccc2n1CCNC(C)C,1
CC(C)[C@H]1NC(=O)C[C@@H](C/C=C\CCC(=O)O)NC(=O)[C@@H](Cc2ccc(O)cc2)NC(=O)[C@@H](C)NC1=O,1
COc1ccccc1C(=O)N[C@H](COc1cccc(/C=C/C(=O)NO)c1)Cc1c[nH]c2ccccc12,1
Cc1ccc(NC(=O)CCCCCCC(=O)NO)cc1,1
O=C(CCCCC[C@H](NC(=O)[C@@H]1CCCC(=O)N1)C(=O)NC1CCCC1)NO,1
O=C(CCCCC[C@H](NC(=O)C1C(=O)NCC1c1ccccc1)C(=O)Nc1ccccc1)NO,1
O=C(CCCCC[C@H](NC(=O)C1CCNC1=O)C(=O)Nc1ccccc1)NO,1
O=C(/C=C/c1ccc(/C=C(/CNC2CC2)c2ccc(F)cc2)cc1)NO,0
O=C(CCCCCNC(=O)NC12CC3CC(CC(C3)C1)C2)NO,1
C/C=C1\NC(=O)c2csc(n2)[C@@H](C(C)C)NC(=O)C[C@@H](/C=C/CCS)OC(=O)[C@H](C(C)C)NC1=O,0
O=C(/C=C/c1ccc(OC[C@H](Cc2c[nH]c3ccccc23)NC(=O)c2ccc(Cl)cc2)cc1)NO,1
O=C(CCCCCCS)NC1CCCC1,1
Cc1cccc(CCNC(=O)CCCCCCS)c1,1
COc1cc2c(Oc3ccc(NC(=O)C4(C(=O)Nc5ccc(F)cc5)CC4)cc3F)ccnc2cc1OCCCC(=O)NO,0
O=C(NO)c1ccc(CN(CCO)C(=O)Cc2ccccc2)cc1,1
N#CCc1ccc(-c2ccc(/C=C/C(=O)NO)cc2Cl)cc1C12CC3CC(CC(C3)C1)C2,0
Cc1nc2ccccc2n1Cc1ccc(C(=O)NO)cc1F,0
CC1(C)c2cccc(C(=O)NO)c2CN1c1ncc(C(F)(F)F)cn1,1
CC1(C)c2cccc(C(N)=O)c2CN1c1cnc(C(F)(F)F)cn1,0
Cc1c(O)c(O)c2c(c1C=O)[C@@H]1O[C@H](O2)c2c(C)c(O)c(O)c(O)c2C1=O,0
O=C(CCCCCCS)NCc1cccc(OCc2ccccc2)c1,1
CC(C)[C@H]1NC(=O)[C@@H](C)[C@@H](C/C=C\CCC(=O)O)NC(=O)[C@@H](Cc2ccccc2)NC(=O)[C@@H](C)NC1=O,1
O=C(CCCCCCNC(=O)c1cnc(N(c2ccccc2)c2ccccc2)nc1)NO,0
O=C(/C=C/c1ccc(C(=O)NO)cc1)N[C@@H](Cc1c[nH]c2ccccc12)C(=O)Nc1ccc(Cl)cc1,1
CC1(C)c2cccc(C(=O)NO)c2CN1c1nc2ncccc2o1,1
Nc1ccccc1NC(=O)c1ccc(CNC(=O)c2[nH]c(-c3ccc(O)cc3)cc2-c2ccoc2)cc1,1
O=C(NO)c1ccc(CNC(=O)c2[nH]c(-c3cccnc3)cc2-c2ccc(F)cc2)cc1,1
CCC(=O)CCCCC[C@@H]1NC(=O)[C@H](C)NC(=O)C[C@H](CC(C)C)NC(=O)[C@H](Cc2cccc3ccccc23)NC1=O,1
CC1(C)c2cccc(C(=O)NO)c2CN1c1cnc(C(F)(F)F)cn1,1
O=C(CCCCCS)Nc1ccccc1,1
O=C(CCCCCCS)N1CCc2ccccc2C1,1
Nc1ccccc1NC(=O)c1ccc(CNC2=N[C@H](c3ccccc3)[C@H](c3ccccc3)O2)cc1,0
CNC(=O)/C(CCCCCCC(=O)Nc1ccccc1)=N\O,0
CNC(=O)/C(CCCCC[C@@H](C(=O)Nc1ccccc1)N(Cc1ccccc1)Cc1ccccc1)=N\O,0
CN(C)CC(C)(C)Cn1c(CCc2ccccc2)nc2cc(/C=C/C(=O)NO)ccc21,1
COc1ccc2c(C(=O)c3cc(OC)c(OC)c(OC)c3)cn(S(=O)(=O)c3cccc(/C=C/C(=O)NO)c3)c2c1,1
O=C(NCCCCCCS)c1cc(-c2cnccn2)n[nH]1,0
O=C(/C=C/c1ccc(C(=O)NO)cc1)N[C@@H](Cc1c[nH]c2ccccc12)C(=O)Nc1ccc(Br)cc1,1
CC1(C)c2cccc(C(=O)NO)c2CN1c1cnc(C(F)(F)F)nc1,1
Cc1ccc(NC(=O)[C@H](Cc2c[nH]c3ccccc23)NC(=O)c2ccc(C(=O)NO)cc2)cc1,1
O=C(NO)c1ccc(CC(=O)N(CCO)c2ccccc2)cc1,0
O=C(NO)c1ccc(Cn2c3c(c4ccccc42)S(=O)(=O)CC3)cc1,0
COc1ccc(-c2cc(-c3ccccc3)[nH]c2C(=O)NCc2ccc(C(=O)NCCS)cc2)cc1,1
O=C(CCCCCCC(=O)Nc1ccccc1CN1CC[C@H](O)C1)NO,0
CC(Nc1c(NCCCCCC(=O)NO)c(=O)c1=O)C12CC3CC(CC(C3)C1)C2,1
COc1ccc(Nc2c(NCCCCCC(=O)NO)c(=O)c2=O)cc1,1
CC(C)(CCCCC(=O)NO)Nc1c(Nc2ccc(C(F)(F)F)cc2)c(=O)c1=O,1
COc1ccc(/C=C/C(=O)NO)c(-c2ccc(-c3ccccc3)cc2)c1,0
CN1CCC=C(C1=O)CCC(=O)NO,0
C1=CC=C(C=C1)C2=CC(=NO2)C(=O)NCCCNC(=O)C3=CC=CNC3=O,0
C1=CC=C(C=C1)NC2=CC=C(C=C2)CN3C=CC(=N3)CCCCC(=O)NO,0
C1=CC=C(C=C1)N2C=CC(=N2)CCCCC(=O)NO,0
CC(=CCC(C(=O)C=CC1=CC(=C(C=C1)OCC=C(C)C)OC)C(=O)C=CC2=CC(=C(C=C2)OCC=C(C)C)OC)C,0
CC(=CCC(CC=C(C)C)(C(=O)C=CC1=CC(=C(C=C1)OCC=C(C)C)OC)C(=O)C=CC2=CC(=C(C=C2)OCC=C(C)C)OC)C,0
