O=C1Nc2c(ccc(Cl)c2Cl)/C1=C/c1cc(Br)c(O)c(Br)c1,0
CC(C)c1ccc(C=C2C(=O)NC(=S)NC2=O)cc1,0
COc1ccc(CC2C(=O)NC(=S)NC2=O)cc1OCc1ccccc1,1
Cc1cccc(Nc2ccccc2C(N)=O)c1,0
CC(=O)N[C@@H](C)C(=O)N[C@@H](CCCCNC(C)=[Se])C(=O)N[C@@H](C)C(=O)O,1
CC(=O)NCCCC[C@H](NC(=O)[C@H](C)NC(C)=O)C(=O)N[C@@H](C)C(=O)O,0
Cc1cc(C)nc(SCC(=O)Nc2nnc(Cc3ccc(Cl)cc3)s2)n1,0
Cc1cc(C)nc(SCC(=O)Nc2ncc(Cc3cccc4ccccc34)s2)n1,1
Cc1cc(C)nc(SCC(=O)Nc2ncc(Cc3c(C)ccc4ccccc34)s2)n1,1
C=CCN1C(=O)/C(=C/c2ccc(-c3cccc(Cl)c3Cl)o2)C(=O)NC1=S,1
O=c1[nH]c(=S)[nH]c(-c2ccccc2)c1Cc1c(O)ccc2ccccc12,0
O=C(Nc1cccc(Br)c1)c1cccc(S(=O)(=O)N2CCCCCC2)c1,0
CC(O)c1ccc(N(C)S(=O)(=O)c2cccc(C(=O)Nc3ccc(C#N)cc3)c2)cc1,0
CCCCC(CC)COCCCNC(=O)CCC(C)(c1ccc(O)cc1)c1ccc(O)cc1,0
CN(C)CCCCC(=O)Nc1ccc(NC(=S)NC(=O)c2cccc(Br)c2)cc1.Cl,0
OCc1cccc(/C=N/c2cc(/N=C/c3cccc(CO)c3O)cc(C(F)(F)F)c2)c1O,0
CC(=O)NC[C@H](NC(=O)[C@H](CCCCNC(C)=S)NC(=O)[C@H](Cc1csc2ccccc12)NC(C)=O)C(N)=O,1
O=C1NC(=S)NC(=O)C1=Cc1ccc(-c2ccc(C(=O)OCc3cccc(Cl)c3)cc2)o1,1
O=C1NC(=S)NC(=O)C1=Cc1ccc(-c2ccc(Cl)c(Cl)c2)o1,1
CC(=O)c1ccc(-c2ccc(C=C3C(=O)NC(=S)NC3=O)o2)cc1,1
Cc1cc(C)nc(SCC(=O)Nc2ncc(Cc3cccc4ccc(Cl)cc34)s2)n1,1
CCOc1cccc(Cc2cnc(NC(=O)CSc3nc(C)cc(C)n3)s2)c1,1
NC(=O)c1ccccc1Nc1cccc(OCC2CCCCC2)c1,0
CN(C)CCCCC(=O)Nc1ccc(NC(=S)NC(=O)c2ccccc2Cl)cc1.Cl,0
CC(=S)NCCCC[C@H](NC(=O)[C@@H]1C[C@@H](O)CN1C(=O)OCc1ccccc1)C(=O)NCC(=O)c1ccccc1,1
NC(=O)c1ccc[n+](CC(=O)Nc2ncc(Cc3cccc4ccccc34)s2)c1.[Cl-],0
CCc1cc(CC)nc(SCC(=O)Nc2ncc(Cc3cccc4ccccc34)s2)n1,0
Cc1nc(SCC(=O)Nc2ncc(Cc3cccc4ccccc34)s2)nc(C)c1C,0
CC(=O)NCCCC[C@H](NC(C)=O)C(=O)N[C@@H](CCCCNC(C)=S)C(=O)N[C@@H](CCc1ccccc1)C(N)=O,1
CN(C)C(=O)c1ccccc1Nc1ccccc1,0
NC(=O)c1ccccc1Nc1ccc(CCc2ccccc2)cc1,0
CN(C)CCOCCOCCOCCOCCOCC(=O)Nc1ccc(NC(=S)NC(=O)c2ccc(C(C)(C)C)cc2)cc1.Cl,0
NC(=O)c1ccccc1Nc1cccc(OCCc2ccc(Cl)cc2)c1,1
CC[C@H](NC(=O)[C@H](CCCCNC(C)=S)NC(=O)[C@H](CCCCNC(C)=O)NC(C)=O)C(N)=O,1
O=C(CSc1nnc(-c2ccccc2)c(-c2ccccc2)n1)Nc1nnc(Cc2ccccc2)s1,0
CCOc1ccc2nc(NC(=O)CSc3nc(C)cc(C)n3)sc2c1,0
CCC(Sc1nc(C)cc(C)n1)C(=O)Nc1ncc(Cc2cccc3ccc(Cl)cc23)s1,1
Cc1cc(C)nc(SCC(=O)Nc2ncc(Cc3cccc4cc(Cl)ccc34)s2)n1,1
NC(=O)c1ccccc1Nc1cccc(CCO)c1,0
Cc1ccc(Nc2ccccc2C(N)=O)cc1,0
CN(C)CCCCC(=O)Nc1ccc(NC(=S)NC(=O)c2cc(F)c(F)c(F)c2)cc1,0
COc1c(Br)cc(C(=O)NC(=S)Nc2ccc(NC(=O)CCCCN(C)C)cc2)cc1Br,0
CC(C)(C)OC(=O)Nc1cccc(-c2noc(C(=O)NNC(=S)Nc3ccc(C(F)(F)F)cc3)n2)c1,0
CC[C@H](NC(C)=O)C(=O)N[C@@H](CCCCNC(C)=S)C(=O)N[C@@H](CCCCNC(C)=O)C(N)=O,1
CC(=S)NCCCC[C@@H]1NC(=O)[C@H](Cc2ccc3ccccc3c2)NC(=O)CCCCCCC(=O)NCC[C@@H](C(N)=O)NC1=O,1
O=C1NC(=S)NC(=O)C1=Cc1ccc(-c2ccccc2)cc1,1
Sc1nc2c(ccc3ccccc32)[nH]1,1
Oc1ccccc1/C=N/c1ccc(OCCCCOc2ccc(/N=C/c3ccccc3O)cc2)cc1,0
O=C1c2cccc3c(SCCO)ccc(c23)C(=O)N1CCc1ccccn1,0
CC(C)(C)OC(=O)c1ccc(C(=O)NCCC2CCN(c3ncnc4cc(C(N)=O)sc34)CC2)s1,1
CCCCCc1cc(=O)c2cc(Cl)cc(Br)c2o1,1
CCN(CC)CCNC(=O)c1c(C)[nH]c(/C=C2\C(=O)Nc3ccc(F)cc32)c1C,0
CCOc1c(Cl)cc(C(=O)NC(=S)Nc2ccc(NC(=O)CCCCN(C)C)cc2)cc1Cl,1
O=C1Oc2ccc3ccccc3c2CC1C(=O)c1ccccc1Cl,1
CN(c1ccc(Cl)cc1)S(=O)(=O)c1cccc(C(=O)Nc2ccc(F)cn2)c1,1
CN(c1ccc(Cl)cn1)S(=O)(=O)c1cccc(C(=O)Nc2ccc(C#N)cc2)c1,1
CN(c1ccc(Cl)cc1)S(=O)(=O)c1cccc(NC(=O)c2ccc(C#N)cc2)c1,1
CC(=O)NCCCC[C@H](NC(C)=O)C(=O)N[C@@H](CCCCNC(C)=S)C(=O)N[C@@H](Cc1ccc2ccccc2c1)C(N)=O,1
CC(=O)N[C@@H](C)C(=O)N[C@@H](CCCCNC(C)=S)C(=O)N[C@@H](C)C(=O)O,1
CN1CCc2[nH]c3ccc(-c4cnc(N)nc4)cc3c2C1,0
CCCCCc1ccc(C(=O)NC(=S)Nc2ccc(NC(=O)CCCCN(C)C)cc2)cc1.Cl,1
COc1ccc(C(=O)NC(=S)Nc2ccc(NC(=O)CCCCN(C)C)cc2)cc1.Cl,0
CN(C)CCCCC(=O)Nc1ccc(NC(=S)NC(=O)c2ccc(C(C)(C)C)c(Br)c2)cc1.Cl,1
CN(C)CCCCNC(=O)c1ccc(NC(=S)NC(=O)c2ccc(C(C)(C)C)cc2)cc1.Cl,0
CN(C)CCCCC(=O)Nc1ccc(NC(=S)NC(=O)c2ccc(Cl)c(Cl)c2)cc1,0
NC(=O)c1ccccc1Nc1ccc(NC(=O)C2CCNCC2)cc1,0
Cc1cc(C)nc(SCC(=O)Nc2nnc(Cc3ccc(Br)cc3)s2)n1,0
O=C(CSc1cccc(O)c1)Nc1ncc(Cc2cccc3ccccc23)s1,0
O=C(CSc1ncccn1)Nc1ncc(Cc2ccccc2)s1,0
O=C1NC(=O)C(c2c[nH]c3cccc(F)c23)=C1c1cn(CCOC(CCO)C(O)CO)c2ccccc12,1
COC1=C(C(=O)c2ccccc2)C(=O)[C@]2(CC=C(C)C)C[C@@H](C(=O)O)C(C)(C)[C@@]1(CC=C(C)C)C2=O,0
CCCC[C@H](NC(=O)[C@H](CCCCNC(C)=S)NC(=O)[C@H](CCCCNC(C)=O)NC(C)=O)C(N)=O,1
CCOC(=O)c1ccc2c(c1)nc(-c1ccc(N(C)C)cc1)n2-c1ccccc1,0
O=C(Nc1ccc(O)c(C(=O)O)c1)c1cccc(NC(=O)c2ccco2)c1,0
C[C@H](NC(=O)c1ccccc1/N=C/c1c(O)ccc2ccccc12)c1ccccc1,0
CSCC[C@H](NC(=O)[C@H](CC(C)C)NC(=O)[C@H](CCCCNC(C)=S)NC(=O)[C@H](CCCCN)NC(=O)[C@@H](N)Cc1cnc[nH]1)C(=O)O,1
COC(=O)[C@H](C)NC(=O)[C@H](CCCCNC(C)=S)NC(=O)[C@H](C)NC(C)=O,0
NC(=O)c1ccccc1Nc1ccc2ccccc2c1,0
NC(=O)c1ccccc1Nc1cccc(OCCc2ccc(Br)cc2)c1,1
O=C1NC(=S)NC(=O)C1=Cc1ccc(OCc2ccccc2)c(OCc2ccccc2)c1,1
COC(=O)c1ccc(-c2ccc(C=C3C(=O)NC(=S)NC3=O)o2)cc1,1
O=C1NC(=S)NC(=O)C1=Cc1ccc(-c2ccc(Cl)cc2)o1,1
O=C1NC(=S)NC(=O)C1=Cc1ccc(Sc2ccccc2)o1,1
CC(C)(NC(=O)/C=C/c1ccc(O)cc1)C(=O)NCCc1c[nH]c2ccc(F)cc12,0
O=C1NC(=S)NC(=O)C1=Cc1ccc(OCc2ccccc2)cc1,1
O=C(Nc1ccccc1-c1cn2c(CN3CC[C@@H](O)C3)csc2n1)c1ccc2ccccc2c1,0
CC[C@H](C)[C@H](NC(=O)[C@@H](NC(=O)[C@H](CCCCNC(C)=S)NC(=O)[C@H](CC(=O)O)NC(=O)[C@@H](N)Cc1cnc[nH]1)[C@@H](C)O)C(=O)O,0
CC[C@H](C)[C@H](NC(=O)[C@@H](NC(=O)[C@H](CCCCNC(C)=S)NC(=O)[C@H](CCCCN)NC(=O)[C@@H](N)Cc1cnc[nH]1)[C@@H](C)O)C(=O)O,1
CSCC[C@H](NC(=O)[C@H](CC(C)C)NC(=O)[C@H](CCCCNC(C)=S)NC(=O)[C@H](CC(=O)O)NC(=O)[C@@H](N)CO)C(=O)O,0
CC[C@H](C)[C@H](NC(=O)[C@H](C)NC(=O)[C@H](CCCCNC(C)=S)NC(=O)[C@H](CC(=O)O)NC(=O)[C@@H](N)CO)C(=O)O,0
CSCC[C@H](NC(=O)[C@H](CC(C)C)NC(=O)[C@H](CCCCNC(C)=S)NC(=O)[C@@H](N)CCCCN)C(=O)O,0
O=C1c2ccccc2C(=O)c2c(NCCc3ccc(O)cc3)ccc(NCCc3ccc(O)cc3)c21,0
NC(=O)c1ccc[n+]([C@@H]2O[C@H](COP(=O)([O-])OP(=O)(O)OC[C@H]3O[C@@H](n4c(-c5ccc(Cl)cc5)nc5c(N)ncnc54)[C@H](O)[C@@H]3O)[C@@H](O)[C@H]2O)c1,0
CNC(=O)[C@H](C)NC(=O)[C@H](CCCCNC(C)=O)NC(=O)[C@H](C)NC(C)=O,0
CC[C@H](C)[C@H](NC(=O)[C@@H](NC(=O)[C@H](CCCCNC(C)=S)NC(=O)[C@H](CCCCN)NC(=O)[C@@H](N)CO)[C@@H](C)O)C(=O)O,1
COC(=O)[C@H](C)NC(=O)[C@H](CCCCNC(=O)C1=CCCCC1)NC(=O)[C@H](C)NC(C)=O,0
CC1(C)CCC(C)(C)c2cc(-c3csc(C4CCN(Cc5ccc(N(CCC#N)CCC#N)cc5)CC4)n3)ccc21,0
COc1ccc(C(=O)CNC(=O)[C@H](CCCCNC(C)=S)NC(=O)OCc2ccccc2)cc1,1
O=C1Nc2c(ccc(Cl)c2Cl)/C1=C/c1ccc([N+](=O)[O-])cc1,0
O=C(NNC(=S)Nc1ccc(C(F)(F)F)cc1)c1nc(-c2cccc3ccccc23)no1,0
O=C(NNC(=S)Nc1cccc(C(F)(F)F)c1)c1nc(-c2cccc3ccccc23)no1,0
CC[C@H](C)[C@H](NC(=O)[C@@H](NC(=O)[C@H](CCCCNC(C)=S)NC(=O)[C@H](CC(=O)O)NC(=O)[C@@H](N)CO)[C@@H](C)O)C(=O)O,0
CC(=S)NCCCC[C@H](NC(=O)[C@@H](N)CC(=O)O)C(=O)N[C@H](C(=O)O)[C@@H](C)O,0
CSCC[C@H](NC(=O)[C@@H](NC(=O)[C@H](CCCCNC(C)=S)NC(=O)[C@H](CC(=O)O)NC(=O)[C@@H](N)CO)[C@@H](C)O)C(=O)O,0
O=C(Nc1cccc([N+](=O)[O-])c1)c1cccc(S(=O)(=O)N2CCCCCC2)c1,0
CCCCn1c(-c2ccccc2)c(Cc2c(O)ccc3ccccc23)c(=O)[nH]c1=S,1
O=C1Cc2c([nH]c3ccc(Br)cc23)-c2ccccc2N1,0
Cn1c2ccccc2c2c3c(c4c5ccccc5n(CCC#N)c4c21)CNC3=O,0
CC(NC(=O)c1ccc(/N=C/c2c(O)ccc3ccccc23)cc1)c1ccccc1,0
O=C1CCc2c(ccc3ccccc23)O1,0
CCOc1ccc(Cn2c(-c3ccccc3)c(Cc3c(O)ccc4ccccc34)c(=O)[nH]c2=S)cc1,1
NC(=O)c1ccc2c(c1)CCc1cc([N+](=O)[O-])ccc1N2,0
COc1ccc2[nH]c(=S)[nH]c2n1,0
O=C(/C=C/c1ccc(OCc2ccccc2)cc1)NC1(C(=O)NCCc2c[nH]c3ccccc23)CCNCC1,0
CC(=S)NCCCC[C@@H]1NC(=O)[C@H](Cc2csc3ccccc23)NC(=O)CCCCCCC(=O)NC[C@@H](C(N)=O)NC1=O,1
Cn1c2c(Cl)c(Cl)ccc2c2cc[nH]c(=O)c21,0
O=C(O)/C=C/C(=O)Nc1cccc(NC(=O)c2ccccc2O)c1,0
O=C(O)CCCCOc1ccc2oc3ccccc3c(=O)c2c1,0
O=C(c1ccc(Cl)cc1)N1CCN(c2ccc([N+](=O)[O-])c3ncccc23)CC1,0
N#C/C(=C\c1ccc(-c2cc(Cl)ccc2Cl)o1)C(=O)Nc1cccc2cccnc12,0
N#C/C(=C\c1ccc(-c2cccc(Cl)c2Cl)o1)C(=O)Nc1cccc2ncccc12,0
CN(C)CCCCC(=O)Nc1ccc(NC(=S)NC(=O)c2ccc(Br)cc2)cc1.Cl,0
NC(=O)c1ccccc1Nc1cccc(C(=O)O)c1,0
COC(=O)/C=C/c1cccc(Nc2ccccc2C(N)=O)c1,0
NC(=O)c1ccccc1Nc1ccc(Cl)cc1,0
CC(=S)NCCCC[C@H](NC(=O)[C@H](CC(=O)O)NC(=O)[C@@H](N)CO)C(=O)N[C@H](C(=O)N[C@@H](C)C(=O)O)[C@@H](C)O,0
CSCC[C@H](NC(=O)[C@H](CC(C)C)NC(=O)[C@H](CCCCNC(C)=S)NC(=O)[C@H](C)NC(=O)[C@@H](N)Cc1cnc[nH]1)C(=O)O,0
CSCC[C@H](NC(=O)[C@H](C)NC(=O)[C@H](CCCCNC(C)=S)NC(=O)[C@H](CCCCN)NC(=O)[C@@H](N)Cc1cnc[nH]1)C(=O)O,1
CN(C)CCCCCC(=O)Nc1ccc(NC(=S)NC(=O)c2ccc(C(C)(C)C)cc2)cc1.Cl,0
CN(C)CCCCCCCC(=O)Nc1ccc(NC(=S)NC(=O)c2ccc(C(C)(C)C)cc2)cc1.Cl,0
COc1cc(NC(=O)c2ccccc2)c(C)cc1NC(=O)CC(CC(=O)O)c1ccccc1,0
CC(NC(=O)c1cccc(/N=C/c2c(O)ccc3ccccc23)c1)c1ccccc1,0
CN(C)CCCCC(=O)Nc1ccc(NC(=S)NC(=O)c2ccccc2)cc1.Cl,0
CN(C)CCCC(=O)Nc1ccc(NC(=S)NC(=O)c2ccc(C(C)(C)C)cc2)cc1.Cl,0
CN1C(=O)C(c2cn(Cc3ccccc3)c3ccccc23)=C(c2cn(Cc3ccccc3)c3ccccc23)C1=O,0
CN(c1ccc(Cl)cc1)S(=O)(=O)c1cccc(C(=O)Nc2cc(Cl)cnn2)c1,0
CCOC(=O)c1ccc2c(c1)nc(-c1ccc(N(C)C)cc1)n2CCO,0
C[C@H](NC(=O)/C=C/c1ccc(O)cc1)C(=O)NCCc1c[nH]c2ccccc12,0
Cc1ncc(CSc2ccccc2/N=C/c2cc(Cl)cc(Cl)c2O)c(CO)c1O,0
O=C1NC(=S)NC(=O)C1=Cc1cccc2ccccc12,1
O=C(/C=C/c1ccc(OCc2ccc(F)cc2)cc1)NC1(C(=O)NCCc2c[nH]c3ccc(F)cc23)CCNCC1,0
CC(=S)NCCCC[C@H](NC(=O)[C@@H]1CCCN(C(=O)OC(C)(C)C)C1)C(=O)N[C@@H](C)C(=O)O,0
O=C(CSc1ncccn1)Nc1ncc(Cc2cccc3ccccc23)s1,1
COc1ccc2ccccc2c1Cn1cnc2sc3c(c2c1=O)CCC(NCc1cccnc1)C3,1
Oc1ccc(/C=C/c2cc(O)cc(O)c2)cc1,0
O=C1NC(=S)NC(=O)C1=Cc1ccc(OCc2cccc3ccccc23)cc1,1
CC(C)(NC(=O)/C=C/c1ccccc1)C(=O)NCCc1c[nH]c2ccccc12,0
Cc1cc(C)c(/C=C2\C(=O)Nc3c2ccc(Cl)c3Cl)[nH]1,0
Oc1ccccc1/C=N/c1ccc(OCCCOc2ccc(/N=C/c3ccccc3O)cc2)cc1,0
CN1CCCC1CCn1cc(C2=C(c3c[nH]c4ccccc34)C(=O)NC2=O)c2ccccc21,1
Cn1cc(C2=C(c3cn(CCCSC(=N)N)c4ccccc34)C(=O)NC2=O)c2ccccc21,1
O=C1NC(=O)C(c2c[nH]c3cccc(F)c23)=C1c1cn(CCOC(CCO)C2COC3(CCCCC3)O2)c2ccccc12,1
CN1C(=O)C(c2c[nH]c3ccccc23)=C(c2c[nH]c3ccccc23)C1=O,0
CN(C(=O)c1cccc(S(=O)(=O)N(C)c2ccc(Br)cc2)c1)c1ccc(Cl)cc1F,1
NC(=O)c1ccccc1Nc1cccc(CO)c1,0
COC(=O)c1ccc(Nc2ccccc2C(N)=O)cc1,0
Cc1cc(C)nc(S[C@H](C)C(=O)Nc2ncc(Cc3cccc4ccccc34)s2)n1,1
NC(=O)c1ccccc1Nc1cccc(C(F)(F)F)c1,0
COc1cc(C(=O)Nc2ccccc2-c2cn3c(CN4CCNCC4)csc3n2)cc(OC)c1OC,0
CNC(=O)[C@H](C)NC(=O)[C@H](CCCCNC(=O)C(C)(C)C)NC(=O)[C@H](C)NC(C)=O,0
COC(=O)[C@H](C)NC(=O)[C@H](CCCCNC(=O)C(C)(C)C)NC(=O)[C@H](C)NC(C)=O,0
CC[C@H](C)[C@H](NC(=O)[C@@H](NC(=O)[C@H](CCCCNC(C)=S)NC(=O)[C@@H](N)CC(=O)O)[C@@H](C)O)C(=O)O,0
Oc1c(Br)cc(C=C2c3cc(I)ccc3NC2O)cc1Br,0
O=c1cc(CSc2nnc(O)n2C2Cc3ccccc3C2)c2ccc(O)cc2o1,0
CC(CSc1cccc(/N=C/c2c(O)ccc3ccccc23)c1)c1ccccc1,0
CC(C)(NC(=O)/C=C/c1ccc(O)cc1)C(=O)NCCc1c[nH]c2ccccc12,0
CN(C(=O)c1ccc(Nc2ccccc2C(N)=O)cc1)c1ccccc1,0
NC(=O)c1ccccc1Nc1ccc(NC(=O)C2CCCCC2)cc1,0
CC(=O)N[C@@H](C)C(=O)N[C@@H](CCCCNC(=S)CC(C)C)C(=O)N[C@@H](C)C(=O)O,1
CC(=[Se])NCCCC[C@H](NC(=O)OCc1ccccc1)C(=O)Nc1ccccc1,1
NC(=O)c1ccccc1Nc1cccc(NC(=O)Cc2ccccc2)c1,0
C[C@H](NC(=O)/C=C/c1ccccc1)C(=O)NCCc1c[nH]c2ccccc12,0
CC(=O)NC[C@H](NC(=O)[C@H](CCCCNC(C)=S)NC(=O)[C@H](Cc1ccc2ccccc2c1)NC(C)=O)C(N)=O,0
COC(=O)c1cccc(Nc2ccccc2C(N)=O)c1,0
O=C1CC(CCc2cccnc2)Oc2c(Br)cc(Cl)cc21,1
CC(C)(C)c1ccc(-c2noc(C(=O)NNC(=S)Nc3cccc(C(F)(F)F)c3)n2)cc1,0
NC(=O)c1ccccc1Nc1ccc(NC(=O)c2ccncc2)cc1,0
Cc1ccc(C(=O)NC(=S)Nc2ccc(NC(=O)CCCCN(C)C)cc2)cc1Br,0
NC(=O)c1ccccc1Nc1ccc(/C=C/c2ccccc2)cc1,0
CN(C(=O)c1cccc(Nc2ccccc2C(N)=O)c1)c1ccccc1,0
CNC(=O)c1ccccc1Nc1ccccc1,0
CC(=S)NCCCC[C@H](NC(=O)[C@H](CCCCN)NC(=O)[C@@H](N)Cc1cnc[nH]1)C(=O)N[C@@H](CC(C)C)C(=O)O,0
Cc1cc(C)nc(SCC(=O)Nc2nnc(Cc3cccc4ccccc34)s2)n1,1
CC(Sc1ncccn1)C(=O)Nc1ncc(Cc2cccc3ccccc23)s1,1
Cc1cc(C)nc(SCC(=O)Nc2ncc(Cc3ccc(Cl)cc3)s2)n1,1
Cc1cc(C)nc(SCC(=O)Nc2ncc(Cc3ccc(-c4ccccc4)cc3)s2)n1,0
CC[C@H](C)[C@H](NC(=O)[C@@H](NC(=O)[C@H](CCCCNC(C)=S)NC(=O)[C@H](C)NC(=O)[C@@H](N)CO)[C@@H](C)O)C(=O)O,1
CSCC[C@H](NC(=O)[C@H](CC(C)C)NC(=O)[C@H](CCCCNC(C)=S)NC(=O)[C@H](CCCCN)NC(=O)[C@H](C)N)C(=O)O,1
CCCCc1ccc(C(=O)NC(=S)Nc2ccc(NC(=O)CCCCN(C)C)cc2)cc1.Cl,1
CN(C)C[C@H]1OCCn2cc(c3ccccc32)C2=C(C(=O)NC2=O)c2cn(c3cccc(F)c23)C[C@H]1F,0
O=C1NC(=O)C(c2c[nH]c3ccccc23)=C1c1c[nH]c2ccccc12,1
O=C1Nc2c(ccc(Cl)c2Cl)/C1=C/c1ccc(F)cc1,0
CC(C)(C)c1ccc(Nc2ccccc2C(N)=O)cc1,0
C[C@H](NC(=O)CCc1ccccc1)C(=O)NCCc1c[nH]c2ccc(OCc3ccccc3)cc12,0
NC(=O)c1ccc[n+]([C@@H]2O[C@H](COP(=O)([O-])OP(=O)(O)OC[C@H]3O[C@@H](n4c(Br)nc5c(N)ncnc54)[C@H](O)[C@@H]3O)[C@@H](O)[C@H]2O)c1,0
Nc1ncnc2c1nc(-c1ccccc1)n2[C@@H]1O[C@H](COP(=O)(O)O)[C@@H](O)[C@H]1O,0
O=C1NC(=S)NC(=O)C1=Cc1cc2ccccc2[nH]1,0
O=C1NC(=O)C(c2cn(CCOC(CCO)C3COC4(CCCCC4)O3)c3ccccc23)=C1c1c[nH]c2ccccc12,1
NC(=O)c1ccccc1Nc1ccc(-c2ccccc2)cc1,0
O=C(O)c1ccccc1Nc1ccccc1,0
CN(c1ccccc1)c1ccccc1C(N)=O,0
NC(=O)c1ccccc1Nc1cccc(OCCCc2ccccc2)c1,1
CC(C(=O)Nc1cccc(/N=C/c2c(O)ccc3ccccc23)c1)c1ccccc1,0
CCCCCCCCn1c2c(c3cc(-c4cnc(N)nc4)ccc31)CN(C)CC2,0
CCCCCC1CC(=O)c2cc(Br)cc(Cl)c2O1,1
Cc1cccc(-c2ccc3[nH]c4c(c3c2)CNCC4)c1,0
CC(=O)NCCCC[C@H](NC(=O)[C@H](CCCCNC(C)=S)NC(=O)[C@H](CCc1ccccc1)NC(C)=O)C(N)=O,1
CCCC[C@H](NC(C)=O)C(=O)N[C@@H](CCCCNC(C)=S)C(=O)N[C@@H](CCCCNC(C)=O)C(N)=O,1
CNC(=S)NCCCC[C@H](NC(=O)[C@H](CCCCNC(C)=O)NC(C)=O)C(=O)N[C@@H](CCCCNC(C)=O)C(N)=O,1
Cn1ncnc2c(=O)n(C)c(=O)nc1-2,0
CC(=S)NCCCC[C@@H]1NC(=O)[C@H](Cc2csc3ccccc23)NC(=O)CCCCCCC(=O)NCC[C@@H](C(N)=O)NC1=O,1
Cc1cc(C)nc(SCC(=O)Nc2ncc(C(=O)Nc3cccc4ccccc34)s2)n1,0
Cc1cc(C)nc(SCC(=O)Nc2ncc(Cc3ccccc3)s2)n1,1
Cc1ccnc(SCC(=O)Nc2ncc(Cc3cccc4ccccc34)s2)n1,1
Cc1ccc(Cc2cnc(NC(=O)CSc3nc(C)cc(C)n3)s2)cc1,1
CCNC(=O)c1ccc(C(=O)NCCN2CCN(c3ncnc4cc(C(N)=O)sc34)CC2)s1,1
CCNC(=O)c1cccc(C(=O)NCCC2CCN(c3ncnc4cc(C(N)=O)sc34)CC2)c1,1
NC(=O)c1cc2ncnc(N3CCC(CN4CCCC4)CC3)c2s1,1
CC(=O)NCC1CCN(c2ncnc3cc(C(N)=O)sc23)CC1,1
CCCC1CC(=O)c2cc(Cl)cc(Br)c2O1,0
CN(c1ccc(F)cc1)S(=O)(=O)c1cccc(C(=O)Nc2ccc(C#N)cc2)c1,1
Cc1ccc([C@H]2CC(=O)Oc3ccc4cc(C)ccc4c32)cc1,1
CC(=O)NCCC[C@H](NC(=O)[C@H](CCCCNC(C)=S)NC(=O)[C@H](CCCNC(C)=O)NC(C)=O)C(N)=O,1
NC(=O)c1ccccc1Nc1cccc(OCc2ccccc2)c1,0
CN(c1ccc(S(C)(=O)=O)cc1)S(=O)(=O)c1cccc(C(=O)Nc2ccc(Cl)cc2)c1,0
CCOc1ccc(C=C2C(=O)NC(=S)NC2=O)cc1CCc1ccccc1,1
CN(c1ccc(Cl)cc1)S(=O)(=O)c1cccc(C(=O)Nc2ccc(C#N)cc2)c1,1
CCCCCCCCn1c2c(c3cc(-c4cccc(C)c4)ccc31)CN(Cc1ccccc1)CC2,1
CCCCn1c2c(c3cc(-c4cccc(C)c4)ccc31)CNCC2,0
CCCCCCCCn1c2c(c3cc(-c4cccc(C)c4)ccc31)CN(C(N)=O)CC2,1
COc1ccc(Nc2ccccc2C(N)=O)cc1,0
NC(=O)c1ccccc1Nc1cccc(OCCc2ccccc2C(F)(F)F)c1,1
CSc1ccc(Nc2ccccc2C(N)=O)cc1,0
NC(=O)c1ccccc1Nc1cccc(OCCc2ccccc2)c1,1
NC(=O)c1ccccc1Nc1cccc(OCCc2cccc(F)c2)c1,1
NC(=O)c1ccccc1Nc1cccc(OCCc2ccc(F)cc2)c1,1
Cl.NCCn1c(=S)[nH]c2cc([N+](=O)[O-])ccc21,1
NC(=O)c1ccccc1NCc1ccccc1,0
Cc1ccccc1CCOc1cccc(Nc2ccccc2C(N)=O)c1,1
CCOC(=O)c1ccc2c(c1)nc(-c1ccc(N3CCCCC3)cc1)n2CCO,0
CCCCCCCCn1c2c(c3cc(-c4ccc(S(C)(=O)=O)cc4)ccc31)CN(C(N)=O)CC2,1
Oc1ccc(/C=N/c2ccc(/N=C/c3ccc(O)cc3)c3ccccc23)cc1,0
CC(=S)NCCCC[C@H](NC(=O)OCc1ccccc1)C(=O)Nc1ccccc1,0
Cc1ccc(C(=O)NC(=S)Nc2ccc(NC(=O)CCCCN(C)C)cc2)cc1.Cl,0
CN(C)CCCCC(=O)Nc1ccc(NC(=O)NC(=O)c2ccc(C(C)(C)C)cc2)cc1.Cl,0
O=c1[nH]c(=O)c2cc(S(=O)(=O)Nc3ccc(Cn4ccnc4)cc3)ccc2[nH]1,0
O=C(O)c1ccc2[nH]c(=S)[nH]c2c1,0
O=C(Nc1ccc(COc2ccccc2)cc1)Nc1cccc(C(=O)O)c1,0
CC[C@H](C)[C@H](NC(=O)[C@@H](NC(=O)[C@H](CCCCNC(C)=S)NC(=O)[C@H](CC(=O)O)NC(=O)[C@H](C)N)[C@@H](C)O)C(=O)O,0
CN(C)CCCCC(=O)Nc1ccc(NC(=S)NC(=O)c2ccc(Cl)cc2)cc1.Cl,0
O=C(NNC(=O)c1nc(-c2cccc3ccccc23)no1)Nc1cccc(C(F)(F)F)c1,0
CC(C)(C)c1ccc(-c2noc(C(=O)NNC(=S)Nc3ccc(C(F)(F)F)cc3)n2)cc1,0
Oc1cccc(/C=N/c2ccc(/N=C/c3cccc(O)c3)c3ccccc23)c1,0
Oc1ccccc1/C=N/c1ccc(/N=C/c2ccccc2O)cc1,0
N#C/C(=C\c1ccc(-c2cccc(Cl)c2Cl)o1)C(=O)Nc1cccc2cccnc12,0
N#C/C(=C\c1ccc(-c2ccccc2Cl)o1)C(=O)Nc1cccc2cccnc12,0
CC(=S)NCCCC[C@H](NC(=O)[C@@H](N)CCCCN)C(=O)N[C@@H](CC(C)C)C(=O)O,0
CC[C@H](C)[C@H](NC(=O)[C@H](CC(C)C)NC(=O)[C@H](CCCCNC(C)=S)NC(=O)[C@H](CC(=O)O)NC(=O)[C@@H](N)CO)C(=O)O,0
CC(=S)NCCCC[C@H](NC(=O)[C@H](CCCCN)NC(=O)[C@@H](N)Cc1cnc[nH]1)C(=O)N[C@@H](CC(C)C)C(=O)N[C@@H](C)C(=O)O,0
N#C/C(=C\c1ccc(-c2ccccc2Cl)o1)C(=O)Nc1cccc2ncccc12,1
CN1C(=O)/C(=C/c2ccc(OCc3ccccc3)cc2)C(=O)NC1=S,1
CCOC(=O)c1ccc2[nH]c(-c3ccc(N4CCCCC4)cc3)nc2c1,1
Cc1ccc(-c2nc3c(N)ncnc3n2[C@@H]2O[C@H](COP(=O)(O)OP(=O)([O-])OC[C@H]3O[C@@H]([n+]4cccc(C(N)=O)c4)[C@H](O)[C@@H]3O)[C@@H](O)[C@H]2O)cc1,0
COc1ccc(-c2nc3c(N)ncnc3n2[C@@H]2O[C@H](COP(=O)(O)OP(=O)([O-])OC[C@H]3O[C@@H]([n+]4cccc(C(N)=O)c4)[C@H](O)[C@@H]3O)[C@@H](O)[C@H]2O)cc1,0
NC(=O)c1ccccc1Nc1cccc(-c2cn(CCC3CCCC3)nn2)c1,1
NC(=O)c1ccccc1Nc1ccc(-c2cn(Cc3ccccc3)nn2)cc1,1
CCCCC[C@@H]1CC(=O)c2cc(Cl)cc(Br)c2O1,1
C=CCn1c(-c2ccccc2)c(Cc2c(O)ccc3ccccc23)c(=O)[nH]c1=S,0
CC(=S)NCCCC[C@H](N)C(=O)N[C@@H](C)C(=O)O,1
CN(c1ccc(Cl)cc1)S(=O)(=O)c1cccc(C(=O)Nc2ccc(Cl)nn2)c1,0
CN(C(=O)c1cccc(S(=O)(=O)N(C)c2ccc(Br)cc2)c1)c1ccc(Br)cc1F,1
CN(c1ccc(Cl)cc1)S(=O)(=O)c1cc(C(=O)Nc2ccc(C#N)cc2)ccn1,1
CN(c1ccc(Cl)cc1)S(=O)(=O)c1cc(C(=O)Nc2ccc(C#N)cc2F)ccn1,0
CCCCCCCCCCC[C@]1(CO)CCCC(=O)O[C@](CO)(CCCCCCCCCCC)CCCC(=O)O1,1
O=C1NC(=S)NC(=O)C1=Cc1cn(-c2ccccc2)nc1-c1ccc(Cl)cc1,1
O=C1NC(=S)NC(=O)C1=Cc1cc(OCc2ccc(Br)cc2)ccc1Cl,1
CC(=S)NCCCC[C@H](NC(=O)[C@H](CC(=O)O)NC(=O)[C@@H](N)CO)C(=O)N[C@H](C(=O)O)[C@@H](C)O,0
N#C/C(=C\c1ccc(-c2cccc(C(F)(F)F)c2)o1)C(=O)Nc1cccc2cccnc12,0
CN(Cc1ccccc1)C(=O)c1cccc(Nc2ccccc2C(N)=O)c1,0
NC(=O)c1ccccc1Nc1cccc(OCCc2ccc(C(F)(F)F)cc2)c1,1
NC(=O)c1ccccc1Nc1cccc(OCCc2ccccc2Br)c1,1
N#Cc1ccc(Nc2ccccc2C(N)=O)cc1,0
CC(C)(C)C(=O)NCCN1CCN(c2ncnc3cc(C(N)=O)sc23)CC1,1
CC(=S)NCCN1CCN(c2ncnc3cc(C(N)=O)sc23)CC1,1
CC(=O)NCCC[C@H](NC(=O)[C@H](CCCCNC(N)=S)NC(=O)[C@H](CCCNC(C)=O)NC(C)=O)C(N)=O,0
N#Cc1ccc(NC(=O)c2cccc([S+]([O-])Cc3ccc(Cl)cc3)c2)cc1,1
CC(=O)c1ccc(N(C)S(=O)(=O)c2cccc(C(=O)Nc3ccc(C#N)cc3)c2)cc1,1
CC(=O)c1ccc(NC(=O)c2cccc(S(=O)(=O)N(C)c3ccc(C(C)=O)cc3)c2)cc1,0
CCCCCCCCn1c2c(c3cc(-c4cccc(C)c4)ccc31)CN(C(C)C)CC2,0
CCCCCCCCn1c2c(c3cc(-c4ccc(S(C)(=O)=O)cc4)ccc31)CN(C)CC2,1
O=C(/C=C/c1ccccc1)NCCc1c[nH]c2ccccc12,0
COc1ccc(/C=C/C(=O)NC(C)(C)C(=O)NCCc2c[nH]c3ccccc23)cc1,0
COC(=O)[C@H](C)NC(=O)[C@H](CCCCNC(=O)C=C(C)C)NC(=O)[C@H](C)NC(C)=O,0
Cc1ccc(-c2nc3c(=O)n(C)c(=O)nc-3n(C)n2)cc1,0
O=C(/C=C/c1ccc(O)c(O)c1)NC(Cc1c[nH]c2ccccc12)C(=O)O,1
COC(=O)[C@H](C)NC(=O)[C@H](CCCCNC(C)=S)NC(C)=O,0
CC(=S)NCCCC[C@H](NC(=O)OCc1ccccc1)C(=O)Nc1ccccc1O,1
CCC[C@H](NC(=O)[C@H](CCCCNC(C)=S)NC(=O)[C@H](CCCCNC(C)=O)NC(C)=O)C(N)=O,1
C[S+]([O-])c1ccc(NC(=O)c2cccc(SCc3ccc(Cl)cc3)c2)cc1,1
N#Cc1ccc(NC(=O)c2cccc(SCc3ccc(Cl)cc3)c2)cc1,1
CC(=O)N1CCC[C@H]1C(=O)N[C@@H](CCCCNC(C)=S)C(=O)N[C@@H](C)C(=O)O,0
CC(=S)NCCCC[C@H](NC(=O)CCc1ccccc1O)C(=O)N[C@@H](C)C(=O)O,0
CSc1ccc(CSc2cccc(C(=O)Nc3ccc(C#N)cc3)c2)cc1,1
N#Cc1ccc(NC(=O)c2cccc(S(=O)(=O)Cc3ccc(Cl)cc3)c2)nc1,1
CC(=S)NCCCC[C@H](NC(=O)[C@H](C)NC(=O)OC(C)(C)C)C(=O)N[C@@H](C)C(=O)O,1
CC(=S)NCCCC[C@H](NC(=O)OCc1ccccc1)C(=O)NC1CCCCC1,0
CC(C)(C)NC(=O)c1ccc2c(c1)CCc1ccccc1N2,0
NC(=O)c1ccccc1Nc1cccc(CCC(=O)O)c1,0
CC(C)c1ccc(-c2[nH][nH]c(=O)c2Cc2c(O)ccc3nc(Cl)ccc23)cc1,0
Cc1cc(C)nc(SCC(=O)Nc2cccc(COc3ccc(NC(=O)c4cccs4)cc3)c2)n1,1
Cn1c(-c2ccccc2)c(Cc2c(O)ccc3ccccc23)c(=O)[nH]c1=S,0
CCCCCCCCn1c2c(c3cc(-c4ccc(S(C)(=O)=O)cc4)ccc31)CNCC2,1
O=c1[nH]c(=O)c2cc(S(=O)(=O)Nc3cccc(CCc4ccncc4)c3)ccc2[nH]1,0
O=c1[nH]c(=O)c2cc(S(=O)(=O)Nc3ccc(Oc4cccnc4)cc3)ccc2[nH]1,0
O=C(O)CSCC(=O)N1CCN(c2cc(C(F)(F)F)nc3ccccc23)CC1,0
Oc1ccc(/C=N/c2ccc(Cc3ccc(/N=C/c4ccc(O)c(O)c4)cc3)cc2)cc1O,0
N#C/C(=C\c1ccc(-c2cccc(C(F)(F)F)c2)o1)C(=O)Nc1cccc2ncccc12,1
CC(C)(C)C(=O)NCCC1CCN(c2ncnc3cc(C(N)=O)oc23)CC1,1
CS(=O)(=O)NCCN1CCN(c2ncnc3cc(C(N)=O)sc23)CC1,1
NC(=O)c1ccc[n+]([C@@H]2O[C@H](COP(=O)([O-])OP(=O)(O)OC[C@H]3O[C@@H](n4c(-c5ccccc5)nc5c(N)ncnc54)[C@H](O)[C@@H]3O)[C@@H](O)[C@H]2O)c1,0
CC(=O)NCCCC[C@H](NC(=O)[C@H](CCCCCC(N)=O)NC(=O)[C@H](CCCCNC(C)=O)NC(C)=O)C(N)=O,0
CC(C)(C)NS(=O)(=O)c1ccc2c(c1)Nc1ccccc1CC2,0
CC(NS(=O)(=O)c1ccc(/N=C/c2c(O)ccc3ccccc23)cc1)c1ccccc1,0
O=c1nc2oc3ccccc3cc-2c(=O)[nH]1,0
NC(=O)c1ccccc1Nc1cccc(Oc2ccccc2)c1,0
Cc1ccc2nc(O)c(C=C3C(=O)NC(=S)NC3=O)cc2c1,0
CCOC(=O)CC(=O)NCCCC[C@H](NC(=O)OCc1ccccc1)C(=O)Nc1ccccc1,0
CCn1c(-c2ccccc2)c(Cc2c(O)ccc3ccccc23)c(=O)[nH]c1=S,0
CCCn1c(-c2ccccc2)c(Cc2c(O)ccc3ccccc23)c(=O)[nH]c1=S,1
COC(=O)[C@H](C)NC(=O)[C@H](CCCCNC(C)=O)NC(=O)[C@H](C)NC(C)=O,0
O=C1NC(=O)C2=C1c1cn(c3ccccc13)CC[C@@H](C1COC3(CCCCC3)O1)OCCn1cc2c2c(F)cccc21,0
O=C1C(c2c[nH]c3ccccc23)=C(c2c[nH]c3ccccc23)C(=O)N1Cc1ccccc1,0
CN(C(=O)c1ccccc1)c1ccc(Nc2ccccc2C(N)=O)cc1,0
NC(=O)c1ccccc1Nc1cccc(OCCc2cccc(Br)c2)c1,1
CC(=O)NCCCC[C@H](NC(=O)[C@H](CCCCNC(C)=S)NC(=O)[C@H](Cc1ccc(-c2ccccc2)cc1)NC(C)=O)C(N)=O,1
CCCCCC1CC(=O)c2cc(Br)cc(Br)c2O1,1
CC(=O)Nc1ccc(Nc2ccccc2C(N)=O)cc1,0
CCCCOc1c(Cl)cc(C(=O)NC(=S)Nc2ccc(NC(=O)CCCCN(C)C)cc2)cc1Cl,1
COc1ccc(CS(=O)(=O)c2cccc(C(=O)Nc3ccc(C#N)cc3)c2)cc1,1
CCCCCCCCn1c2c(c3cc(-c4cnc(N)nc4)ccc31)CN(C(N)=O)CC2,0
CC(=O)NCCCC[C@H](NC(C)=O)C(=O)N[C@@H](CCCCNC(C)=S)C(=O)N[C@@H](CNC(C)=O)C(N)=O,1
CC(=O)NCCCC[C@H](NC(=O)[C@H](CCCCNC(C)=S)NC(=O)[C@H](Cc1csc2ccccc12)NC(C)=O)C(N)=O,0
CC(=O)NCCCC[C@H](NC(=O)[C@H](CCCCNC(C)=S)NC(=O)[C@H](Cc1ccc2ccccc2c1)NC(C)=O)C(N)=O,0
CCCCCCCCCCCCCC(=S)NCCCCC(NC(=O)Oc1ccccc1)C(=O)Nc1ccccc1,1
CSCC[C@H](NC(=O)[C@H](CC(C)C)NC(=O)[C@H](CCCCNC(C)=S)NC(=O)[C@H](CCCCN)NC(=O)[C@H](Cc1c[nH]cn1)NC(C)=O)C(N)=O,1
CN(CCO)c1ccc(C(=O)c2ccc(N(C)CCO)cc2)cc1,0
CCOC(=O)CCNC(=S)NCCCC[C@H](NC(=O)OCc1ccccc1)C(=O)NC1CCSc2ccccc21,1
CCOC(=O)c1ccc(N2CCN(CCn3c(-c4ccc(-c5ccc6c(c5)OCO6)cc4)nc4cc(C(=O)OCC)ccc43)CC2)c(N)c1,0
CC(=O)NC[C@H](NC(=O)[C@H](CCCCNC(C)=S)NC(=O)[C@H](Cc1ccc(-c2ccccc2)cc1)NC(C)=O)C(N)=O,1
COc1ccc2c(C=C3C(=O)NC(=S)NC3=O)cccc2c1,0
CC(C)(C)OC(=O)NCCC1CCN(c2ncnc3cc(C(N)=O)sc23)CC1,1
O=c1[nH]c(=S)[nH]c(-c2ccc(Br)cc2)c1Cc1c(O)ccc2ccccc12,0
COc1ccc2[nH]cc(CCNC(=O)[C@H](CCCCNC(C)=S)NC(=O)OCc3ccccc3)c2c1,0
NC(=O)c1ccccc1Nc1cccc(/C=C/C(=O)O)c1,0
Cc1ccc(-c2[nH][nH]c(=O)c2Cc2c(O)ccc3cc(Br)ccc23)cc1,0
Cc1ccccc1C(=O)NC(=S)Nc1ccc(NC(=O)CCCCN(C)C)cc1.Cl,0
NC(=O)c1cc2ncnc(Cl)c2s1,0
O=C1NC(=S)NC(=O)C1=Cc1c[nH]c2ccccc12,0
CCCCCCCCn1c(-c2ccc(-c3ccc4c(c3)OCO4)cc2)nc2cc(C(=O)OCC)ccc21,0
O=C1NC(=S)NC(=O)C1=Cc1ccc(-c2cccc(Cl)c2Cl)o1,0
COc1cc(C=C2C(=O)NC(=S)NC2=O)ccc1OCc1ccccc1Cl,1
NC(=O)c1ccccc1Oc1ccccc1,0
CCCCCC1CC(=O)c2cc(C)cc(C)c2O1,1
NCCC1CCN(c2ncnc3cc(C(N)=O)sc23)CC1,1
CC(=S)NCCCC[C@@H]1NC(=O)CNCCC(=O)NCCCC[C@@H](C(N)=O)NC1=O,0
CC(=S)NCCCC[C@@H]1NC(=O)CNC(=O)CCCCCCC(=O)NCCCC[C@@H](C(N)=O)NC1=O,1
CC(=S)NCCCC[C@@H]1NC(=O)[C@H](Cc2ccc3ccccc3c2)NC(=O)CCCCCCC(=O)NCCCC[C@@H](C(N)=O)NC1=O,1
O=C(Nc1ccc(O)cc1C(=O)O)c1ccc(N2C(=O)c3ccccc3C2=O)cc1,0
CC(=O)N[C@@H](C)C(=O)N[C@@H](CCCCNC(=O)CC(C)C)C(=O)N[C@@H](C)C(=O)O,0
CC(=S)NCCCC[C@H](NC(=O)[C@H](N)Cc1ccccc1)C(=O)N[C@@H](C)C(=O)O,0
CC(=O)Nc1c(CCc2ccccc2)oc2c(Br)cc(Cl)cc2c1=O,0
CC(=S)NCCCC[C@H](NC(=O)CCc1ccccc1)C(=O)N[C@@H](C)C(=O)O,0
CC(=S)NCCCC[C@H](NC(=O)OCc1ccccc1)C(=O)N[C@@H](C)C(=O)O,0
CC(=S)NCCCC[C@H](NC(=O)CCc1ccccc1F)C(=O)N[C@@H](C)C(=O)O,0
CC(=S)NCCCC[C@H](NC(=O)OCc1ccccc1)C(=O)Nc1ccccc1F,0
CC(=S)NCCCC[C@H](NC(=O)OCc1ccccc1)C(=O)NCC(=O)c1ccccc1,1
CC[C@@H]1CC(=O)[C@@H]2[C@@H](O)C(C)=CC[C@H]2[C@]1(C)C(=O)C1=C(O)NCC1=O,0
Cc1c(C(N)=O)sc2c(N3CCC(CCNC(=O)C(C)(C)C)CC3)ncnc12,1
CC(C)(C)C(=O)NCCC1CCN(c2nccc3cc(C(N)=O)sc23)CC1,1
S=c1[nH]c2ccc(Cl)nc2[nH]1,0
O=c1[nH]c2cc([N+](=O)[O-])ccc2n1C1CCCCC1,0
CCOc1ccc(Cn2c(-c3ccccc3)c(Cc3c(OC)ccc4ccccc34)c(=O)[nH]c2=S)cc1,0
CCCOc1ccc(Cn2c(-c3ccccc3)c(Cc3c(OC)ccc4ccccc34)c(=O)[nH]c2=S)cc1,0
CCCC[C@@H]1NC(=O)CCCCCCC(=O)NCCCC[C@@H](C(N)=O)NC(=O)[C@H](CCCCNC(C)=S)NC1=O,1
CC(=O)N[C@@H](C)C(=O)N[C@@H](CCCCNC(=O)C=C(C)C)C(=O)N[C@@H](C)C(=O)O,0
CC(=S)NCCCC[C@H](NC(=O)[C@H](C)N)C(=O)N[C@@H](C)C(=O)O,0
O=C1NC(=S)NC(=O)C1=Cc1ccc(OCc2ccc(Br)cc2)cc1,1
CCNC(=O)c1ccc(C(=O)NCCC2CCN(c3ncnc4cc(C(N)=O)sc34)CC2)s1,1
CCNC(=O)c1cccc(C(=O)NCCN2CCN(c3ncnc4cc(C(N)=O)sc34)CC2)c1,1
O=C1CC(c2ccccc2)c2c(ccc3cc(Br)ccc23)O1,1
Cc1cccc(CCOc2cccc(Nc3ccccc3C(N)=O)c2)c1,1
CN1c2ccc(C(N)=O)cc2CCc2cc([N+](=O)[O-])ccc21,0
CCOC(=O)c1ccc2[nH]c(-c3ccc(N(C)C)cc3)nc2c1,0
CCN1C(=O)/C(=C/c2ccc(OCc3ccccc3)cc2)C(=O)NC1=S,0
NC(=O)c1ccccc1Nc1ccccc1,0
NC(=O)c1ccccc1Nc1cccc(NC(=O)c2ccccc2)c1,0
CCC(Sc1nc(C)cc(C)n1)C(=O)Nc1ncc(Cc2cccc3ccccc23)s1,1
Cc1cc(C)cc(SCC(=O)Nc2ncc(Cc3cccc4ccccc34)s2)c1,0
Cc1cc(C)nc(SC(C)C(=O)Nc2ncc(Cc3ccc(-c4ccccc4)cc3)s2)n1,0
NC(=O)c1ccccc1Nc1ccc(NC(=O)c2ccccc2)cc1,0
CN(C(=O)Cc1ccccc1)c1cccc(Nc2ccccc2C(N)=O)c1,0
COC(=O)CCCC1CC(=O)c2cc(Cl)cc(Br)c2O1,1
Cn1c(=O)c2cc(S(=O)(=O)Nc3ccc(Cc4ccncc4)cc3)ccc2n(C)c1=O,0
NC(=O)c1cc2ncnc(N3CCN(CCN4CCCC4)CC3)c2s1,1
CS(=O)(=O)NCCC1CCN(c2ncnc3cc(C(N)=O)sc23)CC1,1
NC(=O)c1cc2ncnc(N3CCCCC3)c2s1,1
NC(=O)c1cc2ncnc(N3CCC(CCNC(=O)c4cccs4)CC3)c2s1,1
NC(=O)c1ccccc1Nc1cccc(-c2ccccc2)c1,0
NC(=O)c1ccccc1Nc1ccc(C(=O)O)cc1,0
CC(C)=CCC/C(C)=C/C[C@@H]1C[C@@]2(CC=C(C)C)C(=O)[C@](CC=C(C)C)(C(=O)C(C(=O)c3ccc(O)c(O)c3)=C2O)[C@@]1(C)CCC=C(C)C,0
CC(C)(C)C(=O)NCCC1CCN(c2ncnc3ccsc23)CC1,0
CC(C)(C)C(=O)NCC1CCN(c2ncnc3cc(C(N)=O)sc23)CC1,1
CCNc1ncnc2cc(C(N)=O)sc12,0
NC(=O)c1ccccc1Nc1ccc(NC(=O)c2cccnc2)cc1,0
NC(=O)c1ccccc1Nc1cccc(OCCc2cccc(Cl)c2)c1,1
CCCCn1c2c(c3cc(-c4cnc(N)nc4)ccc31)CNCC2,0
O=C1NC(=O)C2=C1c1cn(c3ccccc13)CCOC(C(O)CO)CCn1cc2c2c(F)cccc21,0
CN1C(=O)C(c2cn(CCCCCCCO)c3ccccc23)=C(c2cn(CCCCCCCO)c3ccccc23)C1=O,0
CCCCCCCn1cc(C2=C(c3cn(CCCCCCC)c4ccccc34)C(=O)N(C)C2=O)c2ccccc21,0
CC(=O)NCCCC[C@H](NC(=O)[C@H](CCCCNC(C)=S)NC(=O)[C@H](CNC(C)=O)NC(C)=O)C(N)=O,1
CC(C)Oc1ccc(C=C2C(=O)NC(=S)NC2=O)cc1,1
O=c1nc2oc3ccc4ccccc4c3cc-2c(=O)n1-c1ccccc1,0
NC(=O)c1cc2ncnc(N3CCC(CCN4CCCC4)CC3)c2s1,1
CC(=O)NCCN1CCN(c2ncnc3cc(C(N)=O)sc23)CC1,1
CNC(=O)[C@H](C)NC(=O)[C@H](CCCCNC(=O)C=C(C)C)NC(=O)[C@H](C)NC(C)=O,0
COC(=O)CCC1CC(=O)c2cc(Cl)cc(Br)c2O1,1
O=C(NCc1nc(-c2cccnc2)n[nH]1)c1cnccn1,0
CC(=S)NCCCC[C@@H]1NC(=O)[C@H](Cc2ccc3ccccc3c2)NC(=O)CCCCCCC(=O)NCCC[C@@H](C(N)=O)NC1=O,1
CCCC[C@@H]1NC(=O)CCCCCCC(=O)NC[C@@H](C(N)=O)NC(=O)[C@H](CCCCNC(C)=S)NC1=O,1
CCCC[C@@H]1NC(=O)CCCCCCC(=O)NCC[C@@H](C(N)=O)NC(=O)[C@H](CCCCNC(C)=S)NC1=O,1
NC(=O)c1ccccc1Nc1cccc(OCCc2cccc(C(F)(F)F)c2)c1,1
CCCc1ccc(C(=O)NC(=S)Nc2ccc(NC(=O)CCCCN(C)C)cc2)cc1.Cl,1
CC(C)COc1cccc(Nc2ccccc2C(N)=O)c1,0
CCCCCCCCn1c2c(c3cc(-c4cccc(C)c4)ccc31)CNCC2,0
CC(C)(C)C(=O)NCCCC1CCN(c2ncnc3cc(C(N)=O)sc23)CC1,1
NC(=O)c1cc2ncnc(N3CCC(CCNC(=O)c4ccc(C(=O)O)s4)CC3)c2s1,1
N=C(Nc1ccccc1)SC1CC(=O)N(c2ccc(C(=O)O)cc2)C1=O,0
CCOC(=O)c1ccc2c(c1)nc(-c1ccc3c(c1)OCO3)n2CCO,0
CC(C)(C)C(=O)NCCC1CCN(c2ccnc3cc(C(N)=O)sc23)CC1,1
Cn1cc(CNCC2CCN(c3ncc(C(=O)NO)cn3)CC2)c2ccccc21,0
CC(=S)NCCCC[C@@H]1NC(=O)[C@H](Cc2csc3ccccc23)NC(=O)CCCCCCC(=O)NCCCC[C@@H](C(N)=O)NC1=O,1
CC(C)(NC(=O)/C=C/c1ccc(F)cc1)C(=O)NCCc1c[nH]c2ccccc12,0
Cc1cc(C)nc(SCC(=O)Nc2nnc(C(F)(F)F)s2)n1,0
Cc1cccc(Cc2cnc(NC(=O)CSc3nc(C)cc(C)n3)s2)c1,1
CCCCCCCCn1c2c(c3cc(-c4cnc(N)nc4)ccc31)CNCC2,0
O=C1CC(CCc2ccccc2)Oc2c(Br)cc(Cl)cc21,1
Cc1cc(C)nc(SCC(=O)Nc2ncc(Cc3cccc4ccc(Br)cc34)s2)n1,1
COc1ccc(Cc2cnc(NC(=O)C(C)Sc3nc(C)cc(C)n3)s2)cc1,0
CC(C)C(=O)Nc1ccc(Nc2ccccc2C(N)=O)cc1,0
NC(=O)c1ccccc1Sc1ccccc1,0
NC(=O)c1ccccc1Nc1cccc(C(=O)NCc2ccccc2)c1,0
NC(=O)c1ccccc1Nc1cccc(OCCc2ccccc2F)c1,1
O=c1[nH]c2cc([N+](=O)[O-])c3ccccc3c2[nH]1,0
CNC(=O)[C@H](C)NC(=O)[C@H](CCCCNC(C)=S)NC(=O)[C@H](C)NC(C)=O,1
Cc1ccc(-c2[nH][nH]c(=O)c2Cc2c(O)ccc3cc(-c4ccccc4)ccc23)cc1,0
CCOC(=O)c1ccc2c(c1)nc(-c1ccc(N(C)C)cc1)n2CCCN1CCCC1=O,0
CCCOc1ccc(Cn2c(-c3ccccc3)c(Cc3c(O)ccc4ccccc34)c(=O)[nH]c2=S)cc1,1
NC(=O)c1ccccc1Nc1ccc(OCc2ccccc2)cc1,0
NC(=O)c1ccccc1Nc1cccc(C(=O)Nc2ccccc2)c1,0
NC(=O)c1ccccc1Nc1cccc(OCCc2ccccc2Cl)c1,1
Cc1ccc(CCOc2cccc(Nc3ccccc3C(N)=O)c2)cc1,1
COC(=O)CCc1cccc(Nc2ccccc2C(N)=O)c1,0
NC(=O)c1ccccc1Nc1ccc(Oc2ccccc2)cc1,0
NC(=O)c1ccccc1Nc1ccc(C(=O)Nc2ccccc2)cc1,0
CNC(=O)c1cc2ncnc(N3CCC(CCNC(=O)C(C)(C)C)CC3)c2s1,1
CC(C)(C)C(=O)NCCC1CCN(c2ncnc3cc(C(=O)O)sc23)CC1,0
CC(=S)NCCC1CCN(c2ncnc3cc(C(N)=O)sc23)CC1,1
CCCCCCCCn1c2c(c3cc(-c4cnc(N)nc4)ccc31)CN(C(C)C)CC2,0
Oc1ccc(CCc2nnc(S)n2-c2ccc(Cl)cc2)cc1,0
CC(C)(C)OC(=O)NC(Cc1ccccc1)C(=O)OCc1ccc(CC(=O)O)cc1,0
CC(=O)NCCC1CCN(c2ncnc3cc(C(N)=O)sc23)CC1,1
CCOC(=O)c1ccc2[nH]c(-c3ccc(N4CCOCC4)cc3)nc2c1,0
Cc1cc(C)nc(SC(C)C(=O)Nc2ncc(Cc3cccc4ccc(Cl)cc34)s2)n1,1
CCOC(=O)c1ccc2c(c1)nc(-c1ccc(C)cc1)n2-c1ccccc1,0
Cc1cccc(-c2ccc3[nH]c4c(c3c2)CN(C)CC4)c1,0
COc1ccc(Cn2c(-c3ccccc3)c(Cc3c(O)ccc4ccccc34)c(=O)[nH]c2=S)cc1,0
COc1ccc(N(C)S(=O)(=O)c2cccc(C(=O)Nc3ccc(C#N)cc3)c2)cc1,1
CC(=O)c1ccc(N(C)S(=O)(=O)c2cccc(C(=O)Nc3ccc(Cl)cc3)c2)cc1,1
CN(c1ccc(S(C)(=O)=O)cc1)S(=O)(=O)c1cccc(NC(=O)c2ccc(Br)cc2)c1,1
CN(c1ccc(Cl)cc1)S(=O)(=O)c1cccc(C(=O)Nc2ccc(C#N)cc2F)c1,1
CCOc1ccc(Cn2c(-c3ccccc3)c(Cc3ccccc3)c(=O)[nH]c2=S)cc1,1
CCCCCCC(=S)NCCCCC(NC(=O)Oc1ccccc1)C(=O)Nc1ccccc1,1
Cc1noc(CCC2CC(=O)c3cc(Cl)cc(Br)c3O2)n1,0
CN(C(=O)c1ccccc1)c1cccc(Nc2ccccc2C(N)=O)c1,0
NC(=O)c1ccccc1Nc1ccc(NC(=O)c2ccccn2)cc1,0
COc1cc2ccccc2c(Cc2c(-c3ccc(C)cc3)[nH][nH]c2=O)c1O,0
CN(c1ccc(Cl)cc1)S(=O)(=O)c1cccc(C(=O)Nc2ccc([S+](C)[O-])cc2)c1,1
CN(c1ccc(Cl)cc1)S(=O)(=O)c1cccc(C(=O)Nc2ccc(S(C)(=O)=O)cc2)c1,1
CN(c1ccc(Cl)cc1)S(=O)(=O)c1cccc(C(=O)Nc2ccc(C#N)cn2)c1,0
CN(c1ccc(S(C)(=O)=O)cc1)S(=O)(=O)c1cccc(C(=O)Nc2ccc(C#N)cc2)c1,1
Cc1ccc(-c2[nH]oc(=O)c2Cc2c(O)ccc3cc(Br)ccc23)cc1,0
CCCCc1nc2c(=O)n(C)c(=O)nc-2n(C)n1,0
CCCCCCCCn1c(-c2ccc(-c3ccc(O)c(OC)c3)cc2)nc2cc(C(=O)OCC)ccc21,0
CCCCCCCCn1c(-c2ccc(-c3ccc(N(C)C)cc3)cc2)nc2cc(C(=O)OCC)ccc21,0
CCOC(=O)c1ccc(N2CCN(CCn3c(-c4ccc(-c5ccc(N6CCCCC6)cc5)cc4)nc4cc(C(=O)OCC)ccc43)CC2)c(N)c1,0
Cc1cccc(C(=O)NC(=S)Nc2ccc(NC(=O)CCCCN(C)C)cc2)c1.Cl,0
Cc1[nH]c2ccccc2c1CCNCc1ccc(/C=C/C(=O)NO)cc1,0
NC(=O)c1ccccc1Nc1ccc(C(F)(F)F)cc1,0
CCCCCCCCn1c2c(c3cc(-c4cccc(C)c4)ccc31)CN(C)CC2,1
CN1CCc2[nH]c3ccc(-c4ccc(S(C)(=O)=O)cc4)cc3c2C1,0
CC(=S)NCCCCC(NC(=O)Oc1ccccc1)C(=O)Nc1ccccc1,0
CC(=O)c1ccc(N(C)S(=O)(=O)c2cccc(C(=O)Nc3ccc(Cl)cn3)c2)cc1,0
CC(=O)NCCCC[C@H](NC(=O)[C@H](CCCCNC(C)=S)NC(=O)[C@H](CCCCNC(C)=O)NC(C)=O)C(N)=O,1
CCCCn1c2c(c3cc(-c4ccc(S(C)(=O)=O)cc4)ccc31)CNCC2,0
CC(Nc1c(NCCCCCC(=O)NO)c(=O)c1=O)C12CC3CC(CC(C3)C1)C2,0
CCCC[C@@H]1NC(=O)CCCCCCC(=O)NCCC[C@@H](C(N)=O)NC(=O)[C@H](CCCCNC(C)=S)NC1=O,1
CCCCCC1CC(=O)c2cc(C3(C(F)(F)F)N=N3)ccc2O1,1
CCCC(=S)NCCCCC(NC(=O)Oc1ccccc1)C(=O)Nc1ccccc1,1
CC(C)(C)C(=O)NCCC1CCN(c2ncnc3cc(C(N)=O)sc23)CC1,1
Cc1cc(C)nc(SCC(=O)Nc2ncc(Cc3ccc4ccccc4c3)s2)n1,0
CCCc1cc(O)nc(SCC(=O)Nc2ncc(Cc3cccc4ccccc34)s2)n1,0
Cc1cc(C)nc(SCC(=O)N(C)c2ncc(Cc3cccc4ccccc34)s2)n1,0
O=C(Nc1ccc(O)c(C(=O)O)c1)c1ccc(NC(=O)c2ccco2)cc1,0
CC(C)(CCCCC(=O)NO)Nc1c(Nc2ccc(C(F)(F)F)cc2)c(=O)c1=O,0
CCC[C@H](NC(C)=O)C(=O)N[C@@H](CCCCNC(C)=S)C(=O)N[C@@H](CCCCNC(C)=O)C(N)=O,1
CCOC(=O)c1ccc(N2CCN(CCn3c(-c4ccc(-c5ccc(N(C)C)cc5)cc4)nc4cc(C(=O)OCC)ccc43)CC2)c(N)c1,1
O=C(Nc1ccc(C(=O)O)c(O)c1)c1ccc(NC(=O)c2ccco2)cc1,0
CCCCCCCNC(=O)NCCCC[C@H](NC(=O)OCc1ccccc1)C(=O)Nc1ccccc1,1
COc1c(Cl)cc(C(=O)NC(=S)Nc2ccc(NC(=O)CCCCN(C)C)cc2)cc1Cl,0
COc1ccc(C(=O)NC(=S)Nc2ccc(NC(=O)CCCCN(C)C)cc2)cc1C(F)(F)F,0
CC(=S)NCCCC[C@@H]1NC(=O)[C@H](Cc2csc3ccccc23)NC(=O)CCCCCCC(=O)NCCC[C@@H](C(N)=O)NC1=O,1
CC(=S)NCCCC[C@@H]1NC(=O)[C@H](Cc2ccc3ccccc3c2)NC(=O)CCCCCCC(=O)NC[C@@H](C(N)=O)NC1=O,1
COc1ccc(Nc2c(NCCCCCC(=O)NO)c(=O)c2=O)cc1,0
CC(=O)NCCCC[C@H](NC(C)=O)C(=O)N[C@@H](CCCCNC(C)=S)C(=O)N[C@@H](Cc1ccc(-c2ccccc2)cc1)C(N)=O,1
CC(=O)NCCCC[C@H](NC(C)=O)C(=O)N[C@@H](CCCCNC(C)=S)C(=O)N[C@@H](Cc1csc2ccccc12)C(N)=O,1
CCOC(=O)c1ccc(N2CCN(CCn3c(-c4ccc(-c5ccc(O)cc5O)cc4)nc4cc(C(=O)OCC)ccc43)CC2)c(N)c1,1
CC(=O)NC[C@H](NC(=O)[C@H](CCCCNC(C)=S)NC(=O)[C@H](CNC(C)=O)NC(C)=O)C(N)=O,0
CCOC(=O)CCNC(=S)NCCCC[C@H](NC(=O)OCc1ccccc1)C(=O)Nc1cccc(O)c1,1
CCOC(=O)c1ccc(N2CCN(CCn3c(-c4ccc(-c5ccc(O)c(OC)c5)cc4)nc4cc(C(=O)OCC)ccc43)CC2)c(N)c1,1
CCCCCCCCn1c(-c2ccc(-c3ccc(N4CCCCC4)cc3)cc2)nc2cc(C(=O)OCC)ccc21,0
C1=CC(=CC(=C1)S(=O)(=O)NC2=NC=C(C=C2)Cl)C(=O)NC3=CC=C(C=C3)C#N,0
C1=CC=C(C=C1)COC(=O)NC(CCCCNC(=S)NCCC(=O)O)C(=O)NC2=CC(=CC=C2)O,0
C1CSC2=CC=CC=C2C1NC(=O)C(CCCCNC(=S)NCCC(=O)O)NC(=O)OCC3=CC=CC=C3,0
