[
    {
        "O=C1Nc2c(ccc(Cl)c2Cl)/C1=C/c1cc(Br)c(O)c(Br)c1": 0
    },
    {
        "Cc1ccc2nc(O)c(C=C3C(=O)NC(=S)NC3=O)cc2c1": 0
    },
    {
        "CC(C)(C)c1ccc(-c2noc(C(=O)NNC(=S)Nc3ccc(C(F)(F)F)cc3)n2)cc1": 0
    },
    {
        "NC(=O)c1ccccc1Nc1cccc(/C=C/C(=O)O)c1": 0
    },
    {
        "CN(C(=O)c1ccccc1)c1ccc(Nc2ccccc2C(N)=O)cc1": 0
    },
    {
        "CC(=S)NCCCC[C@H](NC(=O)[C@@H](N)CCCCN)C(=O)N[C@@H](CC(C)C)C(=O)O": 1
    },
    {
        "CC(=S)NCCCC[C@H](NC(=O)OCc1ccccc1)C(=O)N[C@@H](C)C(=O)O": 1
    },
    {
        "CC(=O)NCCC[C@H](NC(=O)[C@H](CCCCNC(C)=S)NC(=O)[C@H](CCCNC(C)=O)NC(C)=O)C(N)=O": 1
    },
    {
        "CC(=O)N[C@@H](C)C(=O)N[C@@H](CCCCNC(=O)C=C(C)C)C(=O)N[C@@H](C)C(=O)O": 0
    },
    {
        "O=C1NC(=S)NC(=O)C1=Cc1cc2ccccc2[nH]1": 1
    },
    {
        "O=C(Nc1ccccc1-c1nc2cccnc2s1)c1cc(N2CCNCC2)nc(-c2ccccc2)n1": 1
    },
    {
        "CN(C)c1cccc(C(=O)Nc2ccccc2-c2nc3ncccc3o2)c1": 1
    },
    {
        "NC(=O)c1ccccc1Nc1ccc(NC(=O)c2ccccc2)cc1": 0
    },
    {
        "O=c1[nH]c(=O)c2cc(S(=O)(=O)Nc3ccc(Cn4ccnc4)cc3)ccc2[nH]1": 0
    },
    {
        "CC[C@@H]1CC(=O)[C@@H]2[C@@H](O)C(C)=CC[C@H]2[C@]1(C)C(=O)C1=C(O)NCC1=O": 0
    },
    {
        "CCCOc1ccc(Cn2c(-c3ccccc3)c(Cc3c(O)ccc4ccccc34)c(=O)[nH]c2=S)cc1": 0
    },
    {
        "CC(=O)N[C@@H](C)C(=O)N[C@@H](CCCCNC(=S)CC(C)C)C(=O)N[C@@H](C)C(=O)O": 1
    },
    {
        "CC(=O)NCCCC[C@H](NC(=O)[C@H](CCCCNC(C)=S)NC(=O)[C@H](CCCCNC(C)=O)NC(C)=O)C(N)=O": 1
    },
    {
        "CC(C(=O)Nc1cccc(/N=C/c2c(O)ccc3ccccc23)c1)c1ccccc1": 0
    },
    {
        "Cc1cc(C)nc(SCC(=O)Nc2ncc(Cc3ccccc3)s2)n1": 0
    },
    {
        "CCCCCCCCCCCCCC(=S)NCCCCC(NC(=O)Oc1ccccc1)C(=O)Nc1ccccc1": 0
    },
    {
        "Cc1ccc(Nc2ccccc2C(N)=O)cc1": 0
    },
    {
        "NC(=O)c1ccccc1Nc1cccc(-c2ccccc2)c1": 0
    },
    {
        "CCNC(=O)c1ccc(C(=O)NCCC2CCN(c3ncnc4cc(C(N)=O)sc34)CC2)s1": 1
    },
    {
        "Cc1cc(C)nc(SCC(=O)Nc2ncc(Cc3cccc4ccccc34)s2)n1": 0
    },
    {
        "O=C1NC(=S)NC(=O)C1=Cc1ccc(OCc2ccccc2)cc1": 0
    },
    {
        "Cc1ccc(CCOc2cccc(Nc3ccccc3C(N)=O)c2)cc1": 0
    },
    {
        "CC(=O)NCCN1CCN(c2ncnc3cc(C(N)=O)sc23)CC1": 1
    },
    {
        "CCNc1ncnc2cc(C(N)=O)sc12": 0
    },
    {
        "CN(C)CCCCC(=O)Nc1ccc(NC(=S)NC(=O)c2ccc(Cl)cc2)cc1.Cl": 0
    },
    {
        "CCCCc1nc2c(=O)n(C)c(=O)nc-2n(C)n1": 1
    },
    {
        "NC(=O)c1ccccc1Nc1ccc(/C=C/c2ccccc2)cc1": 0
    },
    {
        "CC(=O)NCCCC[C@H](NC(=O)[C@H](CCCCNC(C)=S)NC(=O)[C@H](Cc1ccc2ccccc2c1)NC(C)=O)C(N)=O": 0
    },
    {
        "CN(c1ccccc1)c1ccccc1C(N)=O": 0
    },
    {
        "CC(=S)NCCCC[C@@H]1NC(=O)[C@H](Cc2csc3ccccc23)NC(=O)CCCCCCC(=O)NC[C@@H](C(N)=O)NC1=O": 1
    },
    {
        "CC(=S)NCCCC[C@@H]1NC(=O)[C@H](Cc2csc3ccccc23)NC(=O)CCCCCCC(=O)NCC[C@@H](C(N)=O)NC1=O": 1
    },
    {
        "CC(=S)NCCCC[C@@H]1NC(=O)[C@H](Cc2ccc3ccccc3c2)NC(=O)CCCCCCC(=O)NCCC[C@@H](C(N)=O)NC1=O": 1
    },
    {
        "CCNC(=S)NCCCC[C@H](NC(=O)[C@H](CCCCNC(C)=O)NC(C)=O)C(=O)N[C@@H](CCCCNC(C)=O)C(N)=O": 0
    },
    {
        "CC1=NOC(=O)/C1=C/c1c(COCc2ccc(C(F)(F)F)cc2)n(C)c2ccc(F)cc12": 0
    },
    {
        "NC(=O)c1ccccc1Nc1cccc(CCC(=O)O)c1": 0
    },
    {
        "CC[C@H](NC(C)=O)C(=O)N[C@@H](CCCCNC(C)=S)C(=O)N[C@@H](CCCCNC(C)=O)C(N)=O": 1
    },
    {
        "O=C(Nc1nccs1)c1cccc2[nH]c(-c3cccc(C(F)(F)F)c3)nc12": 1
    },
    {
        "O=C(Nc1ccccc1-c1nc2ccccc2[nH]1)c1cnc2ccccc2n1": 1
    },
    {
        "NC(=O)c1ccccc1Sc1ccccc1": 0
    },
    {
        "COC(=O)[C@H](C)NC(=O)[C@H](CCCCNC(=O)C(C)(C)C)NC(=O)[C@H](C)NC(C)=O": 0
    },
    {
        "CN(C)CCCCC(=O)Nc1ccc(NC(=S)NC(=O)c2ccc(Cl)c(Cl)c2)cc1.Cl": 0
    },
    {
        "CN(C)CCCCNC(=O)c1ccc(NC(=S)NC(=O)c2ccc(C(C)(C)C)cc2)cc1.Cl": 0
    },
    {
        "NC(=O)c1ccccc1Nc1cccc(OCCc2ccc(Br)cc2)c1": 0
    },
    {
        "O=C(/C=C/c1ccc(O)c(O)c1)NC(Cc1c[nH]c2ccccc12)C(=O)O": 0
    },
    {
        "NC(=O)c1ccccc1Nc1ccccc1": 0
    },
    {
        "NC(=O)c1ccccc1Oc1ccccc1": 0
    },
    {
        "O=C1c2cccc3cccc(c23)C(=O)N1CCNCCCNCCCNCCN1C(=O)c2cccc3cccc(c23)C1=O": 0
    },
    {
        "O=C1NC(=S)NC(=O)C1=Cc1ccc(-c2ccccc2)cc1": 0
    },
    {
        "COCCCn1c(N)c(C(=O)NC2CCCC2)c2nc3ccccc3nc21": 1
    },
    {
        "CCOC(=O)c1ccc2c(c1)nc(-c1ccc(C)cc1)n2-c1ccccc1": 0
    },
    {
        "NC(=O)c1ccccc1Nc1cccc(OCCCc2ccccc2)c1": 0
    },
    {
        "CC(NC(=O)c1cccc(/N=C/c2c(O)ccc3ccccc23)c1)c1ccccc1": 0
    },
    {
        "Oc1c(Br)cc(C=C2c3cc(I)ccc3NC2O)cc1Br": 0
    },
    {
        "COC(=O)/C=C/c1cccc(Nc2ccccc2C(N)=O)c1": 0
    },
    {
        "O=C(Nc1ccc(O)c(C(=O)O)c1)c1cccc(NC(=O)c2ccco2)c1": 0
    },
    {
        "NC(=O)c1ccccc1Nc1cccc(C(=O)NCc2ccccc2)c1": 0
    },
    {
        "NC(=O)c1ccccc1Nc1cccc(OCCc2cccc(Cl)c2)c1": 0
    },
    {
        "NC(=O)c1ccccc1Nc1cccc(C(=O)Nc2ccccc2)c1": 0
    },
    {
        "NC(=O)c1ccccc1Nc1cccc(NC(=O)c2ccccc2)c1": 0
    },
    {
        "NC(=O)c1ccccc1Nc1cccc(NC(=O)Cc2ccccc2)c1": 0
    },
    {
        "NC(=O)c1ccccc1Nc1cccc(OCCc2cccc(C(F)(F)F)c2)c1": 0
    },
    {
        "CC(=S)NCCCC[C@H](NC(=O)[C@H](CC(=O)O)NC(=O)[C@@H](N)CO)C(=O)N[C@H](C(=O)O)[C@@H](C)O": 0
    },
    {
        "CC[C@H](C)[C@H](NC(=O)[C@@H](NC(=O)[C@H](CCCCNC(C)=S)NC(=O)[C@H](CC(=O)O)NC(=O)[C@@H](N)Cc1cnc[nH]1)[C@@H](C)O)C(=O)O": 1
    },
    {
        "CC(=S)NCCCC[C@H](NC(=O)[C@H](CCCCN)NC(=O)[C@@H](N)Cc1cnc[nH]1)C(=O)N[C@@H](CC(C)C)C(=O)N[C@@H](C)C(=O)O": 1
    },
    {
        "CC[C@H](C)[C@H](NC(=O)[C@@H](NC(=O)[C@H](CCCCNC(C)=S)NC(=O)[C@H](CC(=O)O)NC(=O)[C@@H](N)CO)[C@@H](C)O)C(=O)O": 1
    },
    {
        "NC(=O)c1ccccc1Nc1cccc(CO)c1": 0
    },
    {
        "CC(NS(=O)(=O)c1ccc(/N=C/c2c(O)ccc3ccccc23)cc1)c1ccccc1": 0
    },
    {
        "CSCC[C@H](NC(=O)[C@H](CC(C)C)NC(=O)[C@H](CCCCNC(C)=S)NC(=O)[C@H](CCCCN)NC(=O)[C@@H](N)Cc1cnc[nH]1)C(=O)O": 1
    },
    {
        "CC[C@H](C)[C@H](NC(=O)[C@H](C)NC(=O)[C@H](CCCCNC(C)=S)NC(=O)[C@H](CC(=O)O)NC(=O)[C@@H](N)CO)C(=O)O": 1
    },
    {
        "CSCC[C@H](NC(=O)[C@H](C)NC(=O)[C@H](CCCCNC(C)=S)NC(=O)[C@H](CCCCN)NC(=O)[C@@H](N)Cc1cnc[nH]1)C(=O)O": 1
    },
    {
        "COC(=O)[C@H](C)NC(=O)[C@H](CCCCNC(=O)CBr)NC(=O)[C@H](C)NC(C)=O": 0
    },
    {
        "CNC(=O)c1ccccc1Nc1ccccc1": 0
    },
    {
        "O=c1nc2oc3ccccc3cc-2c(=O)[nH]1": 1
    },
    {
        "CC(NC(=O)c1ccccc1/N=C/c1c(O)ccc2ccccc12)c1ccccc1": 0
    },
    {
        "CNC(=O)[C@H](C)NC(=O)[C@H](CCCCNC(=O)C(C)(C)C)NC(=O)[C@H](C)NC(C)=O": 0
    },
    {
        "CNC(=O)[C@H](C)NC(=O)[C@H](CCCCNC(C)=O)NC(=O)[C@H](C)NC(C)=O": 0
    },
    {
        "CCOC(=O)c1ccc2c(c1)nc(-c1ccc(N(C)C)cc1)n2CCO": 0
    },
    {
        "CC[C@H](C)[C@H](NC(=O)[C@@H](NC(=O)[C@H](CCCCNC(C)=S)NC(=O)[C@@H](N)CC(=O)O)[C@@H](C)O)C(=O)O": 1
    },
    {
        "CC(=S)NCCCC[C@H](NC(=O)[C@H](CCCCN)NC(=O)[C@@H](N)Cc1cnc[nH]1)C(=O)N[C@@H](CC(C)C)C(=O)O": 1
    },
    {
        "NC(=O)c1cccnc1": 0
    },
    {
        "Cc1ccccc1-c1[nH]c(=S)[nH]c(=O)c1Cc1c(O)ccc2ccccc12": 0
    },
    {
        "CC(=S)NCCCC[C@@H]1NC(=O)[C@H](Cc2ccc3ccccc3c2)NC(=O)CCCCCCC(=O)NC[C@@H](C(N)=O)NC1=O": 1
    },
    {
        "CC(=S)NCCCC[C@@H]1NC(=O)[C@H](Cc2ccc3ccccc3c2)NC(=O)CCCCCCC(=O)NCC[C@@H](C(N)=O)NC1=O": 1
    },
    {
        "CCCC[C@@H]1NC(=O)CCCCCCC(=O)NCC[C@@H](C(N)=O)NC(=O)[C@H](CCCCNC(C)=S)NC1=O": 1
    },
    {
        "CC(=S)NCCCC[C@@H]1NC(=O)CNC(=O)CCCCCCC(=O)NCCCC[C@@H](C(N)=O)NC1=O": 1
    },
    {
        "N#C/C(=C\\c1ccc(-c2cccc(Cl)c2Cl)o1)C(=O)Nc1cccc2ncccc12": 0
    },
    {
        "N#C/C(=C\\c1ccc(-c2cc(Cl)ccc2Cl)o1)C(=O)Nc1cccc2cccnc12": 0
    },
    {
        "CC(=S)NCCCC[C@H](NC(=O)[C@@H]1C[C@@H](O)CN1C(=O)OCc1ccccc1)C(=O)NCC(=O)c1ccccc1": 1
    },
    {
        "NC(=O)c1ccccc1Nc1cccc(C(=O)O)c1": 0
    },
    {
        "NC(=O)c1ccccc1Nc1cccc(OCCc2ccccc2)c1": 0
    },
    {
        "CC[C@H](C)[C@H](NC(=O)[C@@H](NC(=O)[C@H](CCCCNC(C)=S)NC(=O)[C@H](C)NC(=O)[C@@H](N)CO)[C@@H](C)O)C(=O)O": 1
    },
    {
        "CSCC[C@H](NC(=O)[C@H](CC(C)C)NC(=O)[C@H](CCCCNC(C)=S)NC(=O)[C@H](C)NC(=O)[C@@H](N)Cc1cnc[nH]1)C(=O)O": 1
    },
    {
        "CCCCc1ccc(C(=O)NC(=S)Nc2ccc(NC(=O)CCCCN(C)C)cc2)cc1.Cl": 0
    },
    {
        "CN(C)CCCCC(=O)Nc1ccc(NC(=S)NC(=O)c2ccccc2)cc1.Cl": 0
    },
    {
        "Cc1ccc(C(=O)NC(=S)Nc2ccc(NC(=O)CCCCN(C)C)cc2)cc1.Cl": 0
    },
    {
        "CC(C)c1ccc(C(=O)NC(=S)Nc2ccc(NC(=O)CCCCN(C)C)cc2)cc1.Cl": 0
    },
    {
        "CN(C)CCCCCCCC(=O)Nc1ccc(NC(=S)NC(=O)c2ccc(C(C)(C)C)cc2)cc1.Cl": 0
    },
    {
        "CN(C)CCCCC(=O)Nc1ccc(NC(=S)NC(=O)c2ccc(Br)cc2)cc1.Cl": 0
    },
    {
        "CN(C)CCCn1cc(C2=C(c3c[nH]c4ccccc34)C(=O)NC2=O)c2ccccc21": 0
    },
    {
        "CCOC(=O)c1ccc2[nH]c(-c3ccc(N(C)C)cc3)nc2c1": 0
    },
    {
        "CC(C)=CCC/C(C)=C/C[C@@H]1C[C@@]2(CC=C(C)C)C(=O)[C@](CC=C(C)C)(C(=O)C(C(=O)c3ccc(O)c(O)c3)=C2O)[C@@]1(C)CCC=C(C)C": 1
    },
    {
        "Cc1ccc(C2CC(=O)Nc3ccc4cc(C)ccc4c32)cc1": 1
    },
    {
        "CSCC[C@H](NC(=O)[C@@H](NC(=O)[C@H](CCCCNC(C)=S)NC(=O)[C@H](CC(=O)O)NC(=O)[C@@H](N)CO)[C@@H](C)O)C(=O)O": 1
    },
    {
        "CC(=O)NCCCC[C@H](NC(=O)[C@H](C)NC(C)=O)C(=O)N[C@@H](C)C(=O)O": 0
    },
    {
        "CNC(=O)[C@H](C)NC(=O)[C@H](CCCCNC(=O)C=C(C)C)NC(=O)[C@H](C)NC(C)=O": 1
    },
    {
        "N#C/C(=C\\c1ccc(-c2cc(Cl)ccc2Cl)o1)C(=O)Nc1cccc2ncccc12": 0
    },
    {
        "CCCCCCCCn1c2c(c3cc(-c4cccc(C)c4)ccc31)CNCC2": 0
    },
    {
        "COc1cc(C(=O)Nc2ccccc2-c2cn3c(CN4CCNCC4)csc3n2)cc(OC)c1OC": 0
    },
    {
        "O=c1[nH]c(=S)[nH]c(-c2ccccc2F)c1Cc1c(O)ccc2ccccc12": 0
    },
    {
        "O=C(NNC(=S)Nc1ccc(C(F)(F)F)cc1)c1nc(-c2cccc3ccccc23)no1": 0
    },
    {
        "CN1C(=O)C(c2c[nH]c3ccccc23)=C(c2c[nH]c3ccccc23)C1=O": 0
    },
    {
        "NC(=O)c1ccccc1Nc1cccc(Oc2ccccc2)c1": 0
    },
    {
        "COc1ccc(Nc2ccccc2C(N)=O)cc1": 0
    },
    {
        "NC(=O)c1ccccc1Nc1ccc(C(=O)Nc2ccccc2)cc1": 0
    },
    {
        "NC(=O)c1ccccc1Nc1cccc(OCCc2ccccc2C(F)(F)F)c1": 0
    },
    {
        "NC(=O)c1ccccc1Nc1cccc(OCCc2ccc(F)cc2)c1": 0
    },
    {
        "CN(C)/C=N/C(=O)C1CCCc2c1[nH]c1ccc(Cl)cc21": 1
    },
    {
        "CC(C)(C)OC(=O)Nc1cccc(-c2noc(C(=O)NNC(=S)Nc3ccc(C(F)(F)F)cc3)n2)c1": 0
    },
    {
        "O=C1Oc2ccc3ccccc3c2CC1C(=O)c1ccccc1Cl": 0
    },
    {
        "COC(=O)[C@H](C)NC(=O)[C@H](CCCCNC(=O)C=C(C)C)NC(=O)[C@H](C)NC(C)=O": 0
    },
    {
        "CC(=S)NCCCC[C@H](NC(=O)[C@H](CC(=O)O)NC(=O)[C@@H](N)CO)C(=O)N[C@H](C(=O)N[C@@H](C)C(=O)O)[C@@H](C)O": 1
    },
    {
        "Cc1cccc(C(=O)NC(=S)Nc2ccc(NC(=O)CCCCN(C)C)cc2)c1.Cl": 0
    },
    {
        "CN(C)CCCCC(=O)Nc1ccc(NC(=S)NC(=O)c2ccc(C(C)(C)C)c(Br)c2)cc1.Cl": 0
    },
    {
        "NC(=O)c1ccccc1Nc1cccc(Sc2ccccc2)c1": 0
    },
    {
        "O=C(Nc1ccccc1-c1nc2cccnc2s1)c1cc(NC[C@@H](O)CO)nc(-c2ccccc2)n1": 1
    },
    {
        "O=C(Nc1ccc(CN2CCNCC2)cc1-c1nc2ccccc2[nH]1)c1cnc2ccccc2n1": 1
    },
    {
        "CC(=O)NCCCC[C@H](NC(=O)[C@H](CCCCCC(N)=O)NC(=O)[C@H](CCCCNC(C)=O)NC(C)=O)C(N)=O": 0
    },
    {
        "O=C1NC(=S)NC(=O)C1=Cc1c[nH]c2ccccc12": 1
    },
    {
        "CC(=S)NCCCC[C@@H]1NC(=O)[C@H](Cc2ccc3ccccc3c2)NC(=O)CCCCCCC(=O)NCCCC[C@@H](C(N)=O)NC1=O": 1
    },
    {
        "CC(CSc1cccc(/N=C/c2c(O)ccc3ccccc23)c1)c1ccccc1": 0
    },
    {
        "NC(=O)c1ccccc1Nc1cccc(OCc2ccccc2)c1": 0
    },
    {
        "CC(=O)NCCC[C@H](NC(=O)[C@H](CCCCNC(N)=S)NC(=O)[C@H](CCCNC(C)=O)NC(C)=O)C(N)=O": 0
    },
    {
        "CC(=O)NCCCC[C@H](NC(C)=O)C(=O)N[C@@H](CCCCNC(C)=S)C(=O)N[C@@H](Cc1ccc(-c2ccccc2)cc1)C(N)=O": 1
    },
    {
        "CC(=O)NCCCC[C@H](NC(=O)[C@H](CCCCNC(C)=S)NC(=O)[C@H](CCc1ccccc1)NC(C)=O)C(N)=O": 1
    },
    {
        "CCCCCCC(=S)NCCCCC(NC(=O)Oc1ccccc1)C(=O)Nc1ccccc1": 1
    },
    {
        "Cc1ccc(C(=O)NC(=S)Nc2ccc(NC(=O)CCCCN(C)C)cc2)cc1Br": 0
    },
    {
        "O=C1CC(=S)NC(=O)/C1=C/c1cc2ccccc2[nH]1": 1
    },
    {
        "CN(C(=O)c1ccc(Nc2ccccc2C(N)=O)cc1)c1ccccc1": 0
    },
    {
        "C=CCN1C(=O)/C(=C/c2ccc(OCc3ccccc3)cc2)C(=O)NC1=S": 0
    },
    {
        "CC(=S)NCCCC[C@H](NC(=O)[C@@H](N)CC(=O)O)C(=O)N[C@H](C(=O)O)[C@@H](C)O": 0
    },
    {
        "CC[C@H](C)[C@H](NC(=O)[C@@H](NC(=O)[C@H](CCCCNC(C)=S)NC(=O)[C@H](CCCCN)NC(=O)[C@@H](N)CO)[C@@H](C)O)C(=O)O": 1
    },
    {
        "CSCC[C@H](NC(=O)[C@H](CC(C)C)NC(=O)[C@H](CCCCNC(C)=S)NC(=O)[C@H](CC(=O)O)NC(=O)[C@@H](N)CO)C(=O)O": 0
    },
    {
        "CC(=O)N[C@@H](C)C(=O)N[C@@H](CCCCNC(=O)CC(C)C)C(=O)N[C@@H](C)C(=O)O": 0
    },
    {
        "CN(C)CCCCCC(=O)Nc1ccc(NC(=S)NC(=O)c2ccc(C(C)(C)C)cc2)cc1.Cl": 0
    },
    {
        "CN(C)CCCCC(=O)Nc1ccc(NC(=S)NC(=O)c2ccccc2Cl)cc1.Cl": 0
    },
    {
        "N#C/C(=C\\c1ccc(-c2ccccc2Cl)o1)C(=O)Nc1cccc2cccnc12": 0
    },
    {
        "COc1c(Cl)cc(C(=O)NC(=S)Nc2ccc(NC(=O)CCCCN(C)C)cc2)cc1Cl": 0
    },
    {
        "O=C1Oc2ccc3cc(Br)ccc3c2CC1c1ccccc1": 1
    },
    {
        "CC(C)(C)c1ccc(-c2noc(C(=O)NNC(=S)Nc3cccc(C(F)(F)F)c3)n2)cc1": 0
    },
    {
        "CC(=S)NCCC1CCN(c2ncnc3cc(C(N)=O)sc23)CC1": 1
    },
    {
        "NC(=O)c1cc2ncnc(Cl)c2s1": 0
    },
    {
        "Cn1cc(C2=C(c3cn(CCCSC(=N)N)c4ccccc34)C(=O)NC2=O)c2ccccc21": 1
    },
    {
        "O=C(Nc1ccccc1-c1nc2cccnc2s1)c1cc(N2CCOCC2)nc(-c2ccccc2)n1": 1
    },
    {
        "O=C(/C=C/c1ccc(OCc2ccc(F)cc2)cc1)NC1(C(=O)NCCc2c[nH]c3ccc(F)cc23)CCNCC1": 0
    },
    {
        "O=c1[nH]c(=S)[nH]c(-c2ccc(Br)cc2)c1Cc1c(O)ccc2ccccc12": 0
    },
    {
        "CCOc1c(Cl)cc(C(=O)NC(=S)Nc2ccc(NC(=O)CCCCN(C)C)cc2)cc1Cl": 0
    },
    {
        "N=C(Nc1ccccc1)SC1CC(=O)N(c2ccc(C(=O)O)cc2)C1=O": 0
    },
    {
        "CN1C(=O)/C(=C/c2ccc(OCc3ccccc3)cc2)C(=O)NC1=S": 0
    },
    {
        "CN(C)CCCCC(=O)Nc1ccc(NC(=S)NC(=O)c2ccc(C(C)(C)C)cc2)cc1": 0
    },
    {
        "O=C(Nc1cnccc1Br)c1cccc(-c2ccc3ccccc3c2)c1": 0
    },
    {
        "CCCCCCCCn1c2c(c3cc(-c4cccc(C)c4)ccc31)CN(C)CC2": 0
    },
    {
        "O=c1[nH]c(=S)[nH]c(-c2cccc(F)c2)c1Cc1c(O)ccc2ccccc12": 0
    },
    {
        "Cn1c(-c2ccccc2)c(Cc2c(O)ccc3ccccc23)c(=O)[nH]c1=S": 0
    },
    {
        "CCCCCCCCn1c2c(c3cc(-c4cccc(C)c4)ccc31)CN(C(C)C)CC2": 0
    },
    {
        "CCCCCCCCn1c2c(c3cc(-c4ccc(S(C)(=O)=O)cc4)ccc31)CN(C)CC2": 0
    },
    {
        "CN(C(=O)Cc1ccccc1)c1cccc(Nc2ccccc2C(N)=O)c1": 0
    },
    {
        "NC(=O)c1ccccc1Nc1cccc(OCCc2ccccc2Cl)c1": 0
    },
    {
        "O=C(Nc1ccc(C(=O)O)c(O)c1)c1ccc(NC(=O)c2ccco2)cc1": 0
    },
    {
        "CN(C)CCOCCOCCOCCOCCOCC(=O)Nc1ccc(NC(=S)NC(=O)c2ccc(C(C)(C)C)cc2)cc1": 0
    },
    {
        "CN(C)CCCC(=O)Nc1ccc(NC(=S)NC(=O)c2ccc(C(C)(C)C)cc2)cc1.Cl": 0
    },
    {
        "Oc1ccccc1-c1nc2ccc(Cl)cn2c1NCc1ccc2c(c1)OCO2": 0
    },
    {
        "O=C1NC(=S)NC(=O)C1=Cc1ccc(-c2cccc(Cl)c2Cl)o1": 1
    },
    {
        "N#C/C(=C\\c1ccc(-c2cccc(C(F)(F)F)c2)o1)C(=O)Nc1cccc2cccnc12": 0
    },
    {
        "N#C/C(=C\\c1ccc(-c2cccc(C(F)(F)F)c2)o1)C(=O)Nc1cccc2ncccc12": 0
    },
    {
        "CN(C)CCC(=O)Nc1ccc(NC(=S)NC(=O)c2ccc(C(C)(C)C)cc2)cc1": 0
    },
    {
        "Cn1c(=O)c2cc(S(=O)(=O)Nc3ccc(Cc4ccncc4)cc3)ccc2n(C)c1=O": 0
    },
    {
        "CSCC[C@H](NC(=O)[C@H](CC(C)C)NC(=O)[C@H](CCCCNC(C)=S)NC(=O)[C@@H](N)CCCCN)C(=O)O": 1
    },
    {
        "CCCc1ccc(C(=O)NC(=S)Nc2ccc(NC(=O)CCCCN(C)C)cc2)cc1.Cl": 0
    },
    {
        "CC(=O)N[C@@H](C)C(=O)N[C@@H](CCCCNC(C)=[Se])C(=O)N[C@@H](C)C(=O)O": 1
    },
    {
        "CC(NC(=O)c1ccc(/N=C/c2c(O)ccc3ccccc23)cc1)c1ccccc1": 0
    },
    {
        "CCCCCCCCn1c2c(c3cc(-c4cnc(N)nc4)ccc31)CNCC2": 0
    },
    {
        "O=C(NNC(=S)Nc1cccc(C(F)(F)F)c1)c1nc(-c2cccc3ccccc23)no1": 0
    },
    {
        "CC[C@H](C)[C@H](NC(=O)[C@H](CC(C)C)NC(=O)[C@H](CCCCNC(C)=S)NC(=O)[C@H](CC(=O)O)NC(=O)[C@@H](N)CO)C(=O)O": 0
    },
    {
        "CC[C@H](C)[C@H](NC(=O)[C@@H](NC(=O)[C@H](CCCCNC(C)=S)NC(=O)[C@H](CCCCN)NC(=O)[C@@H](N)Cc1cnc[nH]1)[C@@H](C)O)C(=O)O": 1
    },
    {
        "CC[C@H](C)[C@H](NC(=O)[C@@H](NC(=O)[C@H](CCCCNC(C)=S)NC(=O)[C@H](CC(=O)O)NC(=O)[C@H](C)N)[C@@H](C)O)C(=O)O": 1
    },
    {
        "CC(=O)N[C@@H](C)C(=O)N[C@@H](CCCCNC(C)=S)C(=O)N[C@@H](C)C(=O)O": 1
    },
    {
        "N#C/C(=C\\c1ccc(-c2cccc(Cl)c2Cl)o1)C(=O)Nc1cccc2cccnc12": 0
    },
    {
        "CN1C(=O)/C(=C/c2c[nH]c3ccccc23)C(=O)NC1=S": 0
    },
    {
        "CCOC(=O)c1ccc2[nH]c(-c3ccc(N4CCOCC4)cc3)nc2c1": 0
    },
    {
        "CC(=O)NC[C@H](NC(=O)[C@H](CCCCNC(C)=S)NC(=O)[C@H](Cc1ccc(-c2ccccc2)cc1)NC(C)=O)C(N)=O": 1
    },
    {
        "CC(=O)NCCCC[C@H](NC(C)=O)C(=O)N[C@@H](CCCCNC(C)=S)C(=O)N[C@@H](Cc1ccc2ccccc2c1)C(N)=O": 1
    },
    {
        "O=C(Nc1cccc(Br)c1)c1cccc(S(=O)(=O)N2CCCCCC2)c1": 0
    },
    {
        "NC(=O)c1ccccc1Nc1ccc(-c2cn(Cc3ccccc3)nn2)cc1": 0
    },
    {
        "CC(=S)NCCCC[C@H](NC(=O)[C@H](C)N)C(=O)N[C@@H](C)C(=O)O": 1
    },
    {
        "CC(=S)NCCCC[C@H](NC(=O)OCc1ccccc1)C(=O)NC1CCCCC1": 0
    },
    {
        "CN(C)CCCCC(=O)Nc1ccc(NC(=O)NC(=O)c2ccc(C(C)(C)C)cc2)cc1.Cl": 0
    },
    {
        "Nc1ccccc1NC(=O)c1ccc(CNC(=O)OCc2cccnc2)cc1": 0
    },
    {
        "CSCC[C@H](NC(=O)[C@H](CC(C)C)NC(=O)[C@H](CCCCNC(C)=S)NC(=O)[C@H](CCCCNC(C)=O)NC(=O)[C@H](Cc1c[nH]cn1)NC(C)=O)C(N)=O": 1
    },
    {
        "CSCC[C@H](NC(=O)[C@H](CC(C)C)NC(=O)[C@H](CCCCNC(C)=S)NC(=O)[C@H](CCCCN)NC(=O)[C@H](C)N)C(=O)O": 1
    },
    {
        "NC(=O)c1ccccc1Nc1cccc(OCCc2cccc(Br)c2)c1": 0
    },
    {
        "COc1cc(C=C2C(=O)NC(=S)NC2=O)ccc1OCc1ccccc1Cl": 1
    },
    {
        "CC(C)(C)C(=O)NCCC1CCN(c2nccc3cc(C(N)=O)sc23)CC1": 1
    },
    {
        "NC(=O)c1cc2ncnc(N3CCC(CN4CCCC4)CC3)c2s1": 1
    },
    {
        "O=C(NCc1nc(-c2cccnc2)n[nH]1)c1cnccn1": 0
    },
    {
        "Cc1cccc(Nc2ccccc2C(N)=O)c1": 0
    },
    {
        "NC(=O)c1ccccc1Nc1cccc(CCO)c1": 0
    },
    {
        "CC1(C)CC(=O)C2=C(C1)N(Nc1ccc([N+](=O)[O-])cc1[N+](=O)[O-])C1=C(C(=O)CC(C)(C)C1)C2c1ccccc1OCc1ccccc1": 0
    },
    {
        "Cc1ccc2[nH]c3c(c2c1)CCCC3C(N)=O": 1
    },
    {
        "NC(=O)C1CCCCc2c1[nH]c1ccc(Cl)cc21": 1
    },
    {
        "COc1ccc(Cn2c(-c3ccccc3)c(Cc3c(O)ccc4ccccc34)c(=O)[nH]c2=S)cc1": 0
    },
    {
        "CC(=O)NCCCC[C@H](NC(C)=O)C(=O)N[C@@H](CCCCNC(C)=S)C(=O)N[C@@H](Cc1csc2ccccc12)C(N)=O": 1
    },
    {
        "CCCC[C@H](NC(=O)[C@H](CCCCNC(C)=S)NC(=O)[C@H](CCCCNC(C)=O)NC(C)=O)C(N)=O": 1
    },
    {
        "CC(=S)NCCCC[C@H](NC(=O)CCc1ccccc1O)C(=O)N[C@@H](C)C(=O)O": 1
    },
    {
        "COc1ccc2[nH]cc(CCNC(=O)[C@H](CCCCNC(C)=S)NC(=O)OCc3ccccc3)c2c1": 1
    },
    {
        "CC(=S)NCCCC[C@H](NC(=O)OCc1ccccc1)C(=O)Nc1ccccc1F": 1
    },
    {
        "COc1ccc(C(=O)CNC(=O)[C@H](CCCCNC(C)=S)NC(=O)OCc2ccccc2)cc1": 1
    },
    {
        "Nc1ncnc2c1nc(-c1ccccc1)n2[C@@H]1O[C@H](COP(=O)(O)O)[C@@H](O)[C@H]1O": 0
    },
    {
        "NC(=O)c1ccccc1Nc1ccc2ccccc2c1": 0
    },
    {
        "CC(C)C(=O)Nc1ccc(Nc2ccccc2C(N)=O)cc1": 0
    },
    {
        "NC(=O)c1ccccc1Nc1ccc(NC(=O)C2CCCCC2)cc1": 0
    },
    {
        "CN(C(=O)c1ccccc1)c1cccc(Nc2ccccc2C(N)=O)c1": 0
    },
    {
        "Cc1ccccc1CCOc1cccc(Nc2ccccc2C(N)=O)c1": 0
    },
    {
        "NC(=O)c1ccccc1Nc1cccc(OCCc2ccc(C(F)(F)F)cc2)c1": 0
    },
    {
        "NC(=O)c1ccccc1Nc1cccc(OCCc2cccc(F)c2)c1": 0
    },
    {
        "O=C(c1ccc(Cl)cc1)N1CCN(c2ccc([N+](=O)[O-])c3ncccc23)CC1": 0
    },
    {
        "N#CC1=C(N)NC(SCC(=O)c2ccc(O)c(O)c2)=C(C#N)C1=C1C=CC(=O)C=C1": 0
    },
    {
        "NC(=O)c1cccc(Nc2ccccc2)c1": 0
    },
    {
        "CC(=S)NCCCC[C@H](NC(=O)[C@H](N)Cc1ccccc1)C(=O)N[C@@H](C)C(=O)O": 0
    },
    {
        "CC(=S)NCCCC[C@H](NC(=O)[C@@H]1CCCN(C(=O)OC(C)(C)C)C1)C(=O)N[C@@H](C)C(=O)O": 1
    },
    {
        "Cc1ccc(-c2[nH]c(=S)[nH]c(=O)c2Cc2c(O)ccc3ccccc23)cc1": 0
    },
    {
        "CCC[C@H](NC(=O)[C@H](CCCCNC(C)=S)NC(=O)[C@H](CCCCNC(C)=O)NC(C)=O)C(N)=O": 1
    },
    {
        "CC(=O)NCCCC[C@H](NC(=O)[C@H](CCCCNC(C)=S)NC(=O)[C@H](CNC(C)=O)NC(C)=O)C(N)=O": 1
    },
    {
        "N#C/C(=C\\c1ccc(-c2ccccc2Cl)o1)C(=O)Nc1cccc2ncccc12": 0
    },
    {
        "CC(C)(C)C(=O)NCCC1CCN(c2ncnc3ccsc23)CC1": 0
    },
    {
        "O=C1CCc2c(ccc3ccccc23)O1": 0
    },
    {
        "O=c1nc2oc3ccc4ccccc4c3cc-2c(=O)n1-c1ccccc1": 1
    },
    {
        "CC(C)(C)C(=O)NCCC1CCN(c2ncnc3cc(C(N)=O)sc23)CC1": 1
    },
    {
        "CCNC(=O)c1cccc(C(=O)NCCC2CCN(c3ncnc4cc(C(N)=O)sc34)CC2)c1": 1
    },
    {
        "NC(=O)c1ccccc1Nc1cccc(OCCc2ccccc2Br)c1": 0
    },
    {
        "CCC[C@H](NC(C)=O)C(=O)N[C@@H](CCCCNC(C)=S)C(=O)N[C@@H](CCCCNC(C)=O)C(N)=O": 0
    },
    {
        "NC(=O)c1ccccc1Nc1ccc(NC(=O)c2ccccn2)cc1": 0
    },
    {
        "O=C(/C=C/c1ccc(OCc2ccccc2)cc1)NC1(C(=O)NCCc2c[nH]c3ccccc23)CCNCC1": 0
    },
    {
        "CCCCCCCCn1c2c(c3cc(-c4ccc(S(C)(=O)=O)cc4)ccc31)CNCC2": 0
    },
    {
        "NC(=O)C1CCCc2c1[nH]c1ccccc21": 1
    },
    {
        "CC(=O)NCCCC[C@H](NC(C)=O)C(=O)N[C@@H](CCCCNC(C)=S)C(=O)N[C@@H](CCc1ccccc1)C(N)=O": 1
    },
    {
        "CC[C@H](NC(=O)[C@H](CCCCNC(C)=S)NC(=O)[C@H](CCCCNC(C)=O)NC(C)=O)C(N)=O": 1
    },
    {
        "CC(=S)NCCCC[C@H](NC(=O)OCc1ccccc1)C(=O)Nc1ccccc1O": 1
    },
    {
        "CN(C)C(=O)c1ccccc1Nc1ccccc1": 0
    },
    {
        "CC(=O)NCC1CCN(c2ncnc3cc(C(N)=O)sc23)CC1": 0
    },
    {
        "CCNC(=O)c1cccc(C(=O)NCCN2CCN(c3ncnc4cc(C(N)=O)sc34)CC2)c1": 1
    },
    {
        "Cc1cccc(-c2[nH]c(=S)[nH]c(=O)c2Cc2c(O)ccc3ccccc23)c1": 0
    },
    {
        "CNC(=O)[C@H](C)NC(=O)[C@H](CCCCNC(C)=S)NC(=O)[C@H](C)NC(C)=O": 1
    },
    {
        "CCNC(=O)c1ccc(C(=O)NCCN2CCN(c3ncnc4cc(C(N)=O)sc34)CC2)s1": 1
    },
    {
        "CCCCC[C@H]1CC(=O)c2cc(Cl)cc(Br)c2O1": 0
    },
    {
        "NC(=O)c1ccccc1Nc1ccc(Oc2ccccc2)cc1": 0
    },
    {
        "CCCCCc1ccc(C(=O)NC(=S)Nc2ccc(NC(=O)CCCCN(C)C)cc2)cc1.Cl": 0
    },
    {
        "COc1ccc(C(=O)NC(=S)Nc2ccc(NC(=O)CCCCN(C)C)cc2)cc1.Cl": 0
    },
    {
        "CN(C)CCCCC(=O)Nc1ccc(NC(=S)NC(=O)c2cccc(Br)c2)cc1.Cl": 0
    },
    {
        "CCOC(=O)c1ccc2c(c1)nc(-c1ccc(N(C)C)cc1)n2-c1ccccc1": 0
    },
    {
        "Cc1ccccc1C(=O)NC(=S)Nc1ccc(NC(=O)CCCCN(C)C)cc1.Cl": 0
    },
    {
        "CC1(C)CC(=O)C2=C(C1)N(Nc1ccccc1)C1=C(C(=O)CC(C)(C)C1)C2c1ccc(OCc2ccccc2)cc1": 0
    },
    {
        "O=C1NC(=S)NC(=O)C1=Cc1ccc(OCc2ccc(Br)cc2)cc1": 1
    },
    {
        "C=CCN1C(=O)/C(=C/c2ccc(-c3cccc(Cl)c3Cl)o2)C(=O)NC1=S": 1
    },
    {
        "CCOC(=O)c1ccc(N2CCN(CCn3c(-c4ccc(-c5ccc6c(c5)OCO6)cc4)nc4cc(C(=O)OCC)ccc43)CC2)c(N)c1": 0
    },
    {
        "CCOC(=O)c1ccc(N2CCN(CCn3c(-c4ccc(-c5ccc(N(C)C)cc5)cc4)nc4cc(C(=O)OCC)ccc43)CC2)c(N)c1": 0
    },
    {
        "COc1ccc2c(C=C3C(=O)NC(=S)NC3=O)cccc2c1": 1
    },
    {
        "NC(=O)c1ccccc1Nc1ccc(Cl)cc1": 0
    },
    {
        "CC(C)c1ccc(C=C2C(=O)NC(=S)NC2=O)cc1": 0
    },
    {
        "NC(=O)C1CCCC2c3cc(Cl)ccc3NC12": 1
    },
    {
        "CCCC[C@@H]1NC(=O)CCCCCCC(=O)NCCC[C@@H](C(N)=O)NC(=O)[C@H](CCCCNC(C)=S)NC1=O": 1
    },
    {
        "CCCC[C@@H]1NC(=O)CCCCCCC(=O)NCCCC[C@@H](C(N)=O)NC(=O)[C@H](CCCCNC(C)=S)NC1=O": 1
    },
    {
        "COC(=O)[C@H](C)NC(=O)[C@H](CCCCNC(C)=S)NC(=O)[C@H](C)NC(C)=O": 1
    },
    {
        "CC(=S)NCCCC[C@H](NC(=O)CCc1ccccc1F)C(=O)N[C@@H](C)C(=O)O": 1
    },
    {
        "CC(C)(C)C(=O)NCCC1CCN(c2ncnc3cc(C(N)=O)oc23)CC1": 1
    },
    {
        "CS(=O)(=O)NCCC1CCN(c2ncnc3cc(C(N)=O)sc23)CC1": 1
    },
    {
        "CC(=S)NCCN1CCN(c2ncnc3cc(C(N)=O)sc23)CC1": 1
    },
    {
        "NC(=O)c1cc2ncnc(N3CCC(CCNC(=O)c4ccc(C(=O)O)s4)CC3)c2s1": 1
    },
    {
        "CCCC[C@@H]1NC(=O)CCCCCCC(=O)NC[C@@H](C(N)=O)NC(=O)[C@H](CCCCNC(C)=S)NC1=O": 1
    },
    {
        "CC(=S)NCCCC[C@@H]1NC(=O)CNCCC(=O)NCCCC[C@@H](C(N)=O)NC1=O": 0
    },
    {
        "COC(=O)[C@H](C)NC(=O)[C@H](CCCCNC(C)=S)NC(C)=O": 0
    },
    {
        "CC1(C)CC(=O)C2=C(C1)N(Nc1ccccc1)C1=C(C(=O)CC(C)(C)C1)C2c1ccccc1OCc1ccccc1": 0
    },
    {
        "CC(=O)N1CCC[C@H]1C(=O)N[C@@H](CCCCNC(C)=S)C(=O)N[C@@H](C)C(=O)O": 1
    },
    {
        "CC(=S)NCCCC[C@H](NC(=O)CCc1ccccc1)C(=O)N[C@@H](C)C(=O)O": 1
    },
    {
        "CC(=S)NCCCC[C@H](NC(=O)OCc1ccccc1)C(=O)NCC(=O)c1ccccc1": 1
    },
    {
        "NC(=O)c1cc2ncnc(N3CCN(CCN4CCCC4)CC3)c2s1": 1
    },
    {
        "CCOC(=O)c1ccc2c(c1)nc(-c1ccc3c(c1)OCO3)n2CCO": 0
    },
    {
        "CNCCNc1c2c(c(NCCNC)c3occc13)C(=O)c1ccccc1C2=O": 1
    },
    {
        "CC(=O)NCCCC[C@H](NC(C)=O)C(=O)N[C@@H](CCCCNC(C)=S)C(=O)N[C@@H](CNC(C)=O)C(N)=O": 1
    },
    {
        "COC(=O)c1ccc(Nc2ccccc2C(N)=O)cc1": 0
    },
    {
        "O=C(O)c1ccccc1Nc1ccccc1": 0
    },
    {
        "NC(=O)c1cc2ncnc(N3CCCCC3)c2s1": 0
    },
    {
        "CC(C)(C)OC(=O)c1ccc(C(=O)NCCC2CCN(c3ncnc4cc(C(N)=O)sc34)CC2)s1": 1
    },
    {
        "COc1c(Br)cc(C(=O)NC(=S)Nc2ccc(NC(=O)CCCCN(C)C)cc2)cc1Br": 0
    },
    {
        "NC(=O)c1ccccc1Nc1ccc(OCc2ccccc2)cc1": 0
    },
    {
        "Cc1cccc(CCOc2cccc(Nc3ccccc3C(N)=O)c2)c1": 0
    },
    {
        "COc1ccc2ccccc2c1Cn1cnc2sc3c(c2c1=O)CCC(NCc1cccnc1)C3": 0
    },
    {
        "CCN1C(=O)/C(=C/c2c[nH]c3ccccc23)C(=O)NC1=S": 0
    },
    {
        "COc1ccc(C(=O)NN2C3=C(C(=O)CC(C)(C)C3)C(c3ccc(OCc4ccccc4)cc3)C3=C2CC(C)(C)CC3=O)c(OC)n1": 0
    },
    {
        "CC1(C)CC(=O)C2=C(C1)N(NC(=O)c1ccccc1)C1=C(C(=O)CC(C)(C)C1)C2c1ccc(OCc2ccccc2)cc1": 0
    },
    {
        "CCc1ccccc1-n1c(N)c(C(=O)NCC2CCCO2)c2nc3ccccc3nc21": 1
    },
    {
        "CC1(C)CC(=O)C2=C(C1)N(Nc1ccc([N+](=O)[O-])cc1[N+](=O)[O-])C1=C(C(=O)CC(C)(C)C1)C2c1ccc(OCc2ccccc2)cc1": 0
    },
    {
        "CCCCCCCCn1c2c(c3cc(-c4cnc(N)nc4)ccc31)CN(C(C)C)CC2": 0
    },
    {
        "CC1(C)CC(=O)C2=C(C1)N(Nc1ccccc1)C1=C(C(=O)CC(C)(C)C1)C2c1cccc(OCc2ccccc2)c1": 0
    },
    {
        "NC(=O)c1cc2ncnc(N3CCC(CCN4CCCC4)CC3)c2s1": 1
    },
    {
        "CC(C)(C)OC(=O)NCCC1CCN(c2ncnc3cc(C(N)=O)sc23)CC1": 1
    },
    {
        "NC(=O)c1ccccc1Nc1ccc(CCc2ccccc2)cc1": 0
    },
    {
        "NC(=O)c1ccccc1Nc1ccc(NC(=O)C2CCNCC2)cc1": 0
    },
    {
        "CNC(=S)NCCCC[C@H](NC(=O)[C@H](CCCCNC(C)=O)NC(C)=O)C(=O)N[C@@H](CCCCNC(C)=O)C(N)=O": 1
    },
    {
        "NC(=O)c1ccccc1Nc1ccc(NC(=O)c2cccnc2)cc1": 0
    },
    {
        "Nc1c(S(=O)(=O)c2ccccc2)c2nc3ccccc3nc2n1-c1ccc(F)cc1": 1
    },
    {
        "CSCC[C@H](NC(=O)[C@H](CC(C)C)NC(=O)[C@H](CCCCNC(C)=S)NC(=O)[C@H](Cc1ccc(O)cc1)NC(=O)[C@H](Cc1c[nH]cn1)NC(C)=O)C(N)=O": 1
    },
    {
        "CC(=[Se])NCCCC[C@H](NC(=O)OCc1ccccc1)C(=O)Nc1ccccc1": 1
    },
    {
        "COC(=O)[C@H](C)NC(=O)[C@H](CCCCNC(C)=O)NC(=O)[C@H](C)NC(C)=O": 0
    },
    {
        "CC(=O)NCCCC[C@H](NC(=O)[C@H](CCCCNC(N)=S)NC(=O)[C@H](CCCCNC(C)=O)NC(C)=O)C(N)=O": 0
    },
    {
        "CC(=O)NCCCC[C@H](NC(=O)[C@H](CCCCNC(C)=S)NC(=O)[C@H](Cc1csc2ccccc12)NC(C)=O)C(N)=O": 0
    },
    {
        "CC(=O)NCCCC[C@H](NC(=O)[C@H](CCCCNC(=S)NC(C)C)NC(=O)[C@H](CCCCNC(C)=O)NC(C)=O)C(N)=O": 0
    },
    {
        "CCOC(=O)c1ccc2c(c1)nc(-c1ccc(N(C)C)cc1)n2CCCN1CCCC1=O": 0
    },
    {
        "Cc1ccc2[nH]c3c(c2c1)CCCC3C(=O)O": 1
    },
    {
        "CN(C)CCCCC(=O)Nc1ccc(NC(=S)NC(=O)c2cc(F)c(F)c(F)c2)cc1": 0
    },
    {
        "Oc1ccc(/C=C/c2cc(O)cc(O)c2)cc1": 0
    },
    {
        "CC(C)(C)C(=O)NCCC1CCN(c2ncnc3cc(C(=O)O)sc23)CC1": 0
    },
    {
        "CC(C)(C)C(=O)NCCN1CCN(c2ncnc3cc(C(N)=O)sc23)CC1": 1
    },
    {
        "COc1ccc(C(=O)NC(=S)Nc2ccc(NC(=O)CCCCN(C)C)cc2)cc1C(F)(F)F": 0
    },
    {
        "CCCCOc1c(Cl)cc(C(=O)NC(=S)Nc2ccc(NC(=O)CCCCN(C)C)cc2)cc1Cl": 0
    },
    {
        "CCN1C(=O)/C(=C/c2ccc(OCc3ccccc3)cc2)C(=O)NC1=S": 0
    },
    {
        "CC(=S)NCCCC[C@@H]1NC(=O)[C@H](Cc2csc3ccccc23)NC(=O)CCCCCCC(=O)NCCCC[C@@H](C(N)=O)NC1=O": 1
    },
    {
        "O=C1NC(=S)NC(=O)C1=Cc1cn(Cc2ccccc2)c2ccccc12": 0
    },
    {
        "CC(=O)NCCCC[C@H](NC(=O)[C@H](CCCCNC(C)=S)NC(=O)[C@H](Cc1ccc(-c2ccccc2)cc1)NC(C)=O)C(N)=O": 1
    },
    {
        "Cc1[nH]c2ccccc2c1CCNCc1ccc(/C=C/C(=O)NO)cc1": 0
    },
    {
        "CCCC(=S)NCCCCC(NC(=O)Oc1ccccc1)C(=O)Nc1ccccc1": 1
    },
    {
        "CN(C(=O)c1cccc(Nc2ccccc2C(N)=O)c1)c1ccccc1": 0
    },
    {
        "CCCCCCCCn1c2c(c3cc(-c4ccc(S(C)(=O)=O)cc4)ccc31)CN(C(N)=O)CC2": 0
    },
    {
        "CCCCCCCCn1c2c(c3cc(-c4cnc(N)nc4)ccc31)CN(C)CC2": 0
    },
    {
        "CS(=O)(=O)NCCN1CCN(c2ncnc3cc(C(N)=O)sc23)CC1": 1
    },
    {
        "CC(C)(C)C(=O)NCC1CCN(c2ncnc3cc(C(N)=O)sc23)CC1": 1
    },
    {
        "NCCC1CCN(c2ncnc3cc(C(N)=O)sc23)CC1": 1
    },
    {
        "NC(=O)c1cc2ncnc(N3CCC(CCNC(=O)c4cccs4)CC3)c2s1": 1
    },
    {
        "COc1ccc2[nH]c3c(c2c1)CCCC3C(=O)O": 1
    },
    {
        "Cn1ncnc2c(=O)n(C)c(=O)nc1-2": 1
    },
    {
        "CC(=O)NC[C@H](NC(=O)[C@H](CCCCNC(C)=S)NC(=O)[C@H](Cc1csc2ccccc12)NC(C)=O)C(N)=O": 1
    },
    {
        "CC(C)(C)C(=O)NCCC1CCN(c2ccnc3cc(C(N)=O)sc23)CC1": 1
    },
    {
        "CC(C)(C)C(=O)NCCCC1CCN(c2ncnc3cc(C(N)=O)sc23)CC1": 1
    },
    {
        "Cc1c(C(N)=O)sc2c(N3CCC(CCNC(=O)C(C)(C)C)CC3)ncnc12": 1
    },
    {
        "CNC(=O)c1cc2ncnc(N3CCC(CCNC(=O)C(C)(C)C)CC3)c2s1": 0
    },
    {
        "COCCn1cc(COc2cccc(Cc3cnc(NC(=O)CSc4nc(C)cc(C)n4)s3)c2)nn1": 0
    },
    {
        "CC(=S)NCCCC[C@H](NC(=O)[C@H](C)NC(=O)OC(C)(C)C)C(=O)N[C@@H](C)C(=O)O": 1
    },
    {
        "CC(=S)NCCCC[C@@H]1NC(=O)[C@H](Cc2csc3ccccc23)NC(=O)CCCCCCC(=O)NCCC[C@@H](C(N)=O)NC1=O": 1
    },
    {
        "O=c1[nH]c(=O)c2cc(S(=O)(=O)Nc3ccc(Oc4cccnc4)cc3)ccc2[nH]1": 0
    },
    {
        "COC(=O)c1cccc(Nc2ccccc2C(N)=O)c1": 0
    },
    {
        "CC(=O)Nc1ccc(Nc2ccccc2C(N)=O)cc1": 0
    },
    {
        "NC(=O)c1ccccc1Nc1ccc(NC(=O)c2ccncc2)cc1": 0
    },
    {
        "CN(Cc1ccccc1)C(=O)c1cccc(Nc2ccccc2C(N)=O)c1": 0
    },
    {
        "CC(C)COc1cccc(Nc2ccccc2C(N)=O)c1": 0
    },
    {
        "Cc1cc(C)nc(SCC(=O)Nc2ncc(Cc3cccc(OCc4cn(Cc5ccccc5)nn4)c3)s2)n1": 0
    },
    {
        "NC(=O)c1ccccc1Nc1cccc(OCCc2ccc(Cl)cc2)c1": 0
    },
    {
        "CC(Nc1c(NCCCCCC(=O)NO)c(=O)c1=O)C12CC3CC(CC(C3)C1)C2": 0
    },
    {
        "NC(=O)c1ccccc1Nc1cccc(OCCc2ccccc2F)c1": 0
    },
    {
        "CC(C)(C)c1ccc(C(=O)O)cc1": 0
    },
    {
        "CCOC(=O)c1ccc2c(c1)nc(-c1ccc(N3CCCCC3)cc1)n2CCO": 0
    },
    {
        "CCOC(=O)c1ccc2[nH]c(-c3ccc(N4CCCCC4)cc3)nc2c1": 0
    },
    {
        "CCCCCCCCn1c2c(c3cc(-c4cccc(C)c4)ccc31)CN(Cc1ccccc1)CC2": 0
    },
    {
        "CCOc1ccc(Cn2c(-c3ccccc3)c(Cc3ccccc3)c(=O)[nH]c2=S)cc1": 0
    },
    {
        "Cc1cc(C)nc(SCC(=O)Nc2cccc(COc3ccc(NC(=O)c4cccs4)cc3)c2)n1": 0
    },
    {
        "CCOc1ccc(Cn2c(-c3ccccc3)c(Cc3c(O)ccc4ccccc34)c(=O)[nH]c2=S)cc1": 0
    },
    {
        "CC(=O)NCCC1CCN(c2ncnc3cc(C(N)=O)sc23)CC1": 1
    },
    {
        "CCCC[C@H](NC(C)=O)C(=O)N[C@@H](CCCCNC(C)=S)C(=O)N[C@@H](CCCCNC(C)=O)C(N)=O": 1
    },
    {
        "CC(=S)NCCCCC(NC(=O)Oc1ccccc1)C(=O)Nc1ccccc1": 0
    },
    {
        "O=C(Nc1ccc(O)cc1C(=O)O)c1ccc(N2C(=O)c3ccccc3C2=O)cc1": 0
    },
    {
        "CCCOc1ccc(Cn2c(-c3ccccc3)c(Cc3c(OC)ccc4ccccc34)c(=O)[nH]c2=S)cc1": 0
    },
    {
        "COc1ccc(C(=O)Nc2ccccc2-c2nc3ncccc3o2)cc1OC": 1
    },
    {
        "CCOC(=O)CC(=O)NCCCC[C@H](NC(=O)OCc1ccccc1)C(=O)Nc1ccccc1": 1
    },
    {
        "CCOC(=O)c1ccc(N2CCN(CCn3c(-c4ccc(-c5ccc(N6CCCCC6)cc5)cc4)nc4cc(C(=O)OCC)ccc43)CC2)c(N)c1": 0
    },
    {
        "CCOc1ccc(Cn2c(-c3ccccc3)c(Cc3c(OC)ccc4ccccc34)c(=O)[nH]c2=S)cc1": 0
    },
    {
        "CC(=O)NC[C@H](NC(=O)[C@H](CCCCNC(C)=S)NC(=O)[C@H](CNC(C)=O)NC(C)=O)C(N)=O": 1
    },
    {
        "NC(=O)c1ccccc1Nc1cccc(OCC2CCCCC2)c1": 0
    },
    {
        "NC(=O)c1ccccc1Nc1ccc(-c2ccccc2)cc1": 0
    },
    {
        "Cn1c(COCc2ccc(C(F)(F)F)cc2)c(/C=C2/C(=O)ON=C2C(F)(F)F)c2cc(F)ccc21": 0
    },
    {
        "CCCCCCCCn1c2c(c3cc(-c4cccc(C)c4)ccc31)CN(C(N)=O)CC2": 0
    },
    {
        "CCCCCCCCn1c2c(c3cc(-c4cnc(N)nc4)ccc31)CN(C(N)=O)CC2": 0
    },
    {
        "NC(=O)c1ccccc1Nc1cccc(-c2cn(CCC3CCCC3)nn2)c1": 0
    },
    {
        "CC(C)(CCCCC(=O)NO)Nc1c(Nc2ccc(C(F)(F)F)cc2)c(=O)c1=O": 0
    },
    {
        "CN(C)c1cccc(C(=O)Nc2cccc(-c3nc4ncccc4o3)c2)c1": 0
    },
    {
        "COc1ccc(C(=O)Nc2cccc(-c3nc4ncccc4o3)c2)cc1OC": 1
    },
    {
        "O=C1NC(=S)NC(=O)C1=Cc1cccc2ccccc12": 0
    },
    {
        "Br.Br.O=C1c2cccc3cccc(c23)C(=O)N1CCCNCCCCCCCCCNCCCN1C(=O)c2cccc3cccc(c23)C1=O": 0
    },
    {
        "C#CCOc1cccc(Cc2cnc(NC(=O)CSc3nc(C)cc(C)n3)s2)c1": 0
    },
    {
        "CC(=O)NCCCC[C@H](NC(=O)[C@H](CCCCNC(=S)NCCC(=O)O)NC(=O)[C@H](CCCCNC(C)=O)NC(C)=O)C(N)=O": 0
    },
    {
        "COC1=C(C(=O)c2ccccc2)C(=O)[C@]2(CC=C(C)C)C[C@@H](C(=O)O)C(C)(C)[C@@]1(CC=C(C)C)C2=O": 0
    },
    {
        "NC(=O)C1CCCc2c1[nH]c1ccc(O)cc21": 0
    },
    {
        "CCOC(=O)CCNC(=S)NCCCC[C@H](NC(=O)OCc1ccccc1)C(=O)Nc1cccc(O)c1": 0
    },
    {
        "CCCCCCCNC(=O)NCCCC[C@H](NC(=O)OCc1ccccc1)C(=O)Nc1ccccc1": 0
    },
    {
        "CC(=O)NC[C@H](NC(=O)[C@H](CCCCNC(C)=S)NC(=O)[C@H](Cc1ccc2ccccc2c1)NC(C)=O)C(N)=O": 0
    },
    {
        "Cc1cc(C)nc(SCC(=O)Nc2ncc(Cc3cccc4ccc(Cl)cc34)s2)n1": 0
    },
    {
        "COc1ccc(Nc2c(NCCCCCC(=O)NO)c(=O)c2=O)cc1": 0
    },
    {
        "Cn1cc(CNCC2CCN(c3ncc(C(=O)NO)cn3)CC2)c2ccccc21": 0
    },
    {
        "CSCC[C@H](NC(=O)[C@H](CC(C)C)NC(=O)[C@H](CCCCNC(C)=S)NC(=O)[C@H](CCCCN)NC(=O)[C@H](Cc1c[nH]cn1)NC(C)=O)C(N)=O": 1
    },
    {
        "CC(=O)NCCCC[C@H](NC(=O)[C@H](CCCCNC(=S)Nc1ccccc1)NC(=O)[C@H](CCCCNC(C)=O)NC(C)=O)C(N)=O": 0
    },
    {
        "CCOC(=O)c1ccc(N2CCN(CCn3c(-c4ccc(-c5ccc(O)c(OC)c5)cc4)nc4cc(C(=O)OCC)ccc43)CC2)c(N)c1": 0
    },
    {
        "O=c1[nH]c(=O)c2cc(S(=O)(=O)Nc3cccc(CCc4ccncc4)c3)ccc2[nH]1": 0
    },
    {
        "CCCCCCCCn1c(-c2ccc(-c3ccc(O)c(OC)c3)cc2)nc2cc(C(=O)OCC)ccc21": 0
    },
    {
        "O=C(Nc1ccc(O)c(C(=O)O)c1)c1ccc(NC(=O)c2ccco2)cc1": 0
    },
    {
        "CCCCCCCCn1c(-c2ccc(-c3ccc(N(C)C)cc3)cc2)nc2cc(C(=O)OCC)ccc21": 0
    },
    {
        "CCCCCCCCn1c(-c2ccc(-c3ccc4c(c3)OCO4)cc2)nc2cc(C(=O)OCC)ccc21": 0
    },
    {
        "CCCCCCCCn1c(-c2ccc(-c3ccc(N4CCCCC4)cc3)cc2)nc2cc(C(=O)OCC)ccc21": 0
    },
    {
        "Cc1ccc(-c2nc3c(=O)n(C)c(=O)nc-3n(C)n2)cc1": 1
    },
    {
        "CCOC(=O)c1ccc(N2CCN(CCn3c(-c4ccc(-c5ccc(O)cc5O)cc4)nc4cc(C(=O)OCC)ccc43)CC2)c(N)c1": 0
    },
    {
        "C1C(C2=C(C=CC3=C2C=CC(=C3)Br)OC1=O)C4=CC=CC=C4": 0
    },
    {
        "C1CSC2=CC=CC=C2C1NC(=O)C(CCCCNC(=S)NCCC(=O)O)NC(=O)OCC3=CC=CC=C3": 0
    },
    {
        "C1=CC=C(C=C1)COC(=O)NC(CCCCNC(=S)NCCC(=O)O)C(=O)NC2=CC(=CC=C2)O": 0
    }
]