CC(=O)NCCC[C@H](NC(=O)[C@H](CCCCNC(N)=S)NC(=O)[C@H](CCCNC(C)=O)NC(C)=O)C(N)=O,0
CC(=O)NCCCC[C@H](NC(=O)[C@H](CCCCCC(N)=O)NC(=O)[C@H](CCCCNC(C)=O)NC(C)=O)C(N)=O,0
COc1ccc2c(C=C3C(=O)NC(=S)NC3=O)cccc2c1,0
CCCC[C@H](NC(C)=O)C(=O)N[C@@H](CCCCNC(C)=S)C(=O)N[C@@H](CCCCNC(C)=O)C(N)=O,1
COc1cc2ccccc2c(Cc2c(-c3ccc(C)cc3)[nH][nH]c2=O)c1O,0
COc1ccc(C(=O)CNC(=O)[C@H](CCCCNC(C)=S)NC(=O)OCc2ccccc2)cc1,1
CC(C)c1ccc(-c2[nH][nH]c(=O)c2Cc2c(O)ccc3nc(Cl)ccc23)cc1,0
CC(=O)NCCCC[C@H](NC(C)=O)C(=O)N[C@@H](CCCCNC(C)=S)C(=O)N[C@@H](CCc1ccccc1)C(N)=O,1
CC(=O)NC[C@H](NC(=O)[C@H](CCCCNC(C)=S)NC(=O)[C@H](Cc1ccc2ccccc2c1)NC(C)=O)C(N)=O,1
O=c1[nH]c(=S)[nH]c(-c2ccccc2)c1Cc1c(O)ccc2ccccc12,0
CCCC[C@@H]1NC(=O)CCCCCCC(=O)NCC[C@@H](C(N)=O)NC(=O)[C@H](CCCCNC(C)=S)NC1=O,1
CC(=S)NCCCC[C@@H]1NC(=O)CNCCC(=O)NCCCC[C@@H](C(N)=O)NC1=O,0
CCCC[C@@H]1NC(=O)CCCCCCC(=O)NCCC[C@@H](C(N)=O)NC(=O)[C@H](CCCCNC(C)=S)NC1=O,1
CC(=S)NCCCC[C@@H]1NC(=O)[C@H](Cc2ccc3ccccc3c2)NC(=O)CCCCCCC(=O)NCC[C@@H](C(N)=O)NC1=O,0
CCC[C@H](NC(C)=O)C(=O)N[C@@H](CCCCNC(C)=S)C(=O)N[C@@H](CCCCNC(C)=O)C(N)=O,1
Cn1cc(C2=C(c3cn(CCCSC(=N)N)c4ccccc34)C(=O)NC2=O)c2ccccc21,1
N#C/C(=C\c1ccc(-c2cccc(Cl)c2Cl)o1)C(=O)Nc1cccc2cccnc12,0
N#C/C(=C\c1ccc(-c2cccc(C(F)(F)F)c2)o1)C(=O)Nc1cccc2ncccc12,0
CC(=O)NC[C@H](NC(=O)[C@H](CCCCNC(C)=S)NC(=O)[C@H](CNC(C)=O)NC(C)=O)C(N)=O,1
CC(=S)NCCCC[C@H](NC(=O)OCc1ccccc1)C(=O)Nc1ccccc1,0
NC(=O)c1ccccc1Nc1cccc(-c2cn(CCC3CCCC3)nn2)c1,0
COc1cc(C(=O)Nc2ccccc2-c2cn3c(CN4CCNCC4)csc3n2)cc(OC)c1OC,0
NC(=O)c1ccccc1Nc1cccc(OCCc2cccc(F)c2)c1,0
CC(=S)NCCCC[C@H](NC(=O)[C@@H]1C[C@@H](O)CN1C(=O)OCc1ccccc1)C(=O)NCC(=O)c1ccccc1,1
N#C/C(=C\c1ccc(-c2cccc(Cl)c2Cl)o1)C(=O)Nc1cccc2ncccc12,0
N#C/C(=C\c1ccc(-c2ccccc2Cl)o1)C(=O)Nc1cccc2ncccc12,0
CCOC(=O)CC(=O)NCCCC[C@H](NC(=O)OCc1ccccc1)C(=O)Nc1ccccc1,0
CC(=S)NCCCC[C@@H]1NC(=O)[C@H](Cc2csc3ccccc23)NC(=O)CCCCCCC(=O)NC[C@@H](C(N)=O)NC1=O,1
CC(=S)NCCCC[C@@H]1NC(=O)CNC(=O)CCCCCCC(=O)NCCCC[C@@H](C(N)=O)NC1=O,1
CC(=O)NCCCC[C@H](NC(C)=O)C(=O)N[C@@H](CCCCNC(C)=S)C(=O)N[C@@H](Cc1csc2ccccc12)C(N)=O,1
Cc1ccc(-c2[nH][nH]c(=O)c2Cc2c(O)ccc3cc(-c4ccccc4)ccc23)cc1,1
N#C/C(=C\c1ccc(-c2cccc(C(F)(F)F)c2)o1)C(=O)Nc1cccc2cccnc12,0
N#C/C(=C\c1ccc(-c2cc(Cl)ccc2Cl)o1)C(=O)Nc1cccc2ncccc12,0
CCCC(=S)NCCCCC(NC(=O)Oc1ccccc1)C(=O)Nc1ccccc1,0
CC(=O)NCCCC[C@H](NC(=O)[C@H](CCCCNC(C)=S)NC(=O)[C@H](CCCCNC(C)=O)NC(C)=O)C(N)=O,1
CC(=O)NCCC[C@H](NC(=O)[C@H](CCCCNC(C)=S)NC(=O)[C@H](CCCNC(C)=O)NC(C)=O)C(N)=O,1
O=C1Nc2c(ccc(Cl)c2Cl)/C1=C/c1cc(Br)c(O)c(Br)c1,0
N#C/C(=C\c1ccc(-c2ccccc2Cl)o1)C(=O)Nc1cccc2cccnc12,0
Oc1ccc(/C=C/c2cc(O)cc(O)c2)cc1,0
O=C(Nc1cnccc1Br)c1cccc(-c2ccc3ccccc3c2)c1,0
NC(=O)c1ccccc1Nc1ccccc1,0
CC(=O)NCCCC[C@H](NC(=O)[C@H](CCCCNC(C)=S)NC(=O)[C@H](Cc1ccc(-c2ccccc2)cc1)NC(C)=O)C(N)=O,1
O=C(c1ccc(Cl)cc1)N1CCN(c2ccc([N+](=O)[O-])c3ncccc23)CC1,0
NC(=O)c1cccnc1,0
Oc1c(Br)cc(C=C2c3cc(I)ccc3NC2O)cc1Br,0
O=C1NC(=S)NC(=O)C1=Cc1ccc(OCc2ccccc2)cc1,0
O=C(Nc1ccccc1-c1cn2c(CN3CC[C@@H](O)C3)csc2n1)c1ccc2ccccc2c1,0
CCCC[C@H](NC(=O)[C@H](CCCCNC(C)=S)NC(=O)[C@H](CCCCNC(C)=O)NC(C)=O)C(N)=O,1
CN(C)CCCCC(=O)Nc1ccc(NC(=S)NC(=O)c2ccc(C(C)(C)C)cc2)cc1,0
Cc1[nH]c2ccccc2c1CCNCc1ccc(/C=C/C(=O)NO)cc1,0
CC(C)(CCCCC(=O)NO)Nc1c(Nc2ccc(C(F)(F)F)cc2)c(=O)c1=O,0
CC(Nc1c(NCCCCCC(=O)NO)c(=O)c1=O)C12CC3CC(CC(C3)C1)C2,0
O=C1NC(=S)NC(=O)C1=Cc1cn(Cc2ccccc2)c2ccccc12,0
CC(=O)NC[C@H](NC(=O)[C@H](CCCCNC(C)=S)NC(=O)[C@H](Cc1ccc(-c2ccccc2)cc1)NC(C)=O)C(N)=O,1
CC(=O)NC[C@H](NC(=O)[C@H](CCCCNC(C)=S)NC(=O)[C@H](Cc1csc2ccccc12)NC(C)=O)C(N)=O,1
CC(=O)NCCCC[C@H](NC(=O)[C@H](CCCCNC(C)=S)NC(=O)[C@H](CCc1ccccc1)NC(C)=O)C(N)=O,1
CC[C@H](NC(C)=O)C(=O)N[C@@H](CCCCNC(C)=S)C(=O)N[C@@H](CCCCNC(C)=O)C(N)=O,1
CCCCCCCCn1c(-c2ccc(-c3ccc(N4CCCCC4)cc3)cc2)nc2cc(C(=O)OCC)ccc21,0
NC(=O)c1ccccc1Nc1ccc(-c2cn(Cc3ccccc3)nn2)cc1,0
COc1ccc2[nH]cc(CCNC(=O)[C@H](CCCCNC(C)=S)NC(=O)OCc3ccccc3)c2c1,0
CCCC[C@@H]1NC(=O)CCCCCCC(=O)NCCCC[C@@H](C(N)=O)NC(=O)[C@H](CCCCNC(C)=S)NC1=O,1
CC(=S)NCCCC[C@@H]1NC(=O)[C@H](Cc2ccc3ccccc3c2)NC(=O)CCCCCCC(=O)NCCC[C@@H](C(N)=O)NC1=O,1
O=C1NC(=S)NC(=O)C1=Cc1ccc(-c2ccccc2)cc1,0
CC(=O)NCCCC[C@H](NC(C)=O)C(=O)N[C@@H](CCCCNC(C)=S)C(=O)N[C@@H](Cc1ccc(-c2ccccc2)cc1)C(N)=O,1
CC(=S)NCCCC[C@@H]1NC(=O)[C@H](Cc2ccc3ccccc3c2)NC(=O)CCCCCCC(=O)NC[C@@H](C(N)=O)NC1=O,1
CCCC[C@@H]1NC(=O)CCCCCCC(=O)NC[C@@H](C(N)=O)NC(=O)[C@H](CCCCNC(C)=S)NC1=O,1
NC(=O)c1ccccc1Nc1cccc(OCCc2ccccc2)c1,0
COc1cc(C=C2C(=O)NC(=S)NC2=O)ccc1OCc1ccccc1Cl,0
O=C(Nc1cccc(Br)c1)c1cccc(S(=O)(=O)N2CCCCCC2)c1,0
CC(=O)NCCCC[C@H](NC(C)=O)C(=O)N[C@@H](CCCCNC(C)=S)C(=O)N[C@@H](CNC(C)=O)C(N)=O,1
CCC[C@H](NC(=O)[C@H](CCCCNC(C)=S)NC(=O)[C@H](CCCCNC(C)=O)NC(C)=O)C(N)=O,1
CC(=O)NCCCC[C@H](NC(=O)[C@H](CCCCNC(C)=S)NC(=O)[C@H](CNC(C)=O)NC(C)=O)C(N)=O,1
CCCCCCC(=S)NCCCCC(NC(=O)Oc1ccccc1)C(=O)Nc1ccccc1,0
CCCCC[C@H]1CC(=O)c2cc(Cl)cc(Br)c2O1,0
NC(=O)C1CCCc2c1[nH]c1ccc(Cl)cc21,0
CC[C@H](NC(=O)[C@H](CCCCNC(C)=S)NC(=O)[C@H](CCCCNC(C)=O)NC(C)=O)C(N)=O,1
Cc1ccc(-c2[nH]oc(=O)c2Cc2c(O)ccc3cc(Br)ccc23)cc1,0
CC(=S)NCCCC[C@@H]1NC(=O)[C@H](Cc2csc3ccccc23)NC(=O)CCCCCCC(=O)NCC[C@@H](C(N)=O)NC1=O,1
CC(=S)NCCCC[C@@H]1NC(=O)[C@H](Cc2csc3ccccc23)NC(=O)CCCCCCC(=O)NCCCC[C@@H](C(N)=O)NC1=O,1
CC(=O)NCCCC[C@H](NC(=O)[C@H](CCCCNC(C)=S)NC(=O)[C@H](Cc1ccc2ccccc2c1)NC(C)=O)C(N)=O,1
CC(=S)NCCCCC(NC(=O)Oc1ccccc1)C(=O)Nc1ccccc1,0
Cc1ccc(-c2[nH][nH]c(=O)c2Cc2c(O)ccc3cc(Br)ccc23)cc1,0
CCOC(=O)c1ccc(N2CCN(CCn3c(-c4ccc(-c5ccc(O)cc5O)cc4)nc4cc(C(=O)OCC)ccc43)CC2)c(N)c1,0
CCCCCCCCCCCCCC(=S)NCCCCC(NC(=O)Oc1ccccc1)C(=O)Nc1ccccc1,0
CC(=O)NCCCC[C@H](NC(=O)[C@H](CCCCNC(C)=S)NC(=O)[C@H](Cc1csc2ccccc12)NC(C)=O)C(N)=O,1
O=C1NC(=S)NC(=O)C1=Cc1ccc(OCc2ccc(Br)cc2)cc1,0
CCOC(=O)c1ccc(N2CCN(CCn3c(-c4ccc(-c5ccc(N6CCCCC6)cc5)cc4)nc4cc(C(=O)OCC)ccc43)CC2)c(N)c1,0
COc1ccc(Nc2c(NCCCCCC(=O)NO)c(=O)c2=O)cc1,0
CC(=O)NCCCC[C@H](NC(C)=O)C(=O)N[C@@H](CCCCNC(C)=S)C(=O)N[C@@H](Cc1ccc2ccccc2c1)C(N)=O,1
CC(=S)NCCCC[C@@H]1NC(=O)[C@H](Cc2ccc3ccccc3c2)NC(=O)CCCCCCC(=O)NCCCC[C@@H](C(N)=O)NC1=O,1
CSCC[C@H](NC(=O)[C@H](CC(C)C)NC(=O)[C@H](CCCCNC(C)=S)NC(=O)[C@H](CCCCN)NC(=O)[C@H](Cc1c[nH]cn1)NC(C)=O)C(N)=O,1
CCCCCCCCn1c(-c2ccc(-c3ccc(N(C)C)cc3)cc2)nc2cc(C(=O)OCC)ccc21,0
CCOC(=O)c1ccc(N2CCN(CCn3c(-c4ccc(-c5ccc(O)c(OC)c5)cc4)nc4cc(C(=O)OCC)ccc43)CC2)c(N)c1,0
Cn1cc(CNCC2CCN(c3ncc(C(=O)NO)cn3)CC2)c2ccccc21,0
CCOC(=O)c1ccc(N2CCN(CCn3c(-c4ccc(-c5ccc6c(c5)OCO6)cc4)nc4cc(C(=O)OCC)ccc43)CC2)c(N)c1,0
CCCCCCCCn1c(-c2ccc(-c3ccc(O)c(OC)c3)cc2)nc2cc(C(=O)OCC)ccc21,0
CCOC(=O)c1ccc(N2CCN(CCn3c(-c4ccc(-c5ccc(N(C)C)cc5)cc4)nc4cc(C(=O)OCC)ccc43)CC2)c(N)c1,0
CCCCCCCCn1c(-c2ccc(-c3ccc4c(c3)OCO4)cc2)nc2cc(C(=O)OCC)ccc21,0
CC(=S)NCCCC[C@@H]1NC(=O)[C@H](Cc2csc3ccccc23)NC(=O)CCCCCCC(=O)NCCC[C@@H](C(N)=O)NC1=O,1
CC(C(=O)Nc1cccc(/N=C/c2c(O)ccc3ccccc23)c1)c1ccccc1,0
Cc1cc(C)nc(SCC(=O)Nc2cccc(COc3ccc(NC(=O)c4cccs4)cc3)c2)n1,0
C1C(C2=C(C=CC3=C2C=CC(=C3)Br)OC1=O)C4=CC=CC=C4,0
