CNCCN1CCC(c2cc(C)c3[nH]c(-c4c(OC)cccc4OC)nc3c2)CC1,1
CNCCN1CCC(c2cc(C)c3[nH]c(-c4ccc(F)cc4OC)nc3c2)CC1,1
CNCCN1CCC(c2cc(C)c3[nH]c(-c4ccccc4)nc3c2)CC1,1
CNCCN1CCC(c2ccc3[nH]c(-c4ccccc4OC)c(F)c3c2)CC1,1
CC(C)N(CCCNC(=O)Nc1ccc(C(C)(C)C)cc1)C[C@H]1O[C@@H](n2cnc3c(N)ncnc32)[C@H](O)[C@@H]1O,0
NCCN1CCC(Cc2ccccc2)CC1,1
C[C@H](N)C(=O)NCc1cccc(-n2nc(C(F)(F)F)cc2C(=O)N[C@@H](C)c2ccccc2)c1,1
C[C@H](N)C(=O)NCc1ccc(-n2nc(C(F)(F)F)cc2C(=O)NCc2ccccc2)cc1,0
CCNC(=O)[C@@H](C)N,0
COc1ccccc1Nc1nnc(-c2cc(C(F)(F)F)nn2-c2cccc(CNC(=O)[C@H](C)N)c2)o1,1
CN(C)C(=O)c1cc(C(F)(F)F)nn1-c1cccc(CNC(=O)CN)c1,0
C[C@H](N)C(=O)NCc1cccc(-n2nc(C(F)(F)F)cc2C(=O)Nc2ccccc2)c1,1
C[C@H](N)C(=O)Nc1cccc(-n2nc(C(F)(F)F)cc2C(=O)NCc2ccccc2)c1,0
C[C@H](N)C(=O)NCc1cccc(-n2nc(C(F)(F)F)cc2-c2nnc(-c3ccccc3)o2)c1,1
CS(=O)(=O)c1ccccc1-c1ccc(NC(=O)c2cc(C(F)(F)F)nn2-c2cccc(CNC(=O)CCN)c2)c(F)c1,0
C[C@H](N)C(=O)NCc1cccc(-n2nc(C(F)(F)F)cc2-c2nnc(-c3cccc4ncsc34)o2)c1,1
C[C@H](N)C(=O)NCc1cccc(-n2nc(C(F)(F)F)cc2C(=O)NCCc2ccccc2)c1,1
C[C@H](N)C(=O)NCc1cccc(-n2nc(C(F)(F)F)cc2C(=O)N(C)Cc2ccccc2)c1,1
CS(=O)(=O)c1cccc(NC(=O)c2cc(C(F)(F)F)nn2-c2cccc(CNC(=O)CN)c2)c1,1
C[C@H](N)C(=O)NCc1cccc(-n2nc(C(F)(F)F)cc2-c2nc(-c3ccccc3)no2)c1,1
Cc1cc(-c2nnc(-c3ccccc3)o2)n(-c2cccc(CNC(=O)[C@H](C)N)c2)n1,1
C[C@H](N)C(=O)NCc1cccc(-c2c(-c3nnc(-c4ccccc4)o3)cnn2C)c1,1
C[C@H](N)C(=O)NCc1cccc(-c2ocnc2-c2nnc(-c3ccccc3)o2)c1,1
N=C(N)c1ccc(-c2ccc(-c3ccc(C(=N)N)nc3)o2)cc1,0
Cc1cccc(CN2C/C(=C\c3ccc(O)c(Br)c3)C(=O)/C(=C/c3ccc(O)c(Br)c3)C2)c1,0
C[C@H](N)CNCc1cccc(-n2nc(C(F)(F)F)cc2-c2nnc(-c3ccccc3)o2)c1,0
CNCCN1CCC(c2cc(C)c3nc(-c4ccccc4OC)[nH]c3c2)CC1,1
C[C@H](N)C(=O)NCc1cccc(-n2nc(C(F)(F)F)cc2C(=O)NC2CCCCC2)c1,1
CS(=O)(=O)c1ccccc1-c1ccc(NC(=O)c2cc(C(F)(F)F)nn2-c2cccc(CNC(=O)C(N)C(F)(F)F)c2)c(F)c1,0
CNCCN1CCC(c2ccc3[nH]c(-c4cccnc4OC)nc3c2)CC1,1
COc1ncccc1-c1nc2c(C)cc(C3CCNCC3)cc2[nH]1,1
CS(=O)(=O)c1ccccc1-c1ccc(NC(=O)c2cc(C(F)(F)F)nn2-c2cccc(CNC(=O)CN)c2)cc1,1
O=C1/C(=C/c2ccc(O)c(Br)c2)CN(Cc2ccccc2)C/C1=C\c1ccc(O)c(Br)c1,1
CNCCN1CCC(c2cc(C)c3[nH]c(-c4c(F)cccc4OC)nc3c2)CC1,1
C[C@H](N)C(=O)NCc1cccc(-n2nc(C(F)(F)F)cc2NC(=O)OCc2ccccc2)c1,1
CNCC(=O)NCc1cccc(-n2nc(C(F)(F)F)cc2C(=O)Nc2ccc(-c3ccccc3S(C)(=O)=O)cc2F)c1,0
CNCCN1CCC(c2cc(C)c3nc(-c4cccnc4OC)[nH]c3c2)CC1,1
C[C@H](N)C(=O)NCc1cccc(-n2nc(C(F)(F)F)cc2C(=O)NCc2ccccc2)c1,1
CC(C)N(CCCNC(=O)Nc1ccc(C(C)(C)C)cc1)C[C@@H]1C[C@@H](n2cnc3c(N)ncnc32)[C@H](O)[C@@H]1O,0
CC(C)N(CCCNC(=O)Nc1ccc(C(C)(C)C)cc1)CC1=C[C@@H](n2cnc3c(N)ncnc32)[C@H](O)[C@@H]1O,0
CNc1ncnc2c1ncn2[C@@H]1O[C@H](CSCC[C@H](N)C(=O)O)[C@@H](O)[C@H]1O,0
CC(C)Oc1ccc(-c2c[nH]cc2CN(C)CCN)cc1,1
O=C1/C(=C/c2ccc(O)c(Br)c2)CN(Cc2ccc(Cl)cc2)C/C1=C\c1ccc(O)c(Br)c1,0
CCCN[C@@H](CC[C@H](N)C(=O)O)C[C@H]1O[C@@H](n2cnc3c(N)ncnc32)[C@H](O)[C@@H]1O,1
O=C1/C(=C/c2ccc(O)c(Br)c2)CN(CCCc2ccccc2)C/C1=C\c1ccc(O)c(Br)c1,0
C=CCNc1ncnc2c1ncn2[C@@H]1O[C@H](CN(CCCNC(=O)Nc2ccc(C(C)(C)C)cc2)C(C)C)[C@@H](O)[C@H]1O,0
O=C1/C(=C/c2ccc(O)c(Br)c2)CN(Cc2cccc(Cl)c2)C/C1=C\c1ccc(O)c(Br)c1,1
CNc1ncnc2c1ncn2[C@@H]1O[C@H](CN(CCCNC(=O)Nc2ccc(C(C)(C)C)cc2)C(C)C)[C@@H](O)[C@H]1O,0
C[C@H](N)C(=O)NCc1cccc(-c2nn(C)cc2-c2nnc(-c3ccccc3)o2)c1,1
CNCCN1CCC(OCc2ccccc2)CC1,1
C[C@H](N)C(=O)NCc1cccc(-n2nc(C(F)(F)F)cc2-c2nnc(Cc3ccccc3)o2)c1,1
C[C@H](N)C(=O)NCc1cccc(-n2nc(C(F)(F)F)cc2-c2nnc(-c3ccccc3Cl)o2)c1,1
C[C@H](N)C(=O)N(C)Cc1cccc(-n2nc(C(F)(F)F)cc2-c2nnc(-c3ccccc3)o2)c1,0
Cc1ccccc1CN1C/C(=C\c2ccc(O)c(Br)c2)C(=O)/C(=C/c2ccc(O)c(Br)c2)C1,0
CNCCN1CCC(c2cnc3[nH]c(-c4cccnc4OC)nc3c2)CC1,1
CNC(=O)c1cc(C(F)(F)F)nn1-c1cccc(CNC(=O)CN)c1,0
NCC(=O)NCc1cccc(-n2nc(C(F)(F)F)cc2C(=O)Nc2ccc(-c3ccccc3)cc2)c1,1
N=C(N)c1ccc(/C=C/c2ccc(C(=N)N)cc2)cc1,0
O=c1oc2c(O)c(O)cc3c(=O)oc4c(O)c(O)cc1c4c23,0
Nc1ncnc2c1ncn2[C@@H]1O[C@H](CSCC[C@H](N)C(=O)O)[C@@H](O)[C@H]1O,1
Cc1ccc(CN2C/C(=C\c3ccc(O)c(Br)c3)C(=O)/C(=C/c3ccc(O)c(Br)c3)C2)cc1,0
O=C1/C(=C/c2ccc(O)c(Br)c2)CN(CC(=O)c2ccccc2)C/C1=C\c1ccc(O)c(Br)c1,0
O=C1/C(=C/c2ccc(O)c(Br)c2)CN(CCc2ccccc2)C/C1=C\c1ccc(O)c(Br)c1,0
O=C1/C(=C/c2ccc(O)c(Br)c2)CN(Cc2ccccc2Cl)C/C1=C\c1ccc(O)c(Br)c1,0
CCCc1cc(C)[nH]c(=O)c1CNC(=O)c1cc(-c2ccc(N3CCN(C)CC3)nc2)cc2c1cnn2C(C)C,0
Cc1cc(C)c(CNC(=O)c2cc(-c3ccc(N4CCN(C)CC4)nc3)cc3c2cnn3C(C)C)c(=O)[nH]1,0
CNCCN(C)C,1
C[C@H](N)C(=O)NCc1cccc(-n2nc(C(F)(F)F)cc2-c2nnc(-c3ccncc3)o2)c1,1
COc1ccccc1-c1nnc(-c2cc(C(F)(F)F)nn2-c2cccc(CNC(=O)[C@H](C)N)c2)o1,1
COc1cccc(-c2nnc(-c3cc(C(F)(F)F)nn3-c3cccc(CNC(=O)[C@H](C)N)c3)o2)c1,1
C[C@H](N)C(=O)NCc1ccccc1-n1nc(C(F)(F)F)cc1C(=O)NCc1ccccc1,0
CC(C)N(CCCNC(=O)Nc1ccc(C(C)(C)C)cc1)C[C@H]1O[C@@H](n2cnc3c(NCc4ccccc4)ncnc32)[C@H](O)[C@@H]1O,0
CCCc1cc(C)[nH]c(=O)c1CNC(=O)c1cc(-c2ccnc(N3CCN(C)CC3)c2)cc2c1cnn2C(C)C,0
CNCCN1CCC(c2ccc3c(c2)nc(-c2cccnc2OC)n3C)CC1,1
N=C(N)c1ccc(-c2ccc(-c3ccc(C(=N)N)cc3)o2)cc1,0
CC(C)(N)C(=O)NCc1cccc(-n2nc(C(F)(F)F)cc2C(=O)Nc2ccc(-c3ccccc3S(C)(=O)=O)cc2F)c1,0
NCC(=O)NCc1cccc(-n2nc(C(F)(F)F)cc2C(=O)Nc2ccccc2)c1,1
C[C@H](N)C(=O)NCc1cccc(-n2cncc2-c2nnc(-c3ccccc3)o2)c1,1
CNCCN1CC(NCc2cccc(-c3ccccc3)c2)C1,1
CNCCN1CCC(C)CC1,1
N#Cc1ccc(Nc2ncnc(Nc3ccc(C(=N)N)cc3)c2[N+](=O)[O-])cc1,1
CNCCN1CCC(NCc2cccc(Cl)c2)CC1,1
COc1ccc(/N=N/c2c(S(=O)(=O)[O-])cc3cc(Nc4nc(Cl)nc(Cl)n4)ccc3c2O)cc1.[Na+],1
CNCCN1CC(OCc2cccc(OC(F)(F)F)c2)C1,1
CNCCN1CCC(NCc2cccc(C(F)(F)F)c2)CC1,1
CNCCN1CCC(NCc2cccc(Br)c2)CC1,1
CNCCN1CCC(NCc2cccc(OC(F)(F)F)c2)CC1,1
CNCCN1CCC(NCc2ccccc2)CC1,1
CN(CCN)Cc1ccccc1Sc1ccccc1Cl,1
CNCCN1CC(NCc2cccc(C(F)(F)F)c2)C1,1
CNCCN1CC(NCc2cccc(OC(F)(F)F)c2)C1,1
C[C@@H](N)C(=O)NCc1cccc(-n2nc(C(F)(F)F)cc2-c2nnc(-c3cccc4[nH]ccc34)o2)c1,1
CNCCN1CC(NCc2cccc(F)c2)C1,1
CNCCN1CC(NCc2cccc(Cl)c2)C1,1
CNCCN1CCC(NCc2cccc(F)c2)CC1,1
CNCCN1CC(NCc2cccc(Br)c2)C1,1
CNCCN1CCC(NCc2cccc(-c3ccccc3)c2)CC1,1
