[
    {
        "CC(C)N(CCCNC(=O)Nc1ccc(C(C)(C)C)cc1)C[C@H]1O[C@@H](n2cnc3c(N)ncnc32)[C@H](O)[C@@H]1O": 1
    },
    {
        "CC(C)N(CCCNC(=O)OCc1ccccc1)C[C@H]1O[C@@H](n2cnc3c(N)ncnc32)[C@H](O)[C@@H]1O": 0
    },
    {
        "CCOC(=O)NCCCSC[C@H]1O[C@@H](n2cnc3c(N)ncnc32)[C@H](O)[C@@H]1O": 0
    },
    {
        "Nc1ncnc2c1ncn2[C@@H]1O[C@H](CSCCCNC(=O)Nc2ccc(Cl)cc2)[C@@H](O)[C@H]1O": 1
    },
    {
        "Nc1ncnc2c1ncn2[C@@H]1O[C@H](CSCCCNC(=O)NCc2ccco2)[C@@H](O)[C@H]1O": 1
    },
    {
        "Nc1ncnc2c1ncn2[C@@H]1O[C@H](CSCCCCC(=O)Nc2ccccc2)[C@@H](O)[C@H]1O": 0
    },
    {
        "C=CCN(Cc1cccc(N)c1)C[C@H]1O[C@@H](n2cnc3c(N)ncnc32)[C@H](O)[C@@H]1O": 0
    },
    {
        "Nc1ncnc2c1ncn2[C@@H]1O[C@H](CSCCCNC(=O)Nc2cc(C(F)(F)F)cc(C(F)(F)F)c2)[C@@H](O)[C@H]1O": 1
    },
    {
        "C#CCNC[C@H]1O[C@@H](n2cnc3c(N)ncnc32)[C@H](O)[C@@H]1O": 0
    },
    {
        "CC(C)Nc1ncnc2c1ncn2[C@@H]1O[C@H](CSCC[C@H](N)C(=O)O)[C@@H](O)[C@H]1O": 1
    },
    {
        "Nc1ncnc2c1ncn2[C@@H]1O[C@H](CNCCCNC(=O)OCc2ccccc2)[C@@H](O)[C@H]1O": 0
    },
    {
        "NC(=O)CNC(=O)Nc1ccc2ccn(-c3ccccc3Cl)c2c1": 1
    },
    {
        "CNc1ncnc2c1ncn2[C@@H]1O[C@H](CN(CCCNC(=O)Nc2ccc(C(C)(C)C)cc2)C(C)C)[C@@H](O)[C@H]1O": 1
    },
    {
        "Nc1ncnc2c1ncn2[C@@H]1O[C@H](CSCCCNC(=O)Nc2ccc(C(F)(F)F)cc2)[C@@H](O)[C@H]1O": 1
    },
    {
        "CC(C)N(C)C[C@H]1O[C@@H](n2cnc3c(N)ncnc32)[C@H](O)[C@@H]1O": 0
    },
    {
        "CC(C)N(CCCNC(=O)Nc1ccc(C(C)(C)C)cc1)C[C@H]1O[C@@H](n2ccc3c(N)ncnc32)[C@H](O)[C@@H]1O": 1
    },
    {
        "CC(C)N(CCCNC(=O)Nc1ccc(C(C)(C)C)cc1)CC1=C[C@@H](n2cnc3c(N)ncnc32)[C@H](O)[C@@H]1O": 1
    },
    {
        "CC(C)(C)c1ccc(NC(=O)NCCCSC[C@H]2O[C@@H](n3cnc4c(N)ncnc43)[C@H](O)[C@@H]2O)cc1": 1
    },
    {
        "Nc1ncnc2c1ncn2[C@@H]1O[C@H](CN(CCI)CCC[C@H](N)C(=O)O)[C@@H](O)[C@H]1O": 1
    },
    {
        "Nc1ncnc2c1ncn2[C@@H]1O[C@H](CSCCCOC(=O)Nc2ccccc2)[C@@H](O)[C@H]1O": 0
    },
    {
        "Nc1ncnc2c1ncn2[C@@H]1O[C@H](CSCCCCNC(=O)Nc2ccccc2)[C@@H](O)[C@H]1O": 1
    },
    {
        "CC(C)N(CCCNC(=O)Nc1ccc(C(C)(C)C)cc1)C[C@H]1O[C@@H](n2cc(Br)c3c(N)ncnc32)[C@H](O)[C@@H]1O": 1
    },
    {
        "COc1cc2nc(N3CCCC3)nc(NCCCCCN3CCCC3)c2cc1OC": 0
    },
    {
        "Nc1ncnc2c1ncn2[C@@H]1O[C@H](CSCCO)[C@@H](O)[C@H]1O": 0
    },
    {
        "N[C@@H](CCSC[C@H]1O[C@@H](n2cnc3c(NCc4ccccc4)ncnc32)[C@H](O)[C@@H]1O)C(=O)O": 1
    },
    {
        "Nc1ncnc2c1ncn2[C@@H]1O[C@H](CN(CCI)CC[C@H](N)C(=O)O)[C@@H](O)[C@H]1O": 0
    },
    {
        "CCCCNc1ncnc2c1ncn2[C@@H]1O[C@H](CSCC[C@H](N)C(=O)O)[C@@H](O)[C@H]1O": 1
    },
    {
        "CCc1cccc(NC(=O)NCCCSC[C@H]2O[C@@H](n3cnc4c(N)ncnc43)[C@H](O)[C@@H]2O)c1": 1
    },
    {
        "CCc1ccccc1NC(=O)NCCCSC[C@H]1O[C@@H](n2cnc3c(N)ncnc32)[C@H](O)[C@@H]1O": 1
    },
    {
        "CNc1ncnc2c1ncn2[C@@H]1O[C@H](CSCCCNC(=O)Nc2ccc(C(C)(C)C)cc2)[C@@H](O)[C@H]1O": 1
    },
    {
        "Nc1ncnc2c1c(I)cn2[C@@H]1O[C@H](CO)[C@@H](O)[C@H]1O": 0
    },
    {
        "CC(C)(C)Nc1ncnc2c1ncn2[C@@H]1O[C@H](CSCC[C@H](N)C(=O)O)[C@@H](O)[C@H]1O": 1
    },
    {
        "Nc1ncnc2c1ncn2[C@@H]1O[C@H](CSCc2ccccc2)[C@@H](O)[C@H]1O": 0
    },
    {
        "Nc1ncnc2c1ncn2[C@@H]1O[C@H](CNCc2ccccn2)[C@@H](O)[C@H]1O": 0
    },
    {
        "NCCCNC[C@H]1O[C@@H](n2cnc3c(N)ncnc32)[C@H](O)[C@@H]1O": 0
    },
    {
        "CC(C)N(C[C@H]1O[C@@H](n2cnc3c(N)ncnc32)[C@H](O)[C@@H]1O)[C@H]1C[C@@H](CCc2nc3cc(C(C)(C)C)ccc3[nH]2)C1": 1
    },
    {
        "CC(C)N(C[C@H]1O[C@@H](n2cnc3c(N)ncnc32)[C@H](O)[C@@H]1O)[C@H]1C[C@@H](CCc2nc3cc(Cl)c(C(F)(F)F)cc3[nH]2)C1": 1
    },
    {
        "CC(C)c1ccc(NC(=O)NCCCSC[C@H]2O[C@@H](n3cnc4c(N)ncnc43)[C@H](O)[C@@H]2O)cc1": 1
    },
    {
        "CCCNC(=O)NCCCSC[C@H]1O[C@@H](n2cnc3c(N)ncnc32)[C@H](O)[C@@H]1O": 0
    },
    {
        "Nc1ncnc2c1ncn2[C@@H]1O[C@H](CSCCCNC(=O)OCc2ccccc2)[C@@H](O)[C@H]1O": 0
    },
    {
        "Cc1ncccc1-c1c(Cl)sc2ccc(NC(=O)NCC(=O)NCCCN(C)[C@@H]3CCCN(c4ncnc5[nH]ccc45)C3)cc12": 1
    },
    {
        "C=CCNc1ncnc2c1ncn2[C@@H]1O[C@H](CN(CCCNC(=O)Nc2ccc(C(C)(C)C)cc2)C(C)C)[C@@H](O)[C@H]1O": 1
    },
    {
        "Nc1ncnc2c1ncn2[C@@H]1O[C@H](CSCCCNC(=O)Nc2ccc(I)cc2)[C@@H](O)[C@H]1O": 1
    },
    {
        "Nc1ncnc2c1ncn2[C@@H]1O[C@H](CNCc2cccs2)[C@@H](O)[C@H]1O": 0
    },
    {
        "Nc1ncnc2c1ncn2[C@@H]1O[C@H](CSCC[C@H](N)C(=O)O)[C@@H](O)[C@H]1O": 1
    },
    {
        "Nc1ncnc2c1ncn2[C@@H]1O[C@H](CSCCCNC(=O)c2ccc3ccccc3c2)[C@@H](O)[C@H]1O": 0
    },
    {
        "Nc1ncnc2c1ncn2[C@@H]1O[C@H](CNCc2ccco2)[C@@H](O)[C@H]1O": 0
    },
    {
        "Nc1ncnc2c1ncn2[C@@H]1O[C@H](CSCCCNC(=O)Nc2ccccc2)[C@@H](O)[C@H]1O": 1
    },
    {
        "CNc1ncnc2c1ncn2[C@@H]1O[C@H](CSCC[C@H](N)C(=O)O)[C@@H](O)[C@H]1O": 1
    },
    {
        "Nc1ncnc2c1ncn2[C@@H]1O[C@H](CSCCCNC(=O)Nc2ccc(OC(F)(F)F)cc2)[C@@H](O)[C@H]1O": 1
    },
    {
        "Nc1ncnc2c1ncn2[C@@H]1O[C@H](CSCCCNC(=O)Cc2ccccc2)[C@@H](O)[C@H]1O": 0
    },
    {
        "CC(C)N(C[C@H]1O[C@@H](n2cnc3c(N)ncnc32)[C@H](O)[C@@H]1O)[C@H]1C[C@H](CCc2nc3cc(OC(F)(F)F)ccc3[nH]2)C1": 1
    },
    {
        "Cc1cc(C)c(CNC(=O)c2cc(-c3ccc(N4CCN(C)CC4)nc3)cc3c2cnn3C(C)C)c(=O)[nH]1": 0
    },
    {
        "CN(CCCNC(=O)Nc1ccc(C(C)(C)C)cc1)C[C@H]1O[C@@H](n2cnc3c(N)ncnc32)[C@H](O)[C@@H]1O": 1
    },
    {
        "O=C(CNC(=O)Nc1ccc2ccn(-c3ccccc3Cl)c2c1)NCCCCN[C@@H]1CCCN(c2ncnc3[nH]ccc23)C1": 1
    },
    {
        "Nc1ncnc2c1ncn2[C@@H]1O[C@H](CO)[C@@H](O)[C@H]1O": 0
    },
    {
        "NC(=O)c1cccc(CCN(CCC[C@H](N)C(=O)O)C[C@H]2O[C@@H](n3cnc4c(N)ncnc43)[C@H](O)[C@@H]2O)c1": 1
    },
    {
        "Nc1ncnc2c1ncn2[C@@H]1O[C@H](CSCCCNC(=O)Nc2ccc(Br)cc2)[C@@H](O)[C@H]1O": 1
    },
    {
        "Nc1ncnc2c1ncn2[C@@H]1O[C@H](CSCCCNC(=O)c2ccccc2)[C@@H](O)[C@H]1O": 0
    },
    {
        "N[C@@H]1CCCN(c2ncnc3[nH]ccc23)C1": 0
    },
    {
        "Nc1ncnc2c1ncn2[C@@H]1O[C@H](CSCCNC(=O)Nc2ccccc2)[C@@H](O)[C@H]1O": 0
    },
    {
        "C=CCNc1ncnc2c1ncn2[C@@H]1O[C@H](CSCC[C@H](N)C(=O)O)[C@@H](O)[C@H]1O": 1
    },
    {
        "Nc1ncnc2c1ncn2[C@@H]1O[C@H](CSCCCNC(=O)Nc2ccc(F)cc2F)[C@@H](O)[C@H]1O": 1
    },
    {
        "CN(CCCNC(=O)CNC(=O)Nc1ccc2ccn(-c3ccccc3Cl)c2c1)[C@@H]1CCCN(c2ncnc3[nH]ccc23)C1": 1
    },
    {
        "CC(C)N(CCCNC(=O)Nc1nc2ccc(C(C)(C)C)cc2[nH]1)CC1O[C@@H](n2ccc3c(N)ncnc32)[C@H](O)[C@@H]1O": 1
    },
    {
        "Nc1ncnc2c1ncn2[C@@H]1O[C@H](CSCCCNC(=O)NC2CCCCC2)[C@@H](O)[C@H]1O": 1
    },
    {
        "CCCc1cc(C)[nH]c(=O)c1CNC(=O)c1cc(-c2ccc(N3CCN(C)CC3)nc2)cc2c1cnn2C(C)C": 0
    },
    {
        "CNc1ncnc2c1ncn2[C@@H]1O[C@H](CN(CCI)CCC[C@H](N)C(=O)O)[C@@H](O)[C@H]1O": 1
    },
    {
        "NCCSC[C@H]1O[C@@H](n2cnc3c(N)ncnc32)[C@H](O)[C@@H]1O": 0
    },
    {
        "Nc1ncnc2c1ncn2[C@@H]1O[C@H](CNCc2ccncc2)[C@@H](O)[C@H]1O": 0
    },
    {
        "Nc1cccc(SC[C@H]2O[C@@H](n3cnc4c(N)ncnc43)[C@H](O)[C@@H]2O)c1": 0
    },
    {
        "CC(C)(C)CNc1ncnc2c1ncn2[C@@H]1O[C@H](CSCC[C@H](N)C(=O)O)[C@@H](O)[C@H]1O": 1
    },
    {
        "CC(C)CCNc1ncnc2c1ncn2[C@@H]1O[C@H](CSCC[C@H](N)C(=O)O)[C@@H](O)[C@H]1O": 1
    },
    {
        "CCn1c(N)c(C#N)c2cc(Oc3ccc(NC(=O)CN)cc3)ccc21": 0
    },
    {
        "Nc1ncnc2c1ncn2[C@@H]1O[C@H](CSCCCNC(=O)NCc2ccccc2)[C@@H](O)[C@H]1O": 1
    },
    {
        "CC(=O)N(CCCNC(=O)Nc1ccc(C(C)(C)C)cc1)C[C@@H]1O[C@H](n2ccc3c(N)ncnc32)[C@@H](O)[C@H]1O": 1
    },
    {
        "CN(CCCNC(=O)Nc1ccc(C(C)(C)C)cc1)CC1O[C@@H](n2ccc3c(N)ncnc32)[C@H](O)[C@@H]1O": 1
    },
    {
        "CC(C)(C)c1ccc(NC(=O)NCCCNC[C@@H]2O[C@H](n3ccc4c(N)ncnc43)[C@@H](O)[C@H]2O)cc1": 1
    },
    {
        "N#Cc1c(N)[nH]c2ccc(Oc3ccc(NC(=O)[C@@H](N)CO)cc3)cc12": 0
    },
    {
        "Nc1ncnc2c1ncn2[C@@H]1O[C@H](CSCCC(=O)O)[C@@H](O)[C@H]1O": 0
    },
    {
        "NCCCSC[C@H]1O[C@@H](n2cnc3c(N)ncnc32)[C@H](O)[C@@H]1O": 0
    },
    {
        "N[C@@H](CCSC[C@H]1O[C@@H](n2cnc3c(NC4CC4)ncnc32)[C@H](O)[C@@H]1O)C(=O)O": 1
    },
    {
        "CN(C[C@H]1O[C@@H](n2ccc3c(N)ncnc32)[C@H](O)[C@@H]1O)[C@H]1C[C@@H](CCc2nc3cc(C(C)(C)C)ccc3[nH]2)C1": 1
    },
    {
        "CCCc1cc(C)[nH]c(=O)c1CNC(=O)c1cc(-c2ccnc(N3CCN(C)CC3)c2)cc2c1cnn2C(C)C": 0
    },
    {
        "CC(C)N(CCCNC(=O)Nc1ccc(C(C)(C)C)cc1)C[C@H]1O[C@@H](n2cnc3c(NCc4ccccc4)ncnc32)[C@H](O)[C@@H]1O": 1
    },
    {
        "Nc1ncnc2c1ncn2[C@@H]1O[C@H](CSCCCNC(=O)Nc2cccc3ccccc23)[C@@H](O)[C@H]1O": 1
    },
    {
        "O=C(CNC(=O)Nc1ccc2ccn(-c3ccccc3Cl)c2c1)NCCCN[C@@H]1CCCN(c2ncnc3[nH]ccc23)C1": 1
    },
    {
        "N#Cc1c(N)n(CC2CC2)c2ccc(Oc3ccc(NC(=O)CN)cc3)cc12": 0
    },
    {
        "CN(C)C[C@H]1O[C@@H](n2cnc3c(N)ncnc32)[C@H](O)[C@@H]1O": 0
    },
    {
        "CN(C[C@H]1C[C@@H](n2ccc3c(N)ncnc32)[C@H](O)[C@@H]1O)[C@H]1C[C@@H](CCc2nc3cc(C(C)(C)C)ccc3[nH]2)C1": 1
    },
    {
        "CC(C)N(C[C@H]1O[C@@H](n2ccc3c(N)ncnc32)[C@H](O)[C@@H]1O)[C@H]1C[C@@H](CCc2nc3cc(OC(F)(F)F)ccc3[nH]2)C1": 1
    },
    {
        "Nc1ncnc2c1c(Br)cn2[C@@H]1O[C@H](CSCC[C@H](N)C(=O)O)[C@@H](O)[C@H]1O": 1
    },
    {
        "CN(CCCNC(=O)OCC1c2ccccc2-c2ccccc21)C[C@H]1O[C@@H](n2ccc3c(N)ncnc32)[C@H](O)[C@@H]1O": 0
    },
    {
        "N#Cc1c(N)[nH]c2ccc(OCc3ccccc3)cc12": 0
    },
    {
        "COC(=O)c1ccccc1NC(=O)CSc1nc2cc(OC)ccc2[nH]1": 0
    },
    {
        "CC(C)(C)OC(=O)NCCCSC[C@H]1O[C@@H](n2cnc3c(N)ncnc32)[C@H](O)[C@@H]1O": 0
    },
    {
        "CN[C@@H]1CCCN(c2ncnc3[nH]ccc23)C1": 0
    },
    {
        "CC(C)N(C[C@H]1O[C@@H](n2ccc3c(N)ncnc32)[C@H](O)[C@@H]1O)[C@H]1C[C@H](CCc2nc3cc(C(C)(C)C)ccc3[nH]2)C1": 1
    },
    {
        "Cn1c(N)c(C#N)c2cc(OCc3cccc(N)c3)ccc21": 0
    },
    {
        "Cn1c(N)c(C#N)c2cc(OCc3ccccc3)ccc21": 0
    },
    {
        "Cn1c(N)c(C#N)c2cc(Oc3ccc(NC(=O)CN)cc3)ccc21": 0
    }
]