COc1cc2c(NC3CCN(C(C)C)CC3)nc(N3CCOCC3)nc2cc1OCCCN1CCCC1,1
CN1CCCN(c2cc(NCCN3CCCC3)c3c4c(onc24)-c2ccccc2C3=O)CC1,1
CN1C(=O)[C@H]2C[C@]3([C@]45C[C@@H]6C(=O)N(C)[C@H](CO)C(=O)N6[C@H]4Nc4ccccc45)c4ccccc4N[C@@H]3N2C(=O)[C@H]1CO,0
CN1C(=O)C23CCCN2C(=O)C1(CO)SS3,1
CN1C(=O)[C@]23C[C@@]4([C@@]56C[C@]78SS[C@](CO)(C(=O)N7[C@@H]5Nc5ccccc56)N(C)C8=O)c5ccccc5N[C@H]4N2C(=O)[C@@]1(CO)SS3,1
COc1cc2nc(N3CCCN(C)CC3)nc(NC3CCNCC3)c2cc1OC,0
O=C1[C@@H]2SS[C@@H](C(=O)N2Cc2ccccc2)N1Cc1ccccc1,1
COc1cc2c(NC3CCN(C(C)C)CC3)nc(N3CCC(F)(F)CC3)nc2cc1OCCCN1CCCC1,1
CN1C(=O)C2(S)CCCN2C(=O)C1(S)CO,0
CNCCCOc1cc2nc(N3CCCN(C)CC3)nc(NC3CCN(C)CC3)c2cc1OC,0
COc1cc2nc(N3CCCN(C)CC3)nc(N(C)C3CCN(C)CC3)c2cc1OC,0
COc1cc2c(NC3CCN(C)CC3)nc(N3CCCN(C)CC3)nc2cc1OCCCCCCN(C)C,0
COCCCCOc1cc2nc(N3CCCN(C)CC3)nc(NC3CCN(C)CC3)c2cc1OC,0
COc1cc2c(NC3CCN(C)CC3)nc(N3CCCN(C)CC3)nc2cc1OCCCCC(N)=O,0
CN1C(=O)C23CCCN2C(=O)C1(CO)SSS3,1
COc1ccc2c(c1)C1(CCC1)C(N)=N2,0
COc1cc2c(NC3CCN(C(C)C)CC3)nc(N3CCCCCC3)nc2cc1OCCCN1CCCC1,1
COc1cc2c(NC3CCN(C(C)C)CC3)nc(C3CCCCC3)nc2cc1OCCCN1CCCC1,1
COc1cc2c(NC3CCN(C(C)C)CC3)nc(C3CCOCC3)nc2cc1OCCCN1CCCC1,1
COc1cc2c(NC3CCN(C4CC4)CC3)nc(N3CCC(F)(F)CC3)nc2cc1OCCCN1CCCC1,1
COc1cc2c(NC3CCN(C(C)C)CC3)nc(N3CCCCC3)nc2cc1OCCCN1CCCC1,1
C=C1C(=O)N2[C@H]3C(=CC=C[C@@H]3O)C[C@@]2(SC)C(=O)N1C,0
O=C1c2ccccc2-c2onc3c(N4CCCC4)cc(NCCN4CCCC4)c1c23,1
COc1cc2c(cc1OCCC1CCCN1C)N=C(N)C21CCC1,1
O=C(O)c1ccc2c(c1)nc(NC(=O)c1ccccc1)n2CCCc1ccccc1,1
CN(C)CCNc1cc(N2CCCC2)c2noc3c2c1C(=O)c1ccccc1-3,1
CN1CCCN(c2cc(NCCN3CCCCC3)c3c4c(onc24)-c2ccccc2C3=O)CC1,1
COc1cc2c(cc1OCCCC1CCCC1)N=C(N)C2(C)C,0
CN1C(=O)[C@]23Cc4ccccc4N2C(=O)[C@@]1(CO)SS3,0
CS[C@]1(CO)C(=O)N2c3c(O)cccc3C[C@@]2(SC)C(=O)N1C,0
Cc1cc(C)c(CNC(=O)c2cc(-c3ccc(N4CCN(C)CC4)nc3)cc3c2cnn3C(C)C)c(=O)[nH]1,0
COc1cc2c(NC3CCN(C(C)C)CC3)nc(C3CCCCC3)nc2cc1OCCCN1CCCCC1,1
Nc1ncnc2c1ncn2[C@@H]1O[C@H](CCCc2ccccc2)[C@@H](O)[C@H]1O,0
COc1cc2c(NC3CCN(C)CC3)nc(N3CCCN(C)CC3)nc2cc1OCCCCCN(C)C,0
COc1cc2nc(N3CCCN(C)CC3)nc(OC3CCN(C)CC3)c2cc1OC,0
COc1cc2nc(N3CCCN(C)CC3)nc(NC3CCN(C)C3)c2cc1OC,0
COc1cc2c(NC3CCN(C)CC3)nc(N3CCCN(C)CC3)nc2cc1OCCCCNC(=O)OC(C)(C)C,0
CNc1nc(N2CCCN(C)CC2)nc2cc(OC)c(OC)cc12,0
CN(C)c1cc(NCCN2CCCC2)c2c3c(onc13)-c1ccccc1C2=O,1
CN1C(=O)[C@]2(Cc3cn([C@]45C[C@@]67SS[C@@](CO)(C(=O)N6[C@H]4Nc4ccccc45)N(C)C7=O)c4ccccc34)SS[C@@]1(CO)C(=O)N2C,1
COc1cc2c(NC3CCN(C)CC3)nc(N3CCCN(C)CC3)nc2cc1OCCOCCN(C)C,1
CCN(CC)CCCOc1cc2nc(N3CCCN(C)CC3)nc(NC3CCN(C)CC3)c2cc1OC,0
COc1cc2c(NC3CCN(C)CC3)nc(N3CCCN(C)CC3)nc2cc1OCCCCN(C)C,0
COc1cc2c(NC3CCN(C)CC3)nc(N3CCCN(C)CC3)nc2cc1OCCCN1CCOCC1,0
COc1cc2c(cc1OCC1CCN(C)C1)N=C(N)C21CCC1,1
COc1cc2c(cc1OC)C1(CCCCC1)C(N)=N2,1
CN1C(=O)[C@@]23C[C@]4([C@]56C[C@@]78S[C@@](CO)(C(=O)N7[C@H]5Nc5ccccc56)N(C)C8=O)c5ccccc5N[C@@H]4N2C(=O)[C@]1(CO)S3,0
COc1cc2c(NC3CCN(C(C)C)CC3)nc(N3CCCN(CC4CCCCC4)CC3)nc2cc1OCCCN1CCCC1,1
COc1cc2c(NC3CCN(C(C)C)CC3)nc(N3CCCN(Cc4ccccc4)CC3)nc2cc1OCCCN1CCCC1,1
CCN1CCCN(c2nc(NC3CCN(C(C)C)CC3)c3cc(OC)c(OCCCN4CCCC4)cc3n2)CC1,1
COc1cc2c(NC3CCN(C(C)C)CC3)nc(N3CCCN(C(C)C)CC3)nc2cc1OCCCN1CCCC1,1
CCCN(C)CCCOc1cc2nc(N3CCCN(C)CC3)nc(NC3CCN(C)CC3)c2cc1OC,0
COc1cc2c(NC3CCN(C)CC3)nc(N3CCCN(C)CC3)nc2cc1OCCOCCN1CCCC1,0
COc1cc2c(NC3CCN(C(C)C)CC3)nc(N3CCCN(C)CC3)nc2cc1OCCCN1CCCC1,1
COc1cc2c(NC3CCN(C)CC3)nc(N3CCCN(C)CC3)nc2cc1OCCN(C)CCN(C)C,0
CN1CCN(c2cc(NCCN3CCCCC3)c3c4c(onc24)-c2ccccc2C3=O)CC1,1
O=C1c2ccccc2-c2onc3c(N4CCN(c5ccccc5)CC4)cc(NCCN4CCCCC4)c1c23,1
CN1C(=O)[C@@]23C[C@]4([C@]56C[C@@]78SS[C@@](C)(C(=O)N7[C@H]5Nc5ccccc56)N(C)C8=O)c5ccccc5N[C@@H]4N2C(=O)[C@]1(C)SS3,1
COc1cc2nc(N3CCN(C)CC3)nc(NC3CCN(Cc4ccccc4)CC3)c2cc1OC,1
COc1cc2c(cc1OCCCN1CC[C@H](F)C1)N=C(N)C21CCC1,1
CCCc1cc(C)[nH]c(=O)c1CNC(=O)c1cc(-c2ccc(N3CCN(C)CC3)nc2)cc2c1cnn2C(C)C,0
CN1CCN(c2cc(NCCN3CCCC3)c3c4c(onc24)-c2ccccc2C3=O)CC1,1
CS[C@]1(CO)C(=O)N2[C@H]3C(=CC=C[C@@H]3O)C[C@@]2(SC)C(=O)N1C,0
Cc1cc(Nc2ccc(NC(=O)c3ccc(Nc4ccnc5ccccc45)cc3)cc2)nc(N)n1,0
COc1cc2c(NC3CCN(C)CC3)cc(-c3ccc(C)[nH]3)nc2cc1OCCCN1CCCC1,1
Nc1ncn([C@@H]2O[C@H](CO)[C@@H](O)[C@H]2O)c(=O)n1,0
COc1cc2c(NC3CCN(C)CC3)cc(-c3ccnn3C)nc2cc1OCCCN1CCCC1,1
COc1cc2c(NC3CCN(C)CC3)cc(-c3ccc(CO)o3)nc2cc1OCCCN1CCCC1,1
COc1cc2c(NC3CCN(Cc4ccccc4)CC3)nc(N3CCN(C)CC3)nc2cc1OCc1ccccc1,1
COc1cc2c(NC3CCN(C(C)C)CC3)cc(C3CCCCC3)nc2cc1OCCCN1CCCC1,1
CN1C(=O)[C@]23CC4=CC=C[C@H](O)[C@H]4N2C(=O)[C@@]1(CO)SS3,1
COc1cc2c(NC3CCN(C)CC3)nc(N3CCCN(C)CC3)nc2cc1OCCCCCN,0
COc1cc2c(cc1OCCCN1CCCC1)N=C(N)C21CCC1,1
CN1C(=O)[C@]23CC4=CC=C[C@H](O)[C@H]4N2C(=O)[C@@]1(CO)SSSS3,1
COc1cc2nc(N3CCCN(C)CC3)nc(NC3CCOCC3)c2cc1OC,0
COc1cc2c(NC3CCN(C)CC3)nc(N3CCCN(C)CC3)nc2cc1OCC1CCCNC1,0
CS[C@]1(CO)C(=O)N2[C@H]3C(=CC=C[C@@H]3OC(C)=O)C[C@@]2(SC)C(=O)N1C,0
COc1cc2c(NC3CCN(C4CCCCC4)CC3)nc(N3CCCN(C)CC3)nc2cc1OCCCN1CCCCC1,1
COc1cc2c(cc1OC)C1(CCCC1)C(N)=N2,1
COc1cc2c(cc1OC)C1(CCC1)C(N)=N2,1
COc1cc2nc(N3CCN(C)CC3)cc(NC3CCN(Cc4ccccc4)CC3)c2cc1OC,1
CN1C(=O)[C@]23Cc4cccc(O)c4N2C(=O)[C@@]1(CO)SS3,1
O=C1c2ccccc2-c2onc3c(N4CCN(c5ncccn5)CC4)cc(NCCN4CCCC4)c1c23,1
COc1cc2c(NC3CCN(C)CC3)cc(-c3ccc(CN(C)C)o3)nc2cc1OCCCN1CCCC1,1
COc1cc2c(NC3CCN(C)CC3)cc(C)nc2cc1OCCCN1CCCC1,1
COc1cc2c(NC3CCN(C)CC3)cc(-c3ccoc3)nc2cc1OCCCN1CCCC1,1
CCCCCOc1cc2nc(N3CCN(C)CC3)nc(NC3CCN(Cc4ccccc4)CC3)c2cc1OC,1
COc1cc2c(NC3CCN(Cc4ccccc4)CC3)nc(N3CCN(C)CC3)nc2cc1OCCC(C)C,1
COc1cc2c(NC3CCN(Cc4ccccc4)CC3)nc(N3CCN(C)CC3)nc2cc1OCCCSC,1
COc1cc2cc(N3CCCCC3)nc(NC3CCN(Cc4ccccc4)CC3)c2cc1OC,0
COc1cc2c(NC3CCN(C)CC3)cc(-c3ccc(C)o3)nc2cc1OCC1CCN(C)CC1,1
CCc1ccc(-c2cc(NC3CCN(C)CC3)c3cc(OC)c(OCCCN4CCOCC4)cc3n2)o1,1
Cc1ccc(-c2cc(NC3CCN(C)CC3)c3cc(O)c(OCCCN4CCCC4)cc3n2)o1,1
COc1cc2nc(N3CCCN(C)CC3)cc(NC3CCN(Cc4ccccc4)CC3)c2cc1OC,1
COc1cc2c(NC3CCN(C(C)C)CC3)nc(N3CCCCCC3)nc2cc1OCCCN1CCCCC1,1
COc1cc2c(NC3CCN(C)CC3)cc(-c3ccc(C)o3)nc2cc1OCCCN1CCC(F)C1,1
COc1cc2c(NC3CCN(C(C)C)CC3)nc(C3CCCCC3)nc2cc1OCCOCCN(C)C,1
CNc1ncnc2c1ncn2[C@@H]1O[C@H](CSCC[C@H](N)C(=O)O)[C@@H](O)[C@H]1O,0
CCCc1cc(C)[nH]c(=O)c1CNC(=O)c1cc(-c2ccnc(N3CCN(C)CC3)c2)cc2c1cnn2C(C)C,0
COc1cc2nc(N3CCN(C)CC3)nc(NC3CCN(Cc4ccc(C)cc4)CC3)c2cc1OC,1
COc1cc2nc(N3CCN(c4ccccn4)CC3)nc(NC3CCN(Cc4ccccc4)CC3)c2cc1OC,1
COc1cc2nc(N3CCC(N(C)C)CC3)nc(NC3CCN(Cc4ccccc4)CC3)c2cc1OC,1
COc1cc2nc(N3CCCCC3)nc(NC3CCN(Cc4ccccc4)CC3)c2cc1OC,1
COc1cc2c(NC3CCN(C)CC3)cc(-c3cc[nH]c(=O)c3)nc2cc1OCCCN1CCCC1,1
COc1cc2c(NC3CC4(CCN(C)CC4)C3)cc(-c3ccc(C)o3)nc2cc1OCC1CCN(C)CC1,1
CNc1ncnc2c1ncn2[C@@H]1O[C@H](CN(CCI)CCC[C@H](N)C(=O)O)[C@@H](O)[C@H]1O,0
COc1cc2c(NC3CCN(C(C)C)CC3)nc(C3CCCCC3)nc2cc1OCCCN1CCC(F)(F)CC1,0
CCc1ccc(-c2cc(NC3CCN(C)CC3)c3cc(OC)c(OCCCN(C)C)cc3n2)o1,1
COc1cc2nc(N3CCN(C)CC3)nc(NC3CCN(C4CCCCC4)CC3)c2cc1OC,1
COc1cc2c(NC3CCN(Cc4ccccc4)CC3)nc(N3CCCCC3)nc2cc1OCc1ccccc1,0
CN(C)CCNc1cc(N(C)C)c2noc3c2c1C(=O)c1ccccc1-3,1
COc1cc2c(NC3CCN(CC4CCCCC4)CC3)nc(N3CCCN(C(C)C)CC3)nc2cc1OCCCN1CCCCC1,1
COc1cc2c(NC3CC4CCC(C3)N4C)cc(-c3ccc(C)o3)nc2cc1OCCCN1CCCC1,1
CN(C)c1cc(NCCCN2CCCC2)c2c3c(onc13)-c1ccccc1C2=O,1
CN(C)CCNc1cc(N2CCN(C)CC2)c2noc3c2c1C(=O)c1ccccc1-3,1
COc1cc2nc(N3CCCC3)nc(NCCCCCN3CCCC3)c2cc1OC,0
CN1C(=O)[C@@]2(S)C[C@]3([C@]45C[C@]6(S)C(=O)N(C)[C@](S)(CO)C(=O)N6[C@H]4Nc4ccccc45)c4ccccc4N[C@@H]3N2C(=O)[C@@]1(S)CO,0
N[C@@H](CCCN(CCI)C[C@H]1O[C@@H](n2cnc3c(NCc4ccccc4)ncnc32)[C@H](O)[C@@H]1O)C(=O)O,0
Nc1ncnc2c1ncn2[C@@H]1O[C@H](CC(N)CC2CCCCC2)[C@@H](O)[C@H]1O,1
CCN1CCN(c2cc(NCCN3CCCC3)c3c4c(onc24)-c2ccccc2C3=O)CC1,1
CCc1ccc(-c2cc(NC3CCN(C(C)C)CC3)c3cc(OC)c(OCCCN4CCCC4)cc3n2)o1,1
CCCN(C)c1nc(NC2CCN(C)CC2)c2cc(OC)c(OC)cc2n1,1
COc1cc2c(NC3CCN(C(C)C)CC3)nc(N3CCCN(c4ccccc4)CC3)nc2cc1OCCCN1CCCC1,1
COc1cc2c(NC3CCN(C(C)C)CC3)nc(N3CCCN(C(C)C)CC3)nc2cc1OCCCN1CCCCC1,1
COc1cc2c(NC3CCN(C4CCCCC4)CC3)nc(N3CCCN(C(C)C)CC3)nc2cc1OCCCN1CCCCC1,1
COc1cc2c(NC3CCN(C(C)C)CC3)nc(N3CCS(=O)(=O)CC3)nc2cc1OCCCN1CCCC1,1
Nc1ncnc2c1ncn2[C@@H]1O[C@H](C[C@H](N)CC2CC2)[C@@H](O)[C@H]1O,0
COc1cc2c(NC3CCN(C)CC3)cc(N3CCN(C)CC3)nc2cc1OCCCN1CCCC1,1
COc1cc2c(NC3CCN(C(C)C)CC3)nc(N3CCCN(C4CCCCC4)CC3)nc2cc1OCCCN1CCCC1,1
O=C1c2ccccc2-c2onc3c(N4CCN(c5ccccc5)CC4)cc(NCCN4CCCC4)c1c23,1
COc1cc2c(NC3CCN(C(C)C)CC3)nc(N3CC(F)(F)C(F)(F)C3)nc2cc1OCCCN1CCCC1,1
COc1cc2c(cc1OCCCN1CCCC1)N=C(N)C2(C)C,1
COc1cc2c(cc1OCCCN1CC(F)(F)C1)N=C(N)C21CCC1,1
COc1cc2c(cc1OCCCN1CC(F)C1)N=C(N)C21CCC1,1
COc1cc2c(cc1OCC1CCCN1C)N=C(N)C21CCC1,1
COc1cc2c(NC3CCN(C)CC3)cc(-c3ccc(C)o3)nc2cc1OCC1CCNCC1,1
COc1cc2c(NC3CCN(C)CC3)cc(-c3ccc(C)o3)nc2cc1OC1CC2(C1)CN(C)C2,1
CN(C)CCNc1cc(N2CCN(c3ncccn3)CC2)c2noc3c2c1C(=O)c1ccccc1-3,1
COC(=O)c1ccc2c(c1)nc(NC(=O)c1ccccc1)n2CCCc1ccccc1,1
COc1cc2c(NC3CCN(C4CC4)CC3)cc(-c3ccc(C)o3)nc2cc1OCCCN1CCCC1,1
COc1cc2c(NC3CCN(C)CC3)cc(-c3ccc(C#N)o3)nc2cc1OCCCN1CCCC1,1
COc1cc2c(NC3CCNCC3)cc(-c3ccc(C)o3)nc2cc1OCCCN1CCCC1,1
COc1cc2c(NC3CCN(C(C)C)CC3)cc(-c3ccc(C)o3)nc2cc1OCCCN1CCCC1,1
COc1cc2nc(-c3ccc(C)o3)cc(NC3CCN(C)CC3)c2cc1OC,1
COc1cc2c(NC3CC4(CCN(C(C)C)CC4)C3)cc(-c3ccc(C)o3)nc2cc1OC1CC2(C1)CN(C)C2,1
COc1cc2c(NC3C4CCC3CN(C)C4)cc(-c3ccc(C)o3)nc2cc1OC1CC2(C1)CN(C)C2,1
COc1cc2c(NC3C4CCC3CN(C)C4)cc(-c3ccc(C)o3)nc2cc1OCCCN1CCCC1,1
COc1ccc(C(=O)Oc2ccc(CCn3c(NC(=O)c4ccc(C(F)(F)F)cc4)nc4cc(C(=O)O)ccc43)cc2)cc1,1
COc1cc2c(NC3CCN(C)CC3)cc(C3CCOCC3)nc2cc1OCCCN1CCCC1,1
COc1cc2c(NC3CCN(C(C)C)CC3)nc(C3CCOCC3)nc2cc1OCCCN1CCC(F)(F)CC1,0
OC(CNCCc1c[nH]c2ccccc12)Cn1c2ccccc2c2ccccc21,0
COc1ccc(Nc2cc(N3CCN(C)CC3)c3noc4c3c2C(=O)c2ccccc2-4)cc1,0
COc1cc2c(NC3CCN(C4CC4)CC3)nc(N3CCS(=O)(=O)CC3)nc2cc1OCCCN1CCCC1,1
Nc1ncnc2c1ncn2[C@@H]1O[C@H](CSCC[C@H](N)C(=O)NCc2cc(-c3ccccc3)[nH]n2)[C@@H](O)[C@H]1O,0
CCCCC[C@H]1O[C@@H](n2cnc3c(N)ncnc32)[C@H](O)[C@@H]1O,0
COc1ccc(CC(N)C[C@H]2O[C@@H](n3cnc4c(N)ncnc43)[C@H](O)[C@@H]2O)cc1OC,0
COc1cc2cc(N3CCC(OC)CC3)nc(NC3CCN(Cc4ccccc4)CC3)c2cc1OC,0
CCCCCCOc1cc2nc(N3CCCN(C)CC3)nc(NC3CCN(Cc4ccccc4)CC3)c2cc1OC,1
Nc1ncnc2c1ncn2[C@@H]1O[C@H](CSCC[C@H](N)C(=O)O)[C@@H](O)[C@H]1O,1
CN(C)CCNc1cc(N2CCCCC2)c2noc3c2c1C(=O)c1ccccc1-3,1
O=C1c2ccccc2-c2onc3c(N4CCCCC4)cc(NCCN4CCCC4)c1c23,1
CCc1ccc(-c2cc(NC3CCN(C)CC3)c3cc(OC)c(OCCCN4CCCC4)cc3n2)o1,1
O=C(NCC(=O)c1ccccc1)Nc1ccc2nnsc2c1,0
COc1cc2nc(N3CCCCC3)nc(NC3CCN(Cc4ccc(C)cc4)CC3)c2cc1OC,1
COc1cc2nc(N3CCCCC3)nc(NC3CCCN(Cc4ccccc4)C3)c2cc1OC,1
COc1cc2nc(N(C)C3CCCC3)nc(NC3CCN(C)CC3)c2cc1OC,1
COc1cc2c(NC3CCN(C)CC3)cc(-c3ccc(C)o3)nc2cc1OCCCN1CCCC1,1
COc1cc(NC2CCN(C)CC2)c2cc(OC)c(OCCCN3CCCC3)cc2n1,1
Nc1ncnc2c1ncn2[C@@H]1O[C@H](C[C@@H](N)CC2CCCC2)[C@@H](O)[C@H]1O,0
COc1cc2c(cc1OCCCn1ccnc1)N=C(N)C21CCC1,1
COc1cc2cc(N)[nH]c2cc1OC,0
CCc1ccc(-c2cc(NCC3C4CCC3CN(C)C4)c3cc(OC)c(OCCCN4CCCC4)cc3n2)o1,1
CCc1ccc(-c2cc(NC3CCN(C4CC4)CC3)c3cc(OC)c(OCCCN4CCCC4)cc3n2)o1,1
COc1cc2c(NC3CCN(Cc4ccccc4)CC3)nc(N3CCN(C)CC3)nc2cc1OCCCCSC,1
COc1cc2nc(N3CCCCC3)nc(NC3CCN(Cc4ccccc4C)CC3)c2cc1OC,1
COc1cc2nc(N3CCC(OC)CC3)cc(NC3CCN(Cc4ccccc4)CC3)c2cc1OC,1
COc1cc2nc(N3CC(C)CC(C)C3)nc(NC3CCN(Cc4ccccc4)CC3)c2cc1OC,1
COc1cc2nc(N3CCCN(C)CC3)nc(NC3CCN(C4CCCCC4)CC3)c2cc1OC,1
COc1cc2nc(N3CCC(OC)CC3)nc(NC3CCN(CC4CCCCC4)CC3)c2cc1OC,1
COc1cc2nc(N3CCCCC3)nc(NC3CCN(C(=O)c4ccccc4)CC3)c2cc1OC,0
COc1cc2nc(N3CCN(C)CC3)nc(NC3CCCCC3)c2cc1OC,1
CCCCCCCCOc1cc2nc(N3CCCN(C)CC3)nc(NC3CCN(Cc4ccccc4)CC3)c2cc1OC,1
COc1cc2c(NC3CCN(C(C)C)CC3)nc(N3CCN(C)CC3)nc2cc1OCCC(C)C,1
COc1cc2c(NC3CCC34CCN(C)C4)cc(-c3ccc(C)o3)nc2cc1OCCCN1CCCC1,1
CCCCOc1cc2nc(N3CCN(C)CC3)nc(NC3CCN(Cc4ccccc4)CC3)c2cc1OC,1
COc1cc2c(NC3CCN(C)CC3)cc(C3CCC(C)O3)nc2cc1OCCCN1CCCC1,1
COc1cc2c(NCC3CCN(C(C)C)CC3)cc(-c3ccc(C)o3)nc2cc1OCCCN1CCCC1,1
COc1cc2c(NC3CCN(C)CC3)cc(-c3ccc(C)s3)nc2cc1OCCCN1CCCC1,1
Nc1ncn([C@H]2C[C@H](O)[C@@H](CO)O2)c(=O)n1,0
COc1cc2c(NC3CCN(C)CC3)cc(C3=CCCCC3)nc2cc1OCCCN1CCCC1,1
COc1cc2nc(N3CCN(C)CC3)nc(Nc3ccccc3)c2cc1OC,0
COc1cc2nc(N3CCCCC3)nc(NC3CCN(C(C)C)CC3)c2cc1OC,1
COc1cc2nc(N3CCCCC3)nc(NC3CCN(Cc4ccccc4)C3)c2cc1OC,1
COc1cc2c(NC3CCN(Cc4ccccc4)CC3)nc(N3CCCN(C)CC3)nc2cc1OCCCN(C)C,1
CCCCCCCCOc1cc2nc(N3CCN(C)CC3)nc(NC3CCN(Cc4ccccc4)CC3)c2cc1OC,1
COc1cc2nc(N3CCN(c4ccccn4)CC3)nc(NC3CCN(C(=O)c4ccccc4)CC3)c2cc1OC,0
COc1cc2nc(N3CCN(C)CC3)nc(NC3CCN(Cc4ccccc4)C3)c2cc1OC,1
COc1cc2nc(N3CCN(C)CC3)nc(NC3CCN(Cc4ccccc4F)CC3)c2cc1OC,1
COc1cc2nc(N3CCN(C)CC3)nc(NC3CCN(Cc4cccc(F)c4)CC3)c2cc1OC,1
COc1cc2nc(N3CC(C)CC(C)C3)nc(Nc3ccccc3)c2cc1OC,0
COc1cc2c(NC3CCN(C)CC3)cc(C3CCCCC3)nc2cc1OCCCN1CCCC1,1
CCNCc1ccc(-c2cc(NC3CCN(C)CC3)c3cc(OC)c(OCCCN4CCCC4)cc3n2)o1,1
COc1cc2c(NC3CCN(C)CC3)cc(-c3cc4ccccc4o3)nc2cc1OCCCN1CCCC1,1
COc1cc2c(NC3CCN(C)CC3)cc(-c3ccccc3)nc2cc1OCCCN1CCCC1,1
COc1cc2c(NC3CCN(C)CC3)cc(C3=CCOCC3)nc2cc1OCCCN1CCCC1,1
COc1cc2c(NC3CC3)cc(-c3ccc(C)o3)nc2cc1OCCCN1CCCC1,1
Cc1ccc(-c2cc(NC3CCN(C)CC3)c3cc(Cl)c(OCCCN4CCCC4)cc3n2)o1,1
CCc1ccc(-c2cc(NCC3CCN(C)CC3)c3cc(OC)c(OCCCN4CCCC4)cc3n2)o1,1
COc1cc2nc(N3CCC(C)CC3)nc(NC3CCN(Cc4ccccc4)CC3)c2cc1OC,1
COc1cc2nc(N3CCN(C)CC3)cc(NC3CCN(C)CC3)c2cc1OC,1
COc1cc2nc(N3CCN(C)CC3)nc(NC3CCN(CC4CCCCC4)CC3)c2cc1OC,1
COc1cc2nc(N3CCN(C)CC3)nc(NC3CCCN(Cc4ccccc4)C3)c2cc1OC,1
COc1cc2nc(NCCCN(C)C)nc(NC3CCN(Cc4ccccc4)CC3)c2cc1OC,1
COc1cc2c(NC3CCN(C)CC3)nc(-c3ccc(C)o3)nc2cc1OCCCN1CCCC1,1
CNC(=O)CCNc1cc(-c2ccc(C)o2)nc2cc(OCCCN3CCCC3)c(OC)cc12,1
COc1cc2nc(N3CCCCC3)nc(NC3CCN(Cc4cccc(F)c4)CC3)c2cc1OC,1
COc1cc2nc(N3CCCCC3)nc(NC3CCN(Cc4ccc(F)cc4)CC3)c2cc1OC,1
COc1cc2nc(N3CCN(C)CC3)nc(NC3CCN(Cc4ccc(F)cc4)CC3)c2cc1OC,1
COc1cc2nc(N3CCN(C)CC3)nc(NC3CCN(Cc4ccccc4C)CC3)c2cc1OC,1
COc1cc2nc(N3CCC(c4ccccc4)CC3)nc(NC3CCN(Cc4ccccc4)CC3)c2cc1OC,0
COc1cc2nc(N3CCC(OC)CC3)nc(NC3CCN(Cc4ccccc4)CC3)c2cc1OC,1
Cc1ccc(-c2cc(NC3CCN(C)CC3)c3cc(OC(F)(F)F)c(OCCCN4CCCC4)cc3n2)o1,1
CCc1ccc(-c2cc(NC3CCN(C)CC3)c3cc(OC)c(OCCCN4CCC5(CC5)C4)cc3n2)o1,1
COc1cc2nc(N3CCCCC3)nc(NC3CCN(Cc4cccc(C)c4)CC3)c2cc1OC,1
COc1cc2c(NC3CCN(C)CC3)cc(-c3cccnc3)nc2cc1OCCCN1CCCC1,1
COc1cc2c(NC3CCN(C)CC3)cc(-c3ccc(-c4ccccc4)o3)nc2cc1OCCCN1CCCC1,1
COc1cc2nc(N3CCCCCC3)nc(NC3CCN(Cc4ccccc4)CC3)c2cc1OC,1
COc1cc2c(NC3CCN(C)CC3)cc(-c3ccccc3C)nc2cc1OCCCN1CCCC1,1
COc1cc2c(NC3CCN(C)CC3)cc(C(F)(F)F)nc2cc1OCCCN1CCCC1,1
COc1cc2c(NCC3CCN(C)CC3)cc(-c3ccc(C)o3)nc2cc1OCCCN1CCCC1,1
COc1cc2c(OC3CCN(C)CC3)cc(-c3ccc(C)o3)nc2cc1OCCCN1CCCC1,1
COc1cc2nc(N3CCN(C)CC3)nc(NC3CCN(Cc4cccc(C)c4)CC3)c2cc1OC,1
COc1cc2c(NC3CCN(C)CC3)cc(-c3ccc(C)o3)nc2cc1OC1CC2(C1)CN(C(C)C)C2,1
Cc1ccc(-c2cc(NC3CCN(C)CC3)c3cc(C#N)c(OCCCN4CCCC4)cc3n2)o1,1
COc1cc2c(NC3CC4(CCN(C)C4)C3)cc(-c3ccc(C)o3)nc2cc1OCCCN1CCCC1,1
COc1cc2c(NCCO)cc(-c3ccc(C)o3)nc2cc1OCCCN1CCCC1,1
COc1cc2c(NC3CCN(C)CC3)cc(-c3ccn(C)n3)nc2cc1OCCCN1CCCC1,1
COc1cc2nc(N3CCCCC3)nc(Nc3ccccc3)c2cc1OC,0
COc1cccc(CN2CCC(Nc3nc(N4CCN(C)CC4)nc4cc(OC)c(OC)cc34)CC2)c1,1
CCCCCCOc1cc2nc(NCCCN(C)C)nc(NC3CCN(Cc4ccccc4)CC3)c2cc1OC,1
CCc1ccc(-c2cc(NC3CCN(C)CC3)c3cc(OC)c(OCCCN4CCCCC4)cc3n2)o1,1
Cc1ccc(-c2cc(NC3CCN(C)CC3)c3ccc(OCCCN4CCCC4)cc3n2)o1,1
COc1cc2c(NCC3CCN(C)CC3)cc(-c3ccc(C)o3)nc2cc1OC1CC2(C1)CN(C)C2,1
COc1cc2c(NC3CC4(CCN(C)CC4)C3)cc(-c3ccc(C)o3)nc2cc1OC1CC2(C1)CN(C)C2,1
COc1cc2c(NC3CCC34CCN(C)CC4)cc(-c3ccc(C)o3)nc2cc1OCCCN1CCCC1,1
COc1cc2c(NC3CC4(CCN(C)CC4)C3)cc(-c3ccc(C)o3)nc2cc1OCCCN1CCCC1,1
COc1cc2c(NC(C)(C)C3CCN(C)CC3)cc(-c3ccc(C)o3)nc2cc1OCCCN1CCCC1,1
COc1cc2c(NC3CCN(C)C(=O)C3)cc(-c3ccc(C)o3)nc2cc1OCCCN1CCCC1,1
COc1cc2c(NC3CCCC3)cc(-c3ccc(C)o3)nc2cc1OCCCN1CCCC1,1
COc1cc2c(N(C)C3CCN(C)CC3)cc(-c3ccc(C)o3)nc2cc1OCCCN1CCCC1,1
COc1cc2c(NCC3C4CCC3CN(C)C4)cc(-c3ccc(C)o3)nc2cc1OCCCN1CCCC1,1
COc1cc2c(NC3CCN(C)CC3)cc(-c3ccc(C)o3)nc2cc1OC1CCNCC1,1
COc1cc2c(NC3CCN(C)CC3)cc(-c3ccc(C)o3)nc2cc1OC1CC2(C1)CN(C1CC1)C2,1
COc1cc2c(NCc3ccccc3)cc(-c3ccc(C)o3)nc2cc1OCCCN1CCCC1,1
COc1cc2nc(N3CCCN(C)CC3)nc(NC3CCN(C(C)C)CC3)c2cc1OC,1
COc1cc2nc(N3CCCN(C)CC3)nc(NC3CCN(CC4CCCCC4)CC3)c2cc1OC,1
COc1cc2nc(N3CCN(c4ccccn4)CC3)nc(NC3CCN(Cc4ccccc4)C3)c2cc1OC,1
CCCCOc1cc2nc(N3CCN(C)CC3)nc(NC3CCN(C(C)C)CC3)c2cc1OC,1
COc1cc2c(NC3CCN(Cc4ccccc4)CC3)nc(N3CCN(C)CC3)nc2cc1OCCCN(C)C,1
CCCCCCOc1cc2nc(N3CCN(C)CC3)nc(NC3CCN(Cc4ccccc4)CC3)c2cc1OC,1
Nc1ncnc2c1ncn2[C@@H]1O[C@H](C[C@@H](N)CC2CCC2)[C@@H](O)[C@H]1O,0
COc1cc2nc(N3CCN(C)CC3)nc(NC3CCN(C(C)C)CC3)c2cc1OC,1
COc1cc2nc(N3CCCCC3)nc(NC3CCN(CC4CCCCC4)CC3)c2cc1OC,1
CCc1ccc(-c2cc(NC3CCC34CCN(C)CC4)c3cc(OC)c(OCCCN4CCCC4)cc3n2)o1,1
COc1cc2c(NC3CC4(CCN(C(C)C)CC4)C3)cc(-c3ccc(C)o3)nc2cc1OCCCN1CCCC1,1
COc1cc2c(NC3CCN(C(C)C)CC3)nc(N3CCN(C)CC3)nc2cc1OCCCN1CCCCC1,1
