Cc1cc(C)c(CNC(=O)c2cc(-c3cnn(C)c3)cc(N(C)C3CCNCC3)c2C)c(=O)[nH]1,1
Cc1cc(C)c(CNC(=O)c2cc(-c3cnc(N4CCNCC4)nc3)cc3c2C(C)CN3C2CCOCC2)c(=O)[nH]1,1
CC1(C)CC(NC(=O)c2ccc(Oc3cccc(-c4ccnnc4)c3C#N)c(Cl)c2)CC(C)(C)N1,1
CCN(c1cc(Cl)cc(C(=O)NCc2c(C)cc(C)[nH]c2=O)c1C)[C@H]1CC[C@H](N(C)CC(F)F)CC1,1
CCN(c1cc(C#CC(C)(C)C)cc(C(=O)NCc2c(C)cc(C)[nH]c2=O)c1C)[C@H]1CC[C@H](N(C)C)CC1,1
Nc1ncnc2c1ncn2[C@@H]1OC(CN(CCNCCc2ccc(Cl)cc2)CCC(N)C(=O)O)[C@@H](O)[C@H]1O,1
CCN(CCCOC)c1cccc(C(=O)NCc2c(C)cc(C)[nH]c2=O)c1C,1
Cc1cc(C)c(CNC(=O)c2c(C)n([C@H](C)C3CCN(C)CC3)c3ccccc23)c(=O)[nH]1,1
Cc1cc(C)c(CNC(=O)c2ccc(C(C)c3ccccc3)cc2)c(=O)[nH]1,1
CCS(=O)(=O)N1CCC([C@@H](C)n2c(C)c(C(=O)NCc3c(OC)cc(C)[nH]c3=O)c3ccccc32)CC1,1
CC1(C)CC(NC(=O)c2ccc([S+]([O-])c3ccccc3)cc2)CC(C)(C)N1,0
Cc1cccc(Oc2ccc(C(=O)NC3CC(C)(C)NC(C)(C)C3)cc2)c1,0
C#Cc1ccccc1Oc1ccc(C(=O)NC2CC(C)(C)NC(C)(C)C2)cc1,0
COc1cc(Oc2ccccc2C#N)ccc1C(=O)NC1CC(C)(C)NC(C)(C)C1,0
CC1(C)CC(NC(=O)c2ccc(Oc3ccccc3C#N)c(C3CC3)c2)CC(C)(C)N1,1
CC1(C)CC(NC(=O)c2ccc(Oc3ccccc3C#N)c(Cl)c2)CC(C)(C)N1CCO,1
CC1(C)CC(COc2ccc(Oc3cccc(-c4ccncn4)c3C#N)c(Cl)c2)CC(C)(C)N1,1
CCN(c1cc(-c2ccc(CN3CC(O)C3)cc2)cc(C(=O)NCc2c(C)cc(C)[nH]c2=O)c1C)C1CCOCC1,1
CCN(c1cc(-c2ccc(CN(C)CC3CC3)cc2)cc(C(=O)NCc2c(C)cc(C)[nH]c2=O)c1C)C1CCOCC1,1
CCN(c1cc(-c2ccc(CN3CCOCC3)cc2)cc(C(=O)NCc2c(C)cc(C)[nH]c2=O)c1Cl)C1CCOCC1,1
CC1(C)CC(NC(=O)c2ccc(COc3ccccc3)cc2)CC(C)(C)N1,0
CC1(C)CC(NC(=O)c2ccc(Sc3ccccc3)cc2)CC(C)(C)N1,0
CC1(C)CC(NC(=O)c2ccc(C(O)c3ccccc3)cc2)CC(C)(C)N1,0
Cc1cc(C(=O)NC2CC(C)(C)NC(C)(C)C2)ccc1Oc1ccccc1C#N,1
CC1(C)CC(OC(=O)c2ccc(Oc3cccc(-c4ccnnc4)c3C#N)c(Cl)c2)CC(C)(C)N1,1
CCCc1cc(C)[nH]c(=O)c1CNC(=O)c1cc(-c2ccc(N3CCN(C)CC3)nc2)cc(N(CC)C2CCOCC2)c1C,1
CCN(c1cc(-c2ccc(CN3CCOCC3)cc2)cc(C(=O)NCc2c(C)cc(C)[nH]c2=O)c1C)C1CCOCC1,1
CCN(c1cc(-c2ccc(CN3CCOCC3)cc2)cc(C(=O)NCc2c(C)c(F)c(C)[nH]c2=O)c1C)C1CCOCC1,1
CCN(c1cc(Cl)cc(C(=O)NCc2c(C)cc(C)[nH]c2=O)c1C)[C@H]1CC[C@@H](C(=O)N2CCCC2)CC1,1
CCCc1cc(C)[nH]c(=O)c1CNC(=O)c1cc(-c2ccc(N3CCNCC3)nc2)cc(N(CC)C2CCOCC2)c1C,1
CCN(c1cc(Cl)cc(C(=O)NCc2c(C)cc(C)[nH]c2=O)c1)C1CCOCC1,0
CCN(c1cc(Cl)cc(C(=O)NCc2c(C)cc[nH]c2=O)c1C)C1CCOCC1,1
CCN(c1cc(Cl)cc(C(=O)NC(C)c2c(C)cc(C)[nH]c2=O)c1C)C1CCOCC1,1
CCN(c1cc(Cl)cc(C(=O)NCc2c(C)cc(C)n(C)c2=O)c1C)C1CCOCC1,1
CCN(c1cc(Cl)cc(C(=O)NCc2c(C)cc(C)nc2OC)c1C)C1CCOCC1,0
CCN(c1cc(-c2ccc(N3CCN(C)CC3)nc2)cc(C(=O)NCc2c(C)cc(C)[nH]c2=O)c1C)C1CCOCC1,1
CCN(c1cc(C(F)(F)F)cc(C(=O)NCc2c(C)cc(C)[nH]c2=O)c1C)[C@H]1CC[C@H](N(C)C)CC1,1
CCN(c1cc(Cl)cc(C(=O)NCc2c(C)cc(C)[nH]c2=O)c1C)[C@H]1CC[C@H](N2CCC2)CC1,1
CCN(c1cc(C(C)C)cc(C(=O)NCc2c(C)cc(C)[nH]c2=O)c1C)[C@H]1CC[C@H](N(C)C)CC1,1
CCN(c1cc(-c2cnc(C)cn2)cc(C(=O)NCc2c(C)cc(C)[nH]c2=O)c1C)[C@H]1CC[C@H](N(C)C)CC1,1
Cc1cc(C)c(CNC(=O)c2cc(-c3ccc(N4CCNCC4)nc3)cc3c2C(C)CN3C(C)C)c(=O)[nH]1,1
Cc1cc(C)c(CNC(=O)c2cc(-c3ccc(CN4CCOCC4)cc3)cc3c2CCN3C2CCOCC2)c(=O)[nH]1,1
Cc1cc(C)c(CNC(=O)c2cccc3c2nnn3C(C)C)c(=O)[nH]1,0
Cc1cc(C)c(CNC(=O)c2cc(C#N)cc3c2CCN3C2CCOCC2)c(=O)[nH]1,0
CC1(C)CC(NC(=O)c2ccc(Oc3ccccc3)cc2)CC(C)(C)N1,0
CC1(C)CC(NC(=O)c2ccc(Oc3ccccc3Cl)cc2)CC(C)(C)N1,0
Cc1cccc(Oc2ccc(C(=O)NC3CC(C)(C)NC(C)(C)C3)cc2Cl)c1C#N,1
CC1(C)CC(NC(=O)c2ccc(Oc3cccc(-c4cn[nH]c4)c3C#N)c(Cl)c2)CC(C)(C)N1,1
CC1(C)CC(NC(=O)c2ccc(Cc3ccccc3)cc2)CC(C)(C)N1,0
Cc1cc(C)c(CNC(=O)c2ccn(C(C)c3ccccc3)c(=O)c2)c(=O)[nH]1,1
CC1(C)CC(NC(=O)c2ccc(Oc3ccccc3C#N)cc2Cl)CC(C)(C)N1,0
CC1CC(NC(=O)c2ccc(Oc3cccc(-c4ccnnc4)c3C#N)c(Cl)c2)CC(C)(C)N1,1
COc1ccc2nc(Nc3nc(O)cc(CSc4nnnn4-c4ccccc4)n3)nc(C)c2c1,0
CC[C@H](C)n1cc(C)c2c(C(=O)NCc3c(C)cc(C)[nH]c3=O)cc(-c3ccc(N4CCNCC4)nc3)cc21,1
CC1(C)CC(NC(=O)c2ccc(C3(c4ccccc4)CC3)cc2)CC(C)(C)N1,0
Cc1ccccc1Oc1ccc(C(=O)NC2CC(C)(C)NC(C)(C)C2)cc1,0
CC1(C)CC(NC(=O)c2cc(F)c(Oc3ccccc3C#N)c(Br)c2)CC(C)(C)N1,1
CC1(C)CC(NC(=O)c2ccc(Oc3cccc(-c4ccncc4)c3C#N)c(Cl)c2)CC(C)(C)N1,1
Cc1cc(C)c(CNC(=O)c2cc(Br)cc(N(C)C3CCOCC3)c2C)c(=O)[nH]1,1
CCN(c1cc(Cl)cc(C(=O)NCc2c(C(F)(F)F)cc(C)[nH]c2=O)c1C)C1CCOCC1,1
Cc1cc(C)c(CNC(=O)c2cc(-c3cnc(N4CCNCC4)c4ccccc34)cc3c2C(C)CN3C2CCOCC2)c(=O)[nH]1,1
CCCN(c1cc(-c2ccc(CN3CCOCC3)cc2)cc(C(=O)NCc2c(C)cc(C)[nH]c2=O)c1C)C1CCOCC1,1
Cc1cc(C)c(CNC(=O)c2cc(-c3ccc(CN4CCOCC4)cc3)cc(N(CC3CCC3)C3CCOCC3)c2C)c(=O)[nH]1,1
CCN(CC)Cc1ccc(-c2cc(C(=O)NCc3c(C)cc(C)[nH]c3=O)c(C)c(N(CC)C3CCOCC3)c2)cc1,1
CCN(c1cc(-c2ccsc2)cc(C(=O)NCc2c(C)cc(C)[nH]c2=O)c1C)[C@H]1CC[C@H](N(C)C)CC1,1
Cc1cc(C)c(CNC(=O)c2cc(-c3ccc(N4CCN(C)CC4)nc3)cc3c2c(C)cn3C(C)C)c(=O)[nH]1,1
CCc1c(C(=O)NCc2c(C)cc(C)[nH]c2=O)cc(Cl)cc1N(CC)[C@H]1CC[C@H](N(C)C)CC1,1
CCN(c1cc(Cl)cc(C(=O)NCc2c(C)cc(C)[nH]c2=O)c1C)[C@H]1CC[C@H](N(C)C2COC2)CC1,1
CCN(c1cc(Cl)cc(C(=O)NCc2c(C)cc(C)[nH]c2=O)c1C)C1CCC(C(C)(C)C)CC1,1
C#Cc1cc(C(=O)NCc2c(C)cc(C)[nH]c2=O)c(C)c(N(CC)[C@H]2CC[C@H](N(C)C)CC2)c1,1
CCN(c1cc(-c2ccc(N3CCNCC3)nc2)cc(C(=O)NCc2c(C)cc(C)[nH]c2=O)c1C)C1CCOCC1,1
CCN(c1cc(Br)c(C)c(C(=O)NCc2c(C)cc(C)[nH]c2=O)c1C)[C@H]1CC[C@H](N(C)C)CC1,1
CCN(c1cc(Cl)cc(C(=O)NCc2c(C)cc(C)[nH]c2=O)c1C)C1CCC(C(C)C)CC1,1
CCc1cc(C)c(CNC(=O)c2cc(Cl)cc(N(CC)C3CCOCC3)c2C)c(=O)[nH]1,1
CCOC(=O)[C@H]1CC[C@H](N(CC)c2cc(Cl)cc(C(=O)NCc3c(C)cc(C)[nH]c3=O)c2C)CC1,1
CCN(c1cc(-c2c(C)noc2C)cc(C(=O)NCc2c(C)cc(C)[nH]c2=O)c1C)[C@H]1CC[C@H](N(C)C)CC1,1
CCS(=O)(=O)N1CCC([C@@H](C)n2c(C)c(C(=O)NCc3c(C)cc(C)[nH]c3=O)c3ccccc32)CC1,1
Cc1cc(C)c(CNC(=O)c2c(C)n([C@H](C)C3CCOCC3)c3ccccc23)c(=O)[nH]1,1
Cc1cc(C)c(CNC(=O)c2c(C)n(C(C)c3cnn(C)c3)c3ccccc23)c(=O)[nH]1,1
CCN(c1cc(C#CC2CC2)cc(C(=O)NCc2c(C)cc(C)[nH]c2=O)c1C)[C@H]1CC[C@H](N(C)C)CC1,1
CCN(c1cc(C#CC(C)(C)O)cc(C(=O)NCc2c(C)cc(C)[nH]c2=O)c1C)[C@H]1CC[C@H](N(C)C)CC1,1
CCN(c1cc(Cl)cc(C(=O)NCc2c(C)cc(C)[nH]c2=O)c1C)C1CCN(C(C)C)CC1,1
CCN(c1cc(-c2cnc(C)nc2)cc(C(=O)NCc2c(C)cc(C)[nH]c2=O)c1C)[C@H]1CC[C@H](N(C)C)CC1,1
CCN(c1cc(-c2ccc(CN3CC[C@@H](F)C3)cc2)cc(C(=O)NCc2c(C)cc(C)[nH]c2=O)c1C)C1CCOCC1,1
CCN(c1cc(-c2cnn(C)c2)cc(C(=O)NCc2c(C)cc(C)[nH]c2=O)c1C)[C@H]1CC[C@H](N(C)C)CC1,1
CCN(c1cc(-c2ccc(C(F)(F)F)cc2)cc(C(=O)NCc2c(C)cc(C)[nH]c2=O)c1C)[C@H]1CC[C@H](N(C)C)CC1,1
Cc1cc(C)c(CNC(=O)c2cc(-c3cnn(CCN4CCOCC4)c3)cc(N(C)[C@H]3CC[C@@H](N)CC3)c2C)c(=O)[nH]1,1
CCN(c1cc(-c2ccc(CN3CCOCC3)nc2)cc(C(=O)NCc2c(C)cc(C)[nH]c2=O)c1C)C1CCOCC1,1
CCN(c1cc(-c2ccc(CN3CCN(C)CC3)cc2)cc(C(=O)NCc2c(C)cc(C)[nH]c2=O)c1C)C1CCOCC1,1
CCN(c1cc(-c2ccc(CN3CC[C@@H](O)C3)cc2)cc(C(=O)NCc2c(C)cc(C)[nH]c2=O)c1C)C1CCOCC1,1
CCN(c1cc(-c2ccc(CN3CCC[C@@H](O)C3)cc2)cc(C(=O)NCc2c(C)cc(C)[nH]c2=O)c1C)C1CCOCC1,1
CCCc1cc(C)[nH]c(=O)c1CNC(=O)c1cc(-c2ccc(N3CCC(N(C)C)CC3)nc2)cc(N(CC)C2CCOCC2)c1C,1
CCN(c1cc(-c2cnc(N)nc2)cc(C(=O)NCc2c(C)cc(C)[nH]c2=O)c1C)[C@H]1CC[C@H](N(C)C)CC1,1
Cc1cc(C)c(CNC(=O)c2cc(-c3ccc(CN(C)C)cc3)cc(N(C)C3CCOCC3)c2C)c(=O)[nH]1,1
CC(=O)N[C@H]1CC[C@H](N(C)c2cc(-c3cnn(C)c3)cc(C(=O)NCc3c(C)cc(C)[nH]c3=O)c2C)CC1,1
Cc1cc(C)c(CNC(=O)c2cc(-c3ccc(CN4CCOCC4)nc3)cc(N(C)[C@H]3CC[C@@H](N)CC3)c2C)c(=O)[nH]1,1
CC(=O)N[C@H]1CC[C@H](N(C)c2cc(-c3ccc(CN4CCOCC4)nc3)cc(C(=O)NCc3c(C)cc(C)[nH]c3=O)c2C)CC1,1
CCN(c1cc(-c2ccc(CN3C[C@@H]4C[C@H]3CO4)cc2)cc(C(=O)NCc2c(C)cc(C)[nH]c2=O)c1C)C1CCOCC1,1
CCN(c1cc(-c2ccc(CN3CCC(F)CC3)cc2)cc(C(=O)NCc2c(C)cc(C)[nH]c2=O)c1C)C1CCOCC1,1
CCN(c1cc(-c2ccc(CN3CC(F)C3)cc2)cc(C(=O)NCc2c(C)cc(C)[nH]c2=O)c1C)C1CCOCC1,1
CCN(c1cc(-c2ccc(CN3CCCN(C)CC3)cc2)cc(C(=O)NCc2c(C)cc(C)[nH]c2=O)c1C)C1CCOCC1,1
CCN(c1cc(-c2cn(C)nc2C)cc(C(=O)NCc2c(C)cc(C)[nH]c2=O)c1C)[C@H]1CC[C@H](N(C)C)CC1,1
Cc1cc(C)c(CNC(=O)c2cc(-c3ccc(N4CCNCC4)nc3)cc3c2C(C)CN3C2CCCC2)c(=O)[nH]1,1
CCCc1cc(C)[nH]c(=O)c1CNC(=O)c1cc(-c2ccc(N3CCN(C(C)C)CC3)nc2)cc2c1cnn2C(C)C,1
Cc1cc(C)c(CNC(=O)c2cc(-c3ccc(CN4CCOCC4)cc3)nc3c2cnn3C(C)C)c(=O)[nH]1,1
Cc1cc(C)c(CNC(=O)c2ccc3cnn(C(C)C)c3c2)c(=O)[nH]1,0
CCN(c1cc(Cl)cc(C(=O)NCc2c(C)cc(C)[nH]c2=O)c1C)C1CCOCC1,1
Cc1cc(C)c(CNC(=O)c2cc(Br)cc(N(C)C3CCNCC3)c2C)c(=O)[nH]1,1
Cc1cc(C)c(CNC(=O)c2cc(-c3ccc(CN(C)C)nc3)cc(N(C)C3CCNCC3)c2C)c(=O)[nH]1,1
Cc1cc(C)c(CNC(=O)c2cc(-c3ccc(N4CCNCC4)nc3)nc3c2cnn3C(C)C)c(=O)[nH]1,1
Cc1cc(C)c(CNC(=O)c2ccc3cnn(C4CCCC4)c3c2C)c(=O)[nH]1,1
Cc1cc(C)c(CNC(=O)c2cc(-c3ccc4c(c3)OCCO4)nc3c2cnn3C(C)C)c(=O)[nH]1,1
Cc1cc(C)c(CNC(=O)c2cc(-c3ccc(CN4CCOCC4)cc3)cc3c2C(C)CN3C(C)C)c(=O)[nH]1,1
Cc1cc(C)c(CNC(=O)c2cc(Br)nc3c2cnn3C2CCN(C(=O)N(C)C)CC2)c(=O)[nH]1,1
CCN(c1cc(Cl)cc(C(=O)NCc2c(CN(C)C)cc(C)[nH]c2=O)c1C)C1CCOCC1,1
Cc1cc(C)c(CNC(=O)c2cc(-c3ccc(CN(C)C)cc3)cc(N(C)C3CCCC3)c2C)c(=O)[nH]1,1
Cc1cc(C)c(CNC(=O)c2cc(-c3ccc(CO)nc3)cc(N(C)C3CCOCC3)c2C)c(=O)[nH]1,1
Cc1cc(C)c(CNC(=O)c2cc(-c3ccc(CN(C)C)nc3)cc(N(C)[C@H]3CC[C@H](N)CC3)c2C)c(=O)[nH]1,1
CCN(c1cc(-c2ccc(CN3CCCC3)cc2)cc(C(=O)NCc2c(C)cc(C)[nH]c2=O)c1C)C1CCOCC1,1
CCN(c1cc(-c2ccc(CN3CCCNCC3)cc2)cc(C(=O)NCc2c(C)cc(C)[nH]c2=O)c1C)C1CCOCC1,1
CCN(c1cc(-c2ccc(CN)cc2)cc(C(=O)NCc2c(C)cc(C)[nH]c2=O)c1C)C1CCOCC1,1
CCN(c1cc(-c2ccc(CNCCCN)cc2)cc(C(=O)NCc2c(C)cc(C)[nH]c2=O)c1C)C1CCOCC1,1
CCN(c1cc(-c2ccc(CO)cc2)cc(C(=O)NCc2c(C)cc(C)[nH]c2=O)c1C)C1CCOCC1,1
CCN(c1cc(-c2ccc(-c3nn[nH]n3)cc2)cc(C(=O)NCc2c(C)cc(C)[nH]c2=O)c1C)[C@H]1CC[C@H](N(C)C)CC1,1
CCN(c1cc(-c2cn(C)cn2)cc(C(=O)NCc2c(C)cc(C)[nH]c2=O)c1C)[C@H]1CC[C@H](N(C)C)CC1,1
CCN(c1cc(-c2ccc(N3CCN(C)CC3)nc2)cc(C(=O)NCc2c(C(C)C)cc(C)[nH]c2=O)c1C)C1CCOCC1,1
CCCc1cc(C)[nH]c(=O)c1CNC(=O)c1cc(-c2ccc(CN3CCOCC3)nc2)cc(N(CC)C2CCOCC2)c1C,1
Cc1cc(C)c(CNC(=O)c2cc(-c3ccc(N4CCNCC4)nc3)cc3c2c(C)cn3C(C)C)c(=O)[nH]1,1
CCN(c1cc(-c2nccn2C)cc(C(=O)NCc2c(C)cc(C)[nH]c2=O)c1C)[C@H]1CC[C@H](N(C)C)CC1,1
CCN(c1cc(-c2cscn2)cc(C(=O)NCc2c(C)cc(C)[nH]c2=O)c1C)[C@H]1CC[C@H](N(C)C)CC1,1
CCN(c1cc(Cl)cc(C(=O)NCc2c(C)cc(C)[nH]c2=O)c1C)[C@H]1CC[C@H](N(C)C2CCC2)CC1,1
CCN(c1cc(Cl)cc(C(=O)NCc2c(C)cc(C)[nH]c2=O)c1C)[C@H]1CC[C@H](C(=O)O)CC1,1
Cc1cc(C)c(CNC(=O)c2cc(Br)nc3c2cnn3C(C)C)c(=O)[nH]1,1
Cc1cc(C)c(CNC(=O)c2cc(Br)nc3c2cnn3C2CCCC2)c(=O)[nH]1,1
Cc1cc(C)c(CNC(=O)c2cc(Br)cc(N(C)C3CCCC3)c2)c(=O)[nH]1,1
Cc1cc(C)c(CNC(=O)c2cc(C3=CC(C)(C)NC(C)(C)C3)nc3c2cnn3C)c(=O)[nH]1,0
Cc1cc(C)c(CNC(=O)c2cc(-c3ccc(CN(C)C)cc3)cc(N(C)C3CCCCC3)c2C)c(=O)[nH]1,1
CCN(c1cc(-c2ccc(C[N+]3([O-])CCOCC3)cc2)cc(C(=O)NCc2c(C)cc(C)[nH]c2=O)c1C)C1CCOCC1,1
CCN(c1cc(-c2ccc(N3CCC(N(C)C)CC3)nc2)cc(C(=O)NCc2c(C(C)C)cc(C)[nH]c2=O)c1C)C1CCOCC1,1
Cc1cc(C)c(CNC(=O)c2cc(C3=CC(C)(C)NC(C)(C)C3)nc3c2cnn3C(C)C)c(=O)[nH]1,1
Cc1ccc(Oc2ccc(C(=O)NC3CC(C)(C)NC(C)(C)C3)cc2)cc1,0
CC1(C)CC(NC(=O)c2ccc(Oc3ccccc3C#N)c(Cl)c2)CC(C)(C)N1,1
CN(c1ccccc1)c1ccc(C(=O)NC2CC(C)(C)NC(C)(C)C2)cc1,0
CC1(C)CC(NC(=O)c2ccc(Oc3ccccc3OCc3ccccc3)cc2)CC(C)(C)N1,1
CC1(C)CC(NC(=O)c2ccc(Oc3ccccc3C#N)cc2)CC(C)(C)N1,1
CC1CC(NC(=O)c2ccc(Oc3cccc(-c4ccnnc4)c3C#N)c(Cl)c2)CC(C)N1,1
Cc1cc(C)c(CNC(=O)c2cc(C#N)cc3c2CCN3C2CCCC2)c(=O)[nH]1,1
CC1(C)CC(NC(=O)c2ccc(C(=O)c3ccccc3)cc2)CC(C)(C)N1,0
CCN(c1cc(Cl)cc(C(=O)NCc2c(CO)cc(C)[nH]c2=O)c1C)C1CCOCC1,1
Cc1cc(C)c(CNC(=O)c2cc(-c3ccc(N4CCNCC4)nc3)cc3c2C(C)CN3C2CCOCC2)c(=O)[nH]1,1
Cc1cc(C)c(CNC(=O)c2cc(-c3ccc(CN4CCOCC4)cc3)cc3c2C(C)CN3C2CCCC2)c(=O)[nH]1,1
Cc1cc(C)c(CNC(=O)c2cc(C3=CC(C)(C)NC(C)(C)C3)cc(N(C)C3CCCC3)c2C)c(=O)[nH]1,1
CCN(c1cc(-c2cnccn2)cc(C(=O)NCc2c(C)cc(C)[nH]c2=O)c1C)[C@H]1CC[C@H](N(C)C)CC1,1
CCCc1cc(C)[nH]c(=O)c1CNC(=O)c1cc(-c2ccc(CN3CCOCC3)cc2)cc(N(CC)C2CCOCC2)c1C,1
CCN(c1cc(-c2cccs2)cc(C(=O)NCc2c(C)cc(C)[nH]c2=O)c1C)[C@H]1CC[C@H](N(C)C)CC1,1
Cc1cc(C)c(CNC(=O)c2cc(-c3ccc(CN(C)C)nc3)cc(N(C)C3CCCC3)c2C)c(=O)[nH]1,1
Cc1cc(C)c(CNC(=O)c2cc(-c3ccc(CN4CCOCC4)cc3)cc(N(C)[C@H]3CC[C@@H](N)CC3)c2C)c(=O)[nH]1,1
Cc1cc(C)c(CNC(=O)c2cc(-c3ccc(CN(C)C)cc3)cc(N(C)C3CCNCC3)c2C)c(=O)[nH]1,1
Cc1cc(C)c(CNC(=O)c2cc(-c3cnn(C)c3)cc(N(C)[C@H]3CC[C@H](N)CC3)c2C)c(=O)[nH]1,1
CCN(c1cc(-c2ccc(CN3CCC3)cc2)cc(C(=O)NCc2c(C)cc(C)[nH]c2=O)c1C)C1CCOCC1,1
CCN(c1cc(Cl)cc(C(=O)NCc2c(C)cc(C)[nH]c2=O)c1C)C1CCC(C)(C)CC1,1
CCN(c1cc(-c2ccc(C)nc2)cc(C(=O)NCc2c(C)cc(C)[nH]c2=O)c1C)[C@H]1CC[C@H](N(C)C)CC1,1
CCCc1cc(C)[nH]c(=O)c1CNC(=O)c1cc(-c2ccc(N3CCN(C4CCN(C)CC4)CC3)nc2)cc(N(CC)C2CCOCC2)c1C,1
Cc1cc(C)c(CNC(=O)c2cc(-c3ccc(CN4CCOCC4)cc3)cc(N(C)C3CCCCC3)c2C)c(=O)[nH]1,1
CCN(c1cc(-c2ccc(S(C)(=O)=O)cc2)cc(C(=O)NCc2c(C)cc(C)[nH]c2=O)c1C)[C@H]1CC[C@H](N(C)C)CC1,1
CCN(c1cc(-c2ccncc2)cc(C(=O)NCc2c(C)cc(C)[nH]c2=O)c1C)[C@H]1CC[C@H](N(C)C)CC1,1
Cc1cc(C)c(CNC(=O)c2cc(-c3cnn(C)c3)cc(N(C)C3CCOCC3)c2C)c(=O)[nH]1,1
Cc1cc(C)c(CNC(=O)c2cc(-c3cnn(C)c3)cc(N(C)C3CCCCC3)c2C)c(=O)[nH]1,1
Cc1cc(C)c(CNC(=O)c2cc(-c3ccc(CN(C)C)cc3)cc(N(C)[C@H]3CC[C@@H](N)CC3)c2C)c(=O)[nH]1,1
CCN(c1cc(-c2cnn(C)c2C)cc(C(=O)NCc2c(C)cc(C)[nH]c2=O)c1C)[C@H]1CC[C@H](N(C)C)CC1,1
CCN(c1cc(-c2cccnc2)cc(C(=O)NCc2c(C)cc(C)[nH]c2=O)c1C)[C@H]1CC[C@H](N(C)C)CC1,1
CCN(c1cc(Cl)cc(C(=O)NCc2c(C)cc(C)n(C)c2=O)c1C)[C@H]1CC[C@H](N(C)C)CC1,1
CCN(c1cc(C(=O)N2CCC2)cc(C(=O)NCc2c(C)cc(C)[nH]c2=O)c1C)[C@H]1CC[C@H](N(C)C)CC1,1
CCCc1cc(C)[nH]c(=O)c1CNC(=O)c1c(C)n([C@H](C)C2CCN(S(=O)(=O)CC)CC2)c2ccccc12,1
CCC(C)n1c(C)c(C(=O)NCc2c(C)cc(C)nc2O)c2ccccc21,1
Cc1cc(C)c(CNC(=O)c2c(C)n(C(C)c3ccccc3)c3ccccc23)c(=O)[nH]1,1
CCN(c1cc(-c2ccc(C(=O)NCCCO)cc2)cc(C(=O)NCc2c(C)cc(C)[nH]c2=O)c1C)[C@H]1CC[C@H](N(C)C)CC1,1
Cc1cc(C)c(CNC(=O)c2cc(-c3cnn(CCN4CCOCC4)c3)cc(N(C)C3CCNCC3)c2C)c(=O)[nH]1,1
CCN(c1cc(-c2ccc(CN(C)C)cc2)cc(C(=O)NCc2c(C)cc(C)[nH]c2=O)c1C)C1CCOCC1,1
CCN(c1cc(-c2ccc(CN3CCOCC3)cc2)cc(C(=O)NCc2c(C)cc(C)[nH]c2=O)c1C)C1CCCC1,1
COCCN(c1cc(-c2ccc(CN3CCOCC3)cc2)cc(C(=O)NCc2c(C)cc(C)[nH]c2=O)c1C)C1CCOCC1,1
Cc1cc(C)c(CNC(=O)c2cc(-c3ccc(CN4CCOCC4)nc3)cc(N(C)C3CCNCC3)c2C)c(=O)[nH]1,1
CCN(c1cc(-c2ccc(CN(CCO)CCO)cc2)cc(C(=O)NCc2c(C)cc(C)[nH]c2=O)c1C)C1CCOCC1,1
CCN(c1cc(-c2ccc(N3CCN(C)CC3)nc2)cc(C(=O)NCc2c(C)cc(C)[nH]c2=O)c1C)[C@H]1CC[C@H](N(C)C)CC1,1
CCN(c1cc(-c2ccc(CN3CCOCC3)nc2)cc(C(=O)NCc2c(C(C)C)cc(C)[nH]c2=O)c1C)C1CCOCC1,1
Cc1cc(C)c(CNC(=O)c2cc(-c3cnn(CCN4CCOCC4)c3)cc(N(C)C3CCOCC3)c2C)c(=O)[nH]1,1
CCN(c1cc(-c2ccc(CN3CCC(O)CC3)cc2)cc(C(=O)NCc2c(C)cc(C)[nH]c2=O)c1C)C1CCOCC1,1
CCNCc1ccc(-c2cc(C(=O)NCc3c(C)cc(C)[nH]c3=O)c(C)c(N(CC)C3CCOCC3)c2)cc1,1
CCN(c1cc(Br)cc(C(=O)NCc2c(C)cc(C)[nH]c2=O)c1Cl)[C@H]1CC[C@H](N(C)C)CC1,1
CCN(c1cc(Cl)cc(C(=O)N(C)Cc2c(C)cc(C)[nH]c2=O)c1C)[C@H]1CC[C@H](N(C)C)CC1,1
CCN(c1cc(S(=O)(=O)CC)cc(C(=O)NCc2c(C)cc(C)[nH]c2=O)c1C)[C@H]1CC[C@H](N(C)C)CC1,1
CCN(c1cc(-c2ccc(C[N+]3([O-])CCOCC3)cc2)cc(C(=O)NCc2c(C)cc(C)[nH]c2=O)c1C)C1CC[S+]([O-])CC1,1
CNc1cc(C(=O)NCc2c(C)cc(C)[nH]c2=O)c2cnn(C(C)C)c2n1,1
CC(=O)N[C@H]1CC[C@H](N(C)c2cc(-c3ccc(CN4CCOCC4)cc3)cc(C(=O)NCc3c(C)cc(C)[nH]c3=O)c2C)CC1,1
CCN(c1cc(OC)cc(C(=O)NCc2c(C)cc(C)[nH]c2=O)c1C)[C@H]1CC[C@H](N(C)C)CC1,1
CCN(c1cc(Cl)cc(C(=O)NCc2c(C)cc(C)[nH]c2=O)c1C)C1CN(C)C1,1
Cc1cc(C)c(CNC(=O)c2cn(C(C)c3ccccc3)nc2C)c(=O)[nH]1,1
CCN(c1cc(-c2ccc(CN3CCCN(C)CC3)cc2)cc(C(=O)NCc2c(C)cc(C)[nH]c2=O)c1C)[C@H]1CC[C@H](N(C)C)CC1,1
CCN(c1cc(-c2ccc(CN3CC4(COC4)C3)cc2)cc(C(=O)NCc2c(C)cc(C)[nH]c2=O)c1C)C1CCOCC1,1
CCN(c1cc(-c2cccc3cccnc23)cc(C(=O)NCc2c(C)cc(C)[nH]c2=O)c1C)[C@H]1CC[C@H](N(C)C)CC1,1
COC[C@@H](C)n1c(C)c(C(=O)NCc2c(C)cc(C)nc2O)c2ccccc21,1
Cc1cc(C)c(CNC(=O)c2c(C)n(C(C)C)c3ccccc23)c(O)n1,1
Cc1cc(C)c(CNC(=O)c2c(C)n(C(C)c3ccccn3)c3ccccc23)c(=O)[nH]1,1
CCS(=O)(=O)N1CCC([C@@H](C)n2c(C)c(C(=O)NCc3c(OCC(F)(F)F)cc(C)[nH]c3=O)c3ccccc32)CC1,1
CCc1cc(C)[nH]c(=O)c1CNC(=O)c1cc(Cl)cc(N(CC)C2CCOCC2)c1C,1
CCN(c1cc(-c2ccc(C(=O)N3CCC3)cc2)cc(C(=O)NCc2c(C)cc(C)[nH]c2=O)c1C)[C@H]1CC[C@H](N(C)C)CC1,1
CC1(C)CC(NC(=O)c2ccc(Oc3ccccc3C#N)c(C#N)c2)CC(C)(C)N1,1
CC1(C)CC(NC(=O)c2ccc(Oc3ccccc3C#N)c(Br)c2)CC(C)(C)N1,1
CCN(c1cc(Cl)cc(C(=O)NCc2c(C)cc(C)[nH]c2=O)c1C)C1CCC(CO)CC1,1
CCCc1cc(C)[nH]c(=O)c1CNC(=O)c1cc(Cl)cc(N(CC)C2CCN(C)CC2)c1C,1
COc1cc(C)[nH]c(=O)c1CNC(=O)c1c(C)n([C@H](C)C2CCOCC2)c2ccccc12,1
CCCCN(c1cc(-c2ccc(CN3CCOCC3)cc2)cc(C(=O)NCc2c(C)cc(C)[nH]c2=O)c1C)C1CCOCC1,1
CCN(c1cc(-c2ccccc2)cc(C(=O)NCc2c(C)cc(C)[nH]c2=O)c1C)[C@H]1CC[C@H](N(C)C)CC1,1
COc1ccccc1Oc1ccc(C(=O)NC2CC(C)(C)NC(C)(C)C2)cc1,0
CC1(C)CC(NC(=O)c2ccc(Oc3cccc(Cl)c3C#N)c(Cl)c2)CC(C)(C)N1,1
CC1(C)CC(NC(=O)c2ccc(Oc3cccc(-c4ccncn4)c3C#N)c(Cl)c2)CC(C)(C)N1,1
CC1(C)CC(NC(=O)c2ccc(Oc3ccccc3C#N)c(F)c2)CC(C)(C)N1,1
Cc1cc(C(=O)NC2CC(C)(C)NC(C)(C)C2)cc(C)c1Oc1ccccc1C#N,0
CC1(C)CC(NC(=O)c2ccc(Oc3ccccc3C#N)c(Cl)c2)C(F)(F)C(C)(C)N1,0
CC1(C)CC(NC(=O)c2ccc(Oc3ccccc3C(C)(C)C)cc2)CC(C)(C)N1,1
Cc1cc(C)c(CNC(=O)c2ccnc3c2cnn3C(C)C)c(=O)[nH]1,1
CC1(C)CC(NC(=O)c2ccc(Oc3ccccc3C#N)c3ccccc23)CC(C)(C)N1,1
CC1(C)CC(NC(=O)c2ccc(Oc3cccc(-c4ccnnc4)c3C#N)c(Cl)c2)CC(C)(C)O1,1
CC1(C)CC(NC(=O)c2ccc(S(=O)(=O)c3ccccc3)cc2)CC(C)(C)N1,0
CC1(C)CC(NC(=O)c2ccc(Oc3ccccc3C#N)cc2F)CC(C)(C)N1,0
CCN(c1cc(Br)cc(C(=O)NCc2c(C)cc(C)[nH]c2=O)c1C)C1CCOCC1,1
CCN(c1ccc(Cl)c(C(=O)N(C)Cc2c(C)cc(C)[nH]c2=O)c1C)C1CCOCC1,1
Cc1cc(C)c(CNC(=O)c2cc(C3CC(C)(C)NC(C)(C)C3)nc3c2cnn3C(C)C)c(=O)[nH]1,1
Cc1cc(C)c(CNC(=O)c2cc(N3CCNCC3)nc3c2cnn3C(C)C)c(=O)[nH]1,1
COc1cc(C(=O)NCc2c(C)cc(C)[nH]c2=O)c2cnn(C(C)C)c2n1,1
Cc1cc(C)c(CNC(=O)c2cc(Br)cc(N(C)C3CCCC3)c2C)c(=O)[nH]1,1
Cc1cc(C)c(CNC(=O)c2cc(-c3ccc(CN4CCOCC4)cc3)cc(N(CC3CC3)C3CCOCC3)c2C)c(=O)[nH]1,1
Cc1cc(C)c(CNC(=O)c2cc(-c3ccc(CN4CCOCC4)cc3)cc(N(CC(C)C)C3CCOCC3)c2C)c(=O)[nH]1,1
CCN(c1cc(-c2ccc(CNCC(F)(F)F)cc2)cc(C(=O)NCc2c(C)cc(C)[nH]c2=O)c1C)C1CCOCC1,1
Cc1cc(C)c(CNC(=O)c2cc(-c3ccc(CN4CCOCC4)cc3)cc3c2C(C)CN3C2CCOCC2)c(=O)[nH]1,1
Cc1cc(C)c(CNC(=O)c2cc(C(C)C)nc3c2cnn3C(C)C)c(=O)[nH]1,1
Cc1cc(C)c(CNC(=O)c2cc(C)n(C3CCCCC3)c2C)c(=O)[nH]1,1
CCN(c1cc(-c2ccc(CN3CCNCC3)cc2)cc(C(=O)NCc2c(C)cc(C)[nH]c2=O)c1C)C1CCOCC1,1
CC1(C)CC(NC(=O)c2ccc(OCc3ccccc3)cc2)CC(C)(C)N1,0
Cc1cc(C)c(CNC(=O)c2cccc3c2ccn3C(C)C)c(=O)[nH]1,1
Cc1cc(C)c(CNC(=O)c2cc(Br)nc3c2cnn3C2CCN(C(=O)OC(C)(C)C)CC2)c(=O)[nH]1,1
CCN(c1cc(Cl)cc(C(=O)NCc2ccc(C)[nH]c2=O)c1C)C1CCOCC1,1
Cc1cc(C)c(CNC(=O)c2cc(-c3ccc(CN4CCOCC4)nc3)cc(N(C)C3CCCC3)c2C)c(=O)[nH]1,1
CCN(c1cc(-c2ccc(CN3CCC(F)(F)CC3)cc2)cc(C(=O)NCc2c(C)cc(C)[nH]c2=O)c1C)C1CCOCC1,1
CCN(c1cc(-c2ccc(CN3CCCC(F)C3)cc2)cc(C(=O)NCc2c(C)cc(C)[nH]c2=O)c1C)C1CCOCC1,1
CCN(c1cc(-c2cncnc2)cc(C(=O)NCc2c(C)cc(C)[nH]c2=O)c1C)[C@H]1CC[C@H](N(C)C)CC1,1
COc1cc(C)[nH]c(=O)c1CN1CCc2c(Cl)cc([C@H](OC)C3COC3)c(Cl)c2C1=O,1
CCN(c1cc(-c2ccc(CNCC3CC3)cc2)cc(C(=O)NCc2c(C)cc(C)[nH]c2=O)c1C)C1CCOCC1,1
CCN(c1cncc(C(=O)NCc2c(C)cc(C)[nH]c2=O)c1C)[C@H]1CC[C@H](N(C)C)CC1,1
Cc1cc(C)c(CNC(=O)c2cccc3c2ncn3C(C)C)c(=O)[nH]1,0
Cc1cc(C)c(CNC(=O)c2ccc(Oc3ccccc3)cc2)c(=O)[nH]1,1
Cc1cc(C)c(CNC(=O)c2ccc(Oc3cccc(-c4ccncn4)c3C#N)c(Cl)c2)c(=O)[nH]1,1
COc1cc(C(=O)NCc2c(C)cc(C)[nH]c2=O)cc2c1OCCO2,0
CCCc1cc(C)[nH]c(=O)c1CNC(=O)c1cc(Cl)cc(N(CC)[C@H]2CC[C@H](N(C)C)CC2)c1C,1
CC1(C)CC(NC(=O)c2ccc(Nc3ccccc3)cc2)CC(C)(C)N1,0
CC(c1ccccc1)c1ccc(C(=O)NC2CC(C)(C)NC(C)(C)C2)cc1,0
Cc1cc(C)c(CNC(=O)c2ccc3c(cnn3C(C)C)c2)c(=O)[nH]1,0
Cc1cc(C)c(CNC(=O)c2cc(Br)nc3c2cnn3C2CCN(C(=O)C(C)(C)C)CC2)c(=O)[nH]1,1
Cc1cc(C)c(CNC(=O)c2cc(Br)nc3c2cnn3C2CCNCC2)c(=O)[nH]1,1
Cc1cc(C)c(CNC(=O)c2cc(Br)nc3c2cnn3C2CCOCC2)c(=O)[nH]1,1
Cc1cc(C)c(CNC(=O)c2cc(Cl)cc(N(C)C)c2C)c(=O)[nH]1,1
CCN(c1cc(Cl)cc(C(=O)NCc2ccc[nH]c2=O)c1C)C1CCOCC1,1
CCN(c1cc(OC2CN(C)C2)cc(C(=O)NCc2c(C)cc(C)[nH]c2=O)c1C)C1CCC(N(C)C)CC1,1
Cc1cc(C)c(CNC(=O)c2cc(-c3ccc(CN4CCOCC4)cc3)cc(NC3CCCC3)c2C)c(=O)[nH]1,1
CCN(c1cc(-c2ccc(CNCCO)cc2)cc(C(=O)NCc2c(C)cc(C)[nH]c2=O)c1C)C1CCOCC1,1
CCN(c1cc(-c2ccc(C)cc2)cc(C(=O)NCc2c(C)cc(C)[nH]c2=O)c1C)[C@H]1CC[C@H](N(C)C)CC1,1
CCN(c1cc(-c2ccc(CNCC(F)F)cc2)cc(C(=O)NCc2c(C)cc(C)[nH]c2=O)c1C)C1CCOCC1,1
CC(=O)N[C@H]1CC[C@H](N(C)c2cc(-c3cnn(CCN4CCOCC4)c3)cc(C(=O)NCc3c(C)cc(C)[nH]c3=O)c2C)CC1,1
CCN(c1cc(-c2ccc(CN3CCCOCC3)cc2)cc(C(=O)NCc2c(C)cc(C)[nH]c2=O)c1C)C1CCOCC1,1
CCN(c1cc(-c2ccc(CNC)cc2)cc(C(=O)NCc2c(C)cc(C)[nH]c2=O)c1C)C1CCOCC1,1
CNc1cc(Cl)cc(C(=O)NCc2c(C)cc(C)[nH]c2=O)c1C,1
Cc1cc(C)c(CNC(=O)c2ccc3cnn(C4CCCC4)c3c2)c(=O)[nH]1,0
Cc1cc(C)c(CNC(=O)c2cc(-c3ccc(CN(C)C)cc3)cc(NC3CCCC3)c2C)c(=O)[nH]1,1
Cc1cc(C)c(CNC(=O)c2cc(-c3ccc(CN(C)C)cc3)nc(N3CCCCC3)c2)c(=O)[nH]1,1
Cc1cc(C)c(CNC(=O)c2cc(-c3ccc(CN4CCOCC4)nc3)cc(N(C)C3CCOCC3)c2C)c(=O)[nH]1,1
Cc1cc(C)c(CNC(=O)c2cc(-c3ccc(CN(C)C)nc3)cc(N(C)C3CCCCC3)c2C)c(=O)[nH]1,1
CCN(c1cc(-c2ccc(CN3CCCCC3)cc2)cc(C(=O)NCc2c(C)cc(C)[nH]c2=O)c1C)C1CCOCC1,1
Cc1cc(C)c(CNC(=O)c2cc(-c3cnn(CCN4CCOCC4)c3)cc(N(C)C3CCCC3)c2C)c(=O)[nH]1,1
Cc1cc(C)c(CNC(=O)c2cc(-c3cnn(C)c3)cc(N(C)C3CCCC3)c2C)c(=O)[nH]1,1
Cc1cc(C)c(CNC(=O)c2cc(C3CC3)nc3c2cnn3C(C)C)c(O)n1,1
Cc1cc(C)c(CNC(=O)c2cc(-c3ccc(CN4CCOCC4)cc3)cc(N(CC(F)F)C3CCOCC3)c2C)c(=O)[nH]1,1
CCN(c1cc(-c2nccs2)cc(C(=O)NCc2c(C)cc(C)[nH]c2=O)c1C)[C@H]1CC[C@H](N(C)C)CC1,1
CCN(c1cc(-c2ccc(N3CCN(C4CCN(C)CC4)CC3)nc2)cc(C(=O)NCc2c(C(C)C)cc(C)[nH]c2=O)c1C)C1CCOCC1,1
Cc1nc(Nc2nc(=O)cc(CSc3nnnn3-c3ccccc3)[nH]2)nc2ccccc12,0
Cc1cc(C)c(CNC(=O)c2cccc3c2cnn3C(C)C)c(=O)[nH]1,1
Cc1cc(C)c(CNC(=O)c2cc(Br)cc(NC3CCOCC3)c2C)c(=O)[nH]1,1
CCn1ncc2c(C(=O)NCc3c(C)cc(C)[nH]c3=O)cc(C3=CC(C)(C)NC(C)(C)C3)nc21,1
Cc1cc(C)c(CNC(=O)c2cc(C3=CCCCC3)nc(-c3ccc(CN(C)C)cc3)c2)c(=O)[nH]1,0
CCN(c1cc(-c2ccc(CNC[C@H](O)CO)cc2)cc(C(=O)NCc2c(C)cc(C)[nH]c2=O)c1C)C1CCOCC1,1
CCN(c1cc(-c2ccc(CNCCN)cc2)cc(C(=O)NCc2c(C)cc(C)[nH]c2=O)c1C)C1CCOCC1,1
CCN(c1cc(-c2ccc(N3CCNCC3)nc2)cc(C(=O)NCc2c(C(C)C)cc(C)[nH]c2=O)c1C)C1CCOCC1,1
Cc1cc(C)c(CNC(=O)c2cc(-c3ccc(CN4CCOCC4)cc3)cc(N(C)C3CCNCC3)c2C)c(=O)[nH]1,1
CCN(c1cc(-c2ccco2)cc(C(=O)NCc2c(C)cc(C)[nH]c2=O)c1C)[C@H]1CC[C@H](N(C)C)CC1,1
CCN(c1cc(-c2ccc(N3CCNCC3)nc2)cc(C(=O)NCc2c(C)cc(C)[nH]c2=O)c1C)[C@H]1CC[C@H](N(C)C)CC1,1
Cc1cc(C)c(CNC(=O)c2cc(-c3ccc(CN4CCOCC4)cc3)cc(N(C)C3CCOCC3)c2C)c(=O)[nH]1,1
CCN(c1cc(-c2ccc(CNC(C)C)cc2)cc(C(=O)NCc2c(C)cc(C)[nH]c2=O)c1C)C1CCOCC1,1
Cc1cc(C)c(CNC(=O)c2cc(C#N)cc3c2CCN3C(C)C)c(=O)[nH]1,0
CCN(c1cc(-c2ccc(CNCCCO)cc2)cc(C(=O)NCc2c(C)cc(C)[nH]c2=O)c1C)C1CCOCC1,1
Cc1cc(C)c(CNC(=O)c2cc(-c3ccc(CN(C)C)nc3)cc(N(C)C3CCOCC3)c2C)c(=O)[nH]1,1
Cc1cc(C)c(CNC(=O)c2cc(-c3ccc(CN4CCOCC4)cc3)cc(N(C)C3CCCC3)c2C)c(=O)[nH]1,1
Cc1cc(C)c(CNC(=O)c2cc(NC(C)C)nc(-c3ccc(CN(C)C)cc3)c2)c(=O)[nH]1,0
CCN(c1cc(-c2ccc(N3CCC(N(C)C)CC3)nc2)cc(C(=O)NCc2c(C)cc(C)[nH]c2=O)c1C)C1CCOCC1,1
Cc1cc(C)c(CNC(=O)c2cc(-c3ccc(CN4CCOCC4)nc3)cc(N(C)C3CCCCC3)c2C)c(=O)[nH]1,1
CCN(c1cc(-c2ccn(C)n2)cc(C(=O)NCc2c(C)cc(C)[nH]c2=O)c1C)[C@H]1CC[C@H](N(C)C)CC1,1
