[
    {
        "O=C(NC(COC(=O)c1cc(O)c(C(=O)c2c(O)cccc2C(=O)O)c(O)c1)Cc1ccc(O)cc1)c1ccccc1": 1
    },
    {
        "CC(C)(C)c1cnc(CSc2cnc(NC(=O)C3CCNCC3)s2)o1": 0
    },
    {
        "O=C(OC1CCCC1Cc1ccc(O)cc1)c1cc(O)c(C(=O)c2c(O)cccc2C(=O)O)c(O)c1": 1
    },
    {
        "CCCCCCCCCCc1ccc2c(c1)N(C)[C@@H](C(C)C)C(=O)O[C@H](CO)C2": 1
    },
    {
        "O=C(N[C@@H]1CNCCC[C@H]1OC(=O)c1cc(O)c(C(=O)c2c(O)cccc2C(=O)O)c(O)c1)c1ccc(O)cc1": 1
    },
    {
        "Cn1c2ccccc2c2c3c(c4c5ccccc5n(CCC#N)c4c21)CNC3=O": 1
    },
    {
        "CN1C[C@@H]2C[C@H]1CN2c1ccc(-c2ccnc3c(-c4cccc(O)c4)c(-c4ccncc4)nn23)cc1": 1
    },
    {
        "NC[C@H]1C[C@H](NC(=O)c2ccc(O)cc2)[C@H](OC(=O)c2cc(O)c(C(=O)c3c(O)cccc3C(=O)O)c(O)c2)C1": 1
    },
    {
        "CC1(C)c2cc(C3CCN(C4COC4)CC3)ccc2C(=O)c2c1[nH]c1cc(C#N)ccc21": 0
    },
    {
        "O=C(N[C@@H]1CCC[C@H]1OC(=O)c1cc(O)c(C(=O)c2c(O)cccc2C(=O)O)c(O)c1)c1ccc(O)cc1": 1
    },
    {
        "Cc1cccc(NC2=C(c3c[nH]c4ccccc34)C(=O)NC2=O)c1": 1
    },
    {
        "Cc1cccc(NC2=C(c3cn(CCCN(C)C)c4ccccc34)C(=O)NC2=O)c1": 1
    },
    {
        "O=C1NC(=O)C(c2c[nH]c3ccccc23)=C1Nc1cccc(C(F)(F)F)c1": 1
    },
    {
        "O=C1NC(=O)C(c2c[nH]c3ccccc23)=C1NC1CCCCC1": 1
    },
    {
        "O=C1NC(=O)C(c2cn(CCCN3CCCC3)c3ccccc23)=C1Nc1ccccc1": 1
    },
    {
        "CNC[C@H]1Cc2c(C3=C(Nc4ccccc4)C(=O)NC3=O)c3ccccc3n2C1": 1
    },
    {
        "CN(C)Cc1ccc2c(C3=C(c4cn(C)c5ccccc45)C(=O)NC3=O)c(Cl)ccc2c1": 1
    },
    {
        "CC1(C)CN2CCC[C@H]2CN1C(=O)N1Cc2c(NC(=O)c3ccccn3)n[nH]c2C1(C)C": 1
    },
    {
        "CN(C)CCN1CCN(C(=O)c2cc(C(C)(C)C)sc2NC(=O)Nc2cccc(Cl)c2Cl)CCC1=O": 0
    },
    {
        "CN(C)C[C@@H]1CCn2cc(c3ccccc32)C2=C(C(=O)NC2=O)c2cn(c3ccccc23)CCO1": 1
    },
    {
        "CC(=O)Nc1cccc(O)c1C(=O)c1c(O)cc(C(=O)O[C@@H]2CCC[C@H]2NC(=O)c2ccc(O)cc2)cc1O": 1
    },
    {
        "CN1CCOCCn2cc(c3ccccc32)C2=C(C(=O)NC2=O)c2cn(c3ccccc23)CCOCC1": 1
    },
    {
        "CC(=O)C1C[C@@H](NC(=O)c2ccc(O)cc2)[C@H](OC(=O)c2cc(O)c(C(=O)c3c(O)cccc3C(=O)O)c(O)c2)C1": 1
    },
    {
        "CCCCc1c(-c2ccc(O)cc2)[nH]c2nccnc12": 0
    },
    {
        "CCN(C)C[C@H]1Cc2c(C3=C(Nc4ccccc4)C(=O)NC3=O)c3ccccc3n2C1": 1
    },
    {
        "O=C1NC(=O)C(c2c[nH]c3ccccc23)=C1Nc1ccccc1": 1
    },
    {
        "NC[C@H]1Cc2c(C3=C(Nc4ccccc4)C(=O)NC3=O)c3ccccc3n2C1": 1
    },
    {
        "O=C1NC(=O)C(c2c3n(c4ccccc24)C[C@@H](CO)C3)=C1Nc1ccccc1": 1
    },
    {
        "O=C(OCCCCc1ccc(O)cc1)c1cc(O)c(C(=O)c2c(O)cccc2C(=O)O)c(O)c1": 1
    },
    {
        "O=C(O)CN(C(=O)c1c(O)cc(C(=O)OC2CNCC2NC(=O)c2ccc(O)cc2)cc1O)c1ccccc1": 0
    },
    {
        "CN(C)C(COC(=O)c1cc(O)c(C(=O)c2c(O)cccc2C(=O)O)c(O)c1)Cc1ccc(O)cc1": 1
    },
    {
        "O=C(N[C@@H]1C[C@@H](CO)C[C@H]1OC(=O)c1cc(O)c(C(=O)c2c(O)cccc2C(=O)O)c(O)c1)c1ccc(O)cc1": 1
    },
    {
        "O=C1NC(=O)C2=C1c1cn(c3ccccc13)CCOCCN(CCO)CCOCCn1cc2c2ccccc21": 1
    },
    {
        "CN1CCOCCN(C)CCn2cc(c3ccccc32)C2=C(C(=O)NC2=O)c2cn(c3ccccc23)CC1": 1
    },
    {
        "O=C(NC1CNCCC[C@H]1OC(=O)c1cc(O)c(C(=O)c2ncccc2C(=O)O)c(O)c1)c1ccc(O)cc1": 0
    },
    {
        "O=C(N[C@@H]1Cc2ccccc2C1OC(=O)c1cc(O)c(C(=O)c2c(O)cccc2C(=O)O)c(O)c1)c1ccc(O)cc1": 1
    },
    {
        "CN1CCN(c2cc(F)c3c(c2)nc(Cc2ccc4c(c2)OCO4)n2nc(N)nc32)CC1": 0
    },
    {
        "CN1CCOCCn2cc(c3ccccc32)C2=C(C(=O)NC2=O)c2cn(c3ccccc23)CCN(C)CC1": 1
    },
    {
        "CCN1CCOCCN(CC)CCn2cc(c3ccccc32)C2=C(C(=O)NC2=O)c2cn(c3ccccc23)CCOCC1": 1
    },
    {
        "CNC[C@@H]1CCn2cc(c3ccccc32)C2=C(C(=O)NC2=O)c2cn(c3ccccc23)CCO1": 1
    },
    {
        "O=C(NC1CNCC1OC(=O)c1cc(O)c(-c2ccccc2C(=O)O)c(O)c1)c1ccc(O)cc1": 0
    },
    {
        "O=C(OCC(Cc1ccc(O)cc1)NS(=O)(=O)c1ccccc1)c1cc(O)c(C(=O)c2c(O)cccc2C(=O)O)c(O)c1": 1
    },
    {
        "COC(=O)c1cccc(O)c1C(=O)c1c(O)cc(C(=O)OC2CNCC2Cc2ccc(O)cc2)cc1O": 1
    },
    {
        "Cn1cc(C2=C(c3cccc4cc(CN)ccc34)C(=O)NC2=O)c2ccccc21": 1
    },
    {
        "CN(C)Cc1ccc2ccc(Cl)c(C3=C(c4cn(C)c5ccccc45)C(=O)NC3=O)c2c1": 1
    },
    {
        "O=C(O)COc1cccc(O)c1C(=O)c1c(O)cc(C(=O)OC2CCCC2NC(=O)c2ccc(O)cc2)cc1O": 1
    },
    {
        "O=C(NC1CCCC1OC(=O)c1ccc(C(=O)c2c(O)cccc2C(=O)O)c(O)c1)c1ccc(O)cc1": 1
    },
    {
        "CN1CCC(n2cc(C3=C(c4c[nH]c5ccccc45)C(=O)NC3=O)c3ccccc32)CC1": 1
    },
    {
        "COc1ccc(N2CCN(C)CC2)cc1Nc1ncc2c(n1)-c1c(c(C(N)=O)nn1C)CC2": 0
    },
    {
        "COc1ccccc1C1=C(c2cn(CCCNC=O)c3ncccc23)C(=O)NC1=O": 1
    },
    {
        "NC1CCCN(c2nc(-c3ccncc3)cc3cnccc23)C1": 1
    },
    {
        "NCCCNc1nc(-c2ccncc2)cc2cnccc12": 1
    },
    {
        "CC(C)(N)CNc1nc(-c2ccncc2F)cc2cnccc12": 1
    },
    {
        "C=C(C)[C@@H]1CC[C@]2(C(=O)O)CC[C@]3(C)[C@H](CC[C@@H]4[C@@]5(C)CC[C@H](OS(=O)(=O)[O-])C(C)(C)[C@@H]5CC[C@]43C)[C@@H]12.[K+]": 0
    },
    {
        "CCCCCCCCCCc1cccc2c1C[C@@H](CO)OC(=O)[C@H](C(C)C)N2C": 1
    },
    {
        "Cc1c(C(=O)N2CCOc3ccc(-c4ccc(N)nc4)cc3C2)ccc(S(C)(=O)=O)c1F": 0
    },
    {
        "O=C1NC(=O)C(c2cn(CCCN3CCCCC3)c3ccccc23)=C1Nc1ccccc1": 1
    },
    {
        "CC(C)=C1CC(CO)(COC(=O)CCOc2ccc(C#Cc3ccc(C)cc3)cc2)OC1=O": 1
    },
    {
        "CC(C)=C1CC(CO)(COC(=O)CCCOc2ccc(C#Cc3ccc(C)cc3)cc2)OC1=O": 1
    },
    {
        "C=C[C@@]1(C)CC[C@](C)(C(C)C)c2cc3c4c(c[nH]c4c21)CC(=O)NC(=O)[C@H](C(C)C)N3C": 1
    },
    {
        "OCCCNc1ccc2c(c1)nc(-c1ccc3c(c1)OCO3)n1ncnc21": 0
    },
    {
        "CNCc1ccc2ccc(Cl)c(C3=C(c4cn(C)c5ccccc45)C(=O)NC3=O)c2c1": 1
    },
    {
        "C[C@H]1CN2CCC[C@H]2CN1C(=O)N1Cc2c(NC(=O)c3cccc(F)c3F)n[nH]c2C1(C)C": 1
    },
    {
        "C[C@H]1CN2CCC[C@H]2CN1C(=O)N1Cc2c(NC(=O)c3ccc4c(c3)CCO4)n[nH]c2C1(C)C": 1
    },
    {
        "CCc1ccc(C(=O)Nc2n[nH]c3c2CN(C(=O)N2C[C@@H]4CCCN4C[C@@H]2C)C3(C)C)nc1": 1
    },
    {
        "CN(C)C(=O)N1CCn2cc(C3=C(c4cnc5ccccn45)C(=O)NC3=O)c3cccc(c32)C1": 1
    },
    {
        "CC(C)(C)C(=O)OCn1nnc(-c2cccc(O)c2C(=O)c2c(O)cc(C(=O)O[C@@H]3CCC[C@H]3NC(=O)c3ccc(O)cc3)cc2O)n1": 1
    },
    {
        "CN1CCN(CCCn2cc(C3=C(Nc4ccccc4)C(=O)NC3=O)c3ccccc32)CC1": 1
    },
    {
        "CN(C)C[C@H]1Cc2c(C3=C(Nc4ccccc4)C(=O)NC3=O)c3ccccc3n2C1": 1
    },
    {
        "O=C(NC1C2CC(C3CCCC32)C1OC(=O)c1cc(O)c(C(=O)c2c(O)cccc2C(=O)O)c(O)c1)c1ccc(O)cc1": 1
    },
    {
        "CC(C)[C@@](C)(O)[C@@H]1CN(c2nc(-c3n[nH]c4ncccc34)c(F)cc2Cl)CCN1": 1
    },
    {
        "Cc1c(Nc2c(C#N)cncc2-c2ccc(OCCN3CCN(C)CC3)cc2)ccc2[nH]ccc12": 0
    },
    {
        "C[C@H](N)CNc1nc(-c2ccncc2)cc2cnccc12": 1
    },
    {
        "Cc1cccc2nc(N3CCN(C)CC3)nc(C3=C(c4c[nH]c5ccccc45)C(=O)NC3=O)c12": 1
    },
    {
        "CN1CCN(c2nc(C3=C(c4c[nH]c5ccccc45)C(=O)NC3=O)c3ccccc3n2)CC1": 1
    },
    {
        "O=C(N[C@@H]1CCC[C@H]1COC(=O)c1cc(O)c(C(=O)c2c(O)cccc2C(=O)O)c(O)c1)c1ccc(O)cc1": 1
    },
    {
        "CN1CCC(n2cc(C3=C(c4cn(C)c5ccccc45)C(=O)NC3=O)c3ccccc32)CC1": 1
    },
    {
        "CCN1CCC(n2cc(C3=C(c4cn(C)c5ccccc45)C(=O)NC3=O)c3ccccc32)CC1": 1
    },
    {
        "Cn1cc(C2=C(c3nc(N4CCNCC4)nc4ccccc34)C(=O)NC2=O)c2ccccc21": 1
    },
    {
        "CN1CCN(c2cc3ccccc3c(C3=C(c4c[nH]c5ccccc45)C(=O)NC3=O)n2)CC1": 1
    },
    {
        "Nc1nc2c3c(F)cccc3nc(Cc3ccc4c(c3)OCO4)n2n1": 0
    },
    {
        "COc1ccccc1C1=C(c2cn(CCCNS(C)(=O)=O)c3ncccc23)C(=O)NC1=O": 1
    },
    {
        "COc1ccccc1C1=C(c2cn(CCCN)c3ncccc23)C(=O)NC1=O": 1
    },
    {
        "Nc1ccc2c(c1)nc(Cc1ccc3c(c1)OCO3)n1nc(N)nc21": 0
    },
    {
        "C=C(C)[C@@H]1CC[C@]2(CO)CC[C@]3(C)[C@H](CC[C@@H]4[C@@]5(C)CC[C@H](O)C(C)(C)[C@@H]5CC[C@]43C)[C@@H]12": 0
    },
    {
        "CN(C)CCOc1cc(C2=C(c3c[nH]c4ccccc34)C(=O)NC2=O)c2ccccc2c1": 1
    },
    {
        "CCCCCCCCCCc1ccc2c(c1)C[C@@H](CO)OC(=O)[C@H](C(C)C)N2C": 0
    },
    {
        "CN1CCN(c2cc(C3=C(c4c[nH]c5ccccc45)C(=O)NC3=O)c3ccccc3c2)CC1": 1
    },
    {
        "CN1CCN(c2nc(C3=C(c4c[nH]c5ccccc45)C(=O)NC3=O)c3cc(F)ccc3n2)CC1": 1
    },
    {
        "c1cc(-c2cc3cnccc3c(N3CCNCC3)n2)ccn1": 1
    },
    {
        "CC(=O)[C@@H]1CC[C@]2(C(=O)O)CC[C@]3(C)[C@H](CC[C@@H]4[C@@]5(C)CC[C@H](O)C(C)(C)[C@@H]5CC[C@]43C)[C@@H]12": 0
    },
    {
        "C=C(C)[C@@H]1CC[C@]2(C(=O)O)CC[C@]3(C)[C@H](CC[C@@H]4[C@@]5(C)CC[C@H](OC(=O)c6ccccc6)C(C)(C)[C@@H]5CC[C@]43C)[C@@H]12": 0
    },
    {
        "COc1cc(Nc2nc(N[C@H]3CCCC[C@H]3N)n3cnnc3c2C(N)=O)cc(OC)c1": 1
    },
    {
        "O=C1NC(=S)S/C1=C\\c1ccc2c(c1)CCO2": 0
    },
    {
        "CS(=O)(=O)NC(COC(=O)c1cc(O)c(C(=O)c2c(O)cccc2C(=O)O)c(O)c1)Cc1ccc(O)cc1": 1
    },
    {
        "COC(=O)c1cccc(O)c1C(=O)c1c(O)cc(C(=O)OC2CCCC2Cc2ccc(O)cc2)cc1O": 1
    },
    {
        "C=C(C)[C@@H]1CC[C@]2(C(=O)O)CC[C@]3(C)[C@H](CC[C@@H]4[C@@]5(C)CC[C@H](OC(C)=O)C(C)(C)[C@@H]5CC[C@]43C)[C@@H]12": 0
    },
    {
        "C[C@@H](Oc1ccc2ncc(C3CC3C(N)=O)cc2c1)c1c(Cl)ccc(F)c1Cl": 0
    },
    {
        "Cc1c(Nc2c(C#N)cncc2/C=C/CCN2CCC(N)CC2)ccc2[nH]ccc12": 1
    },
    {
        "COC(=O)Nc1ccc(-c2nc(N3CCOCC3)c3cnn(C4CCN(C(=O)OC)CC4)c3n2)cc1": 0
    },
    {
        "CN1CCN(C)CCn2cc(c3ccccc32)C2=C(C(=O)NC2=O)c2cn(c3ccccc23)CC1": 1
    },
    {
        "O=C(N[C@@H]1CNCC[C@H]1OC(=O)c1cc(O)c(C(=O)c2c(O)cccc2C(=O)O)c(O)c1)c1ccc(O)cc1": 1
    },
    {
        "NC(=O)c1cc(-c2ccnc(N)n2)[nH]c1-c1ccccc1": 1
    },
    {
        "CCCC(=O)O[C@@H]1[C@@H](C)[C@@]2(O)[C@@H](C=C(CO)C[C@]3(O)C(=O)C(C)=C[C@@H]23)[C@@H]2C(C)(C)[C@]12OC(=O)CCC": 1
    },
    {
        "O=C(OC1CCCC1Oc1ccc(O)cc1)c1cc(O)c(C(=O)c2c(O)cccc2C(=O)O)c(O)c1": 1
    },
    {
        "Cc1ccccc1NC1=C(c2c[nH]c3ccccc23)C(=O)NC1=O": 1
    },
    {
        "Cn1nnnc1-c1cccc(O)c1C(=O)c1c(O)cc(C(=O)OC2CCCC2NC(=O)c2ccc(O)cc2)cc1O": 1
    },
    {
        "CC(C)[C@H]1C(=O)N[C@H](CO)Cc2c[nH]c3cccc(c23)N1C": 1
    },
    {
        "CCCC(=O)O[C@@H]1[C@@H](C)[C@@]2(O)[C@@H](C=C(CO)C[C@@H]3C(=O)C(C)=C[C@H]32)[C@@H]2C(C)(C)[C@]12OC(=O)CCC": 1
    },
    {
        "O=C(N[C@H]1COCCC[C@H]1OC(=O)c1cc(O)c(C(=O)c2c(O)cccc2C(=O)O)c(O)c1)c1ccc(O)cc1": 1
    },
    {
        "O=C1NC(=O)c2c1c1c3ccccc3ccc1c1[nH]c3ccccc3c21": 1
    },
    {
        "CC(C)N1CCC(n2cc(C3=C(c4cn(C)c5ccccc45)C(=O)NC3=O)c3ccccc32)CC1": 1
    },
    {
        "CO[C@@H](CC[C@H](C)[C@H]1O[C@@]23C[C@H](OC(=O)C[C@H]([C@@H](C)O)OC(=O)C[C@](O)(O2)[C@H](C)CC3(C)C)[C@@H]1C)c1cc(O)ccc1Br": 1
    },
    {
        "O=C(NC1CNCC1OC(=O)c1cc(O)c(C(=O)c2c(O)ccc3c2CCCC3)c(O)c1)c1ccc(O)cc1": 1
    },
    {
        "CCN1CCOCCn2cc(c3ccccc32)C2=C(C(=O)NC2=O)c2cn(c3ccccc23)CCOCC1": 1
    },
    {
        "COc1cc(Nc2nn3c(N[C@H](CO)Cc4ccccc4)cc(C4CC4)nc3c2C(N)=O)cc(OC)c1": 0
    },
    {
        "CCc1cc2c(cc1N1CCN(C3COC3)CC1)C(C)(C)c1[nH]c3cc(C#N)ccc3c1C2=O": 0
    },
    {
        "CN(C)CCCn1nc(C2=C(c3cn(-c4cccc5ccccc45)c4ccccc34)C(=O)NC2=O)c2ccccc21": 1
    },
    {
        "CC(C)(C)c1cnc(CSc2cnc(NC(=O)Cc3ccc(CNC(CO)CO)cc3)s2)o1": 0
    },
    {
        "CCCCCCCCC#Cc1ccc2c(c1)C[C@@H](CO)NC(=O)[C@H](C(C)C)N2C": 1
    },
    {
        "O=C1NC(=O)C(c2cn(CCCn3ccnc3)c3ccccc23)=C1Nc1ccccc1": 1
    },
    {
        "O=C1NC(=O)C(c2nn(CCCN3CCCC3)c3ccccc23)=C1c1cn(-c2ccc3ccccc3c2)c2ccccc12": 1
    },
    {
        "CN1CCN(CCCn2nc(C3=C(c4cn(-c5ccc6ccccc6c5)c5ccccc45)C(=O)NC3=O)c3ccccc32)CC1": 1
    },
    {
        "CCCCCCCCCCCN1c2ccccc2C[C@@H](CO)OC(=O)[C@@H]1C(C)C": 1
    },
    {
        "O=C(N[C@@H]1CNC[C@H]1NC(=O)c1cc(O)c(C(=O)c2c(O)cccc2C(=O)O)c(O)c1)c1ccc(O)cc1": 1
    },
    {
        "NC(=O)C[C@H](N)C(=O)NCc1cc(C(=O)O)c(Nc2ccc(I)cc2F)c(F)c1F": 1
    },
    {
        "O=C(N/N=C/c1cc(C(=O)O)c(Nc2ccc(I)cc2F)c(F)c1F)c1ccc(CO)o1": 0
    },
    {
        "Cn1cc(C2=C(c3cn(C4CCNCC4)c4ccccc34)C(=O)NC2=O)c2ccccc21": 1
    },
    {
        "O=C(N[C@@H]1CCC[C@H]1OCc1cc(O)c(C(=O)c2c(O)cccc2C(=O)O)c(O)c1)c1ccc(O)cc1": 1
    },
    {
        "CC1(C)CC[C@@H]2CC(=O)O[C@@H](CO)CC(=O)O[C@@H]3C[C@@H](CCCCc4ccccc4)O[C@@]1(C3)O2": 1
    },
    {
        "CC1(C)CC[C@@H]2CC(=O)O[C@@H](CO)CC(=O)O[C@@H]3C[C@@H](CCCCc4cccc(O)c4)O[C@@]1(C3)O2": 1
    },
    {
        "CN(C)CCCn1cc(C2=C(c3c[nH]c4ccccc34)C(=O)NC2=O)c2ccccc21": 1
    },
    {
        "C#Cc1cccc(-c2ccc(CN3CCN(C)CC3)o2)c1Cc1ccc2c(c1C)C=CC2": 1
    },
    {
        "O=C1NC(=O)C(c2c[nH]c3ccccc23)=C1c1nc(N2CCOCC2)nc2ccccc12": 1
    },
    {
        "C[C@@]1(OC(=O)c2cc(O)c(C(=O)c3c(O)cccc3C(=O)O)c(O)c2)CCCNC[C@H]1NC(=O)c1ccc(O)cc1": 1
    },
    {
        "O=C(NC1CNCC1OC(=O)c1cc(O)c2c(c1)C(=O)c1cccc(O)c1C2=O)c1ccc(O)cc1": 0
    },
    {
        "CC(C)[C@@H]1CC[C@]2(C(=O)O)CC[C@]3(C)C(CCC4[C@@]5(C)CC[C@H](O)C(C)(C)C5CC[C@]43C)C12": 0
    },
    {
        "CN[C@@H]1C[C@H]2O[C@@](C)([C@@H]1OC)n1c3ccccc3c3c4c(c5c6ccccc6n2c5c31)C(=O)NC4": 1
    },
    {
        "COc1cccc(O)c1C(=O)c1c(O)cc(C(=O)O[C@@H]2CCCNCC2NC(=O)c2ccc(O)cc2)cc1O": 1
    },
    {
        "O=C(NC1CCCC1OC(=O)c1cc(O)c(C(=O)c2c(O)cccc2-c2nn[nH]n2)c(O)c1)c1ccc(O)cc1": 1
    },
    {
        "Cc1c(Nc2c(C#N)cncc2/C=C/c2cccc(CN3CCN(C)CC3)n2)ccc2[nH]ccc12": 1
    },
    {
        "COC(=O)c1cccc(O)c1C(=O)c1c(O)cc(C(=O)OCCCc2ccc(O)cc2)cc1O": 1
    },
    {
        "CCCCCCn1cc2c3c(cccc31)N(C)[C@@H](C(C)C)C(=O)N[C@H](CO)CC2": 1
    },
    {
        "O=C1NC(=O)C2=C1c1cn(c3ccccc13)CCCc1cc(nc(N3CCCC3)c1)CCCn1cc2c2ccccc21": 1
    },
    {
        "CC(C)(C)C(=O)OCn1nnnc1-c1cccc(O)c1C(=O)c1c(O)cc(C(=O)O[C@@H]2CCC[C@H]2NC(=O)c2ccc(O)cc2)cc1O": 1
    },
    {
        "O=C1NC(=O)C(c2cnc3ccccn23)=C1c1cn2c3c(cccc13)CN(C(=O)N1CCCCC1)CC2": 1
    },
    {
        "O=C(N[C@H]1CCCCC[C@H]1OC(=O)c1cc(O)c(C(=O)c2c(O)cccc2C(=O)O)c(O)c1)c1ccc(O)cc1": 1
    },
    {
        "CCN1CCOCCOCCn2cc(c3ccccc32)C2=C(C(=O)NC2=O)c2cn(c3ccccc23)CC1": 1
    },
    {
        "CN1CC[C@H](c2c(O)cc(O)c3c(=O)cc(-c4ccccc4Cl)oc23)[C@H](O)C1": 0
    },
    {
        "O=C1NC(=O)C(c2cn(CCCO)c3ncccc23)=C1c1ccccc1Cl": 1
    },
    {
        "Cn1cc(C2=C(c3cn(C4CCN(Cc5ccccn5)CC4)c4ccccc34)C(=O)NC2=O)c2ccccc21": 1
    },
    {
        "CC(C)n1cc(C2=C(c3nc(N4CCN(C)CC4)nc4ccccc34)C(=O)NC2=O)c2ccccc21": 1
    },
    {
        "Cc1[nH]c2ccccc2c1C1=C(c2nc(N3CCN(C)CC3)nc3ccccc23)C(=O)NC1=O": 1
    },
    {
        "Cc1cccc2c(C3=C(c4nc(N5CCN(C)CC5)nc5ccccc45)C(=O)NC3=O)c[nH]c12": 1
    },
    {
        "Cc1ccsc1C(=O)n1nc(Nc2ccc(S(N)(=O)=O)cc2)nc1N": 0
    },
    {
        "CCCCCCCCc1cccc2c1CC[C@@H](CO)NC(=O)[C@H](C(C)C)N2C": 0
    },
    {
        "NC[C@@H]1CCn2cc(c3ccccc32)C2=C(C(=O)NC2=O)c2cn(c3ccccc23)CCO1": 1
    },
    {
        "O=C(N[C@@H]1CC(C(=O)C(F)(F)F)C[C@H]1OC(=O)c1cc(O)c(C(=O)c2c(O)cccc2C(=O)O)c(O)c1)c1ccc(O)cc1": 1
    },
    {
        "CC1(C)C2CCC1(C)C(OC(=O)c1cc(O)c(C(=O)c3c(O)cccc3C(=O)O)c(O)c1)C2NC(=O)c1ccc(O)cc1": 1
    },
    {
        "CS(=O)(=O)C1C[C@@H](NC(=O)c2ccc(O)cc2)[C@H](OC(=O)c2cc(O)c(C(=O)c3c(O)cccc3C(=O)O)c(O)c2)C1": 1
    },
    {
        "CN(C)c1cc2cc(n1)CCCn1cc(c3ccccc31)C1=C(C(=O)NC1=O)c1cn(c3ccccc13)CCC2": 1
    },
    {
        "CN(C)c1nc2ccc1CCCn1cc(c3ccccc31)C1=C(C(=O)NC1=O)c1cn(c3ccccc13)CC2": 1
    },
    {
        "CN(C)CCCn1nc(C2=C(c3cn(-c4csc5ccccc45)c4ccccc34)C(=O)NC2=O)c2ccccc21": 1
    },
    {
        "O=C1NC(=O)C(c2nn(CCCN3CCOCC3)c3ccccc23)=C1c1cn(-c2ccc3ccccc3c2)c2ccccc12": 1
    },
    {
        "CC(C)[C@H]1C(=O)N[C@H](CO)Cc2cn3nc(C(F)(F)F)c4ccc(c2c43)N1C": 1
    },
    {
        "CNC(=O)C1C[C@@H](NC(=O)c2ccc(O)cc2)[C@H](OC(=O)c2cc(O)c(C(=O)c3c(O)cccc3C(=O)O)c(O)c2)C1": 1
    },
    {
        "O=C(N[C@H]1CSCCC[C@H]1OC(=O)c1cc(O)c(C(=O)c2c(O)cccc2C(=O)O)c(O)c1)c1ccc(O)cc1": 1
    },
    {
        "CCCCCCCCCCCCCC(=O)O[C@@H]1[C@@H](C)[C@@]2(O)[C@@H](C=C(CO)C[C@]3(O)C(=O)C(C)=C[C@@H]23)[C@@H]2C(C)(C)[C@]12OC(C)=O": 1
    },
    {
        "OCCCNc1cncc(-c2cncc(Nc3cccc(Cl)c3)n2)c1": 0
    },
    {
        "Cn1cc(C2=C(c3cn(C4CCN(Cc5ccccc5)C4)c4ccccc34)C(=O)NC2=O)c2ccccc21": 1
    },
    {
        "Cc1c(Nc2c(C#N)cncc2/C=C/c2cccc(S(=O)(=O)N3CCN(C)CC3)c2)ccc2[nH]ccc12": 0
    },
    {
        "O=C(N[C@H]1C[C@@H](O)C[C@H]1OC(=O)c1cc(O)c(C(=O)c2c(O)cccc2C(=O)O)c(O)c1)c1ccc(O)cc1.O=C(N[C@H]1C[C@H](O)C[C@H]1OC(=O)c1cc(O)c(C(=O)c2c(O)cccc2C(=O)O)c(O)c1)c1ccc(O)cc1": 1
    },
    {
        "Cn1cc(C2=C(c3cn(C4CCN(Cc5ccccc5)CC4)c4ccccc34)C(=O)NC2=O)c2ccccc21": 1
    },
    {
        "Cn1cc(C2=C(c3cn(C4CCN(CC5CC5)CC4)c4ccccc34)C(=O)NC2=O)c2ccccc21": 1
    },
    {
        "N[C@@H]1C[C@H](NC(=O)c2ccc(O)cc2)[C@H](OC(=O)c2cc(O)c(C(=O)c3c(O)cccc3C(=O)O)c(O)c2)C1": 1
    },
    {
        "O=C1NC(=O)C(c2cn(-c3cccnc3)c3ccccc23)=C1c1[nH]nc2ccccc12": 1
    },
    {
        "CN(C)CCCn1nc(C2=C(c3cn(-c4cccnc4)c4ccccc34)C(=O)NC2=O)c2ccccc21": 1
    },
    {
        "O=C(NC1CNCC1OC(=O)c1cc(O)c(C(=O)c2c(O)cccc2C(=O)O)c(O)c1)c1ccc(O)cc1": 1
    },
    {
        "O=C1NC(=O)C2=C1c1cn(c3ccccc13)CCOCCOCCOCCn1cc2c2ccccc21": 1
    },
    {
        "Cc1c(Nc2c(C#N)cncc2-c2cc3cc(CN4CCN(C)CC4)ccc3o2)ccc2[nH]ccc12": 1
    },
    {
        "O=C1NC(=O)C(c2cn(CCCO)c3ncccc23)=C1c1cccc2ccccc12": 1
    },
    {
        "CN(C)CCCn1cc(C2=C(c3cccc4ccccc34)C(=O)NC2=O)c2ccccc21": 1
    },
    {
        "O=C(CS(=O)(=O)c1ccc(Cl)cc1)N/N=C/c1cc(C(=O)O)c(Nc2ccc(I)cc2F)c(F)c1F": 0
    },
    {
        "COc1ccc(CN(C)C)c(-c2cc3c(Nc4ccc5[nH]ccc5c4C)c(C#N)cnc3s2)c1": 0
    },
    {
        "O=C(N[C@@H]1CCCNC[C@H]1NC(=O)c1ccc(O)cc1)c1cc(O)c(C(=O)c2c(O)cccc2C(=O)O)c(O)c1": 1
    },
    {
        "COc1ccccc1C1=C(c2cn(CCCO)c3ncccc23)C(=O)NC1=O": 1
    },
    {
        "O=C(NC1CNCCC[C@H]1OC(=O)c1cc(O)c(C(=O)c2ccccc2C(=O)O)c(O)c1)c1ccc(O)cc1": 1
    },
    {
        "CN1CCOCCOCCN(C)CCn2cc(c3ccccc32)C2=C(C(=O)NC2=O)c2cn(c3ccccc23)CC1": 1
    },
    {
        "CN(C)CCCn1nc(C2=C(c3cn(-c4cncc5ccccc45)c4ccccc34)C(=O)NC2=O)c2ccccc21": 1
    },
    {
        "CO[C@@H](CC[C@H](C)[C@H]1O[C@@]23C[C@H](OC(=O)C[C@H]([C@@H](C)O)OC(=O)C[C@](O)(O2)[C@H](C)CC3(C)C)[C@@H]1C)c1cccc(O)c1": 1
    },
    {
        "Cc1ccc(NC2=C(c3c[nH]c4ccccc34)C(=O)NC2=O)cc1": 1
    },
    {
        "CC(C)c1cccc(NC2=C(c3c[nH]c4ccccc34)C(=O)NC2=O)c1": 1
    },
    {
        "O=C(OCCCc1ccc(O)cc1)c1cc(O)c(C(=O)c2c(O)cccc2C(=O)O)c(O)c1": 1
    },
    {
        "C[C@H]1CN(CC2CCOCC2)[C@H](C)CN1C(=O)N1Cc2c(NC(=O)c3cn(C)cn3)n[nH]c2C1(C)C": 1
    },
    {
        "O=C1NC(=O)C2=C1c1cn(c3ccccc13)CCO[C@H](CN1CCCC1)CCn1cc2c2ccccc21": 1
    },
    {
        "Cn1cc(C2=C(c3cn(C4CCN(C(=O)OC(C)(C)C)CC4)c4ccccc34)C(=O)NC2=O)c2ccccc21": 1
    },
    {
        "O=C(OC1CNCC1Cc1ccc(O)cc1)c1cc(O)c(C(=O)c2c(O)cccc2C(=O)O)c(O)c1": 1
    },
    {
        "CC(CCc1ccc(O)cc1)OC(=O)c1cc(O)c(C(=O)c2c(O)cccc2C(=O)O)c(O)c1": 1
    },
    {
        "CN1CCN(c2cc(C3=C(c4c[nH]c5ccccc45)C(=O)NC3=O)c3ccccc3n2)CC1": 1
    },
    {
        "O=C(N[C@@H]1CS(=O)(=O)CCC[C@H]1OC(=O)c1cc(O)c(C(=O)c2c(O)cccc2C(=O)O)c(O)c1)c1ccc(O)cc1": 1
    },
    {
        "O=C1NC(=O)C(c2c3n(c4ccccc24)CC[C@@H](CO)C3)=C1Nc1ccccc1": 1
    },
    {
        "Nc1nc(C2=C3C(=Nc4ccccc43)C(=O)NCC2)c(O)[nH]1": 1
    },
    {
        "CC(C)OC(=O)N1CCn2cc(C3=C(c4cnc5ccccn45)C(=O)NC3=O)c3cccc(c32)C1": 1
    },
    {
        "Cc1c(Nc2c(C#N)cnc3sc(/C=C/C(=O)N4CCCC4)cc23)ccc2[nH]ccc12": 0
    },
    {
        "CC(C)C[C@H]1CN(c2ccc(C(F)(F)F)c(C(=O)c3cccnc3N)n2)CCN1": 1
    },
    {
        "C=C(C)[C@@H]1CC[C@]2(C(=O)OCC(=O)OC)CC[C@]3(C)[C@H](CC[C@@H]4[C@@]5(C)CC[C@H](O)C(C)(C)[C@@H]5CC[C@]43C)[C@@H]12": 0
    },
    {
        "CC(C)[C@H]1C(=O)N[C@H](CO)Cc2cc(NC(=O)CCCCCCCCCCCCC(=O)Nc3ccc4c(c3)N(C)[C@@H](C(C)C)C(=O)N[C@H](CO)C4)ccc2N1C": 1
    },
    {
        "CN1CCN(c2cccc(C3=C(c4c[nH]c5ccccc45)C(=O)NC3=O)c2)CC1": 1
    },
    {
        "CCCCCCCCCCc1ccc2c(c1)C[C@@H](CO)NC(=O)[C@H](C(C)C)N2C": 1
    },
    {
        "CC(C)[C@H](CO)Nc1nc(Nc2ccc(C(=O)O)c(Cl)c2)c2ncn(C(C)C)c2n1": 0
    },
    {
        "C=C(C)[C@@H]1CC[C@]2(C(=O)O)CC[C@]3(C)[C@H](CC[C@@H]4[C@@]5(C)CC[C@H](OC(=O)/C=C/C)C(C)(C)[C@@H]5CC[C@]43C)[C@@H]12": 0
    },
    {
        "CN(C)CCOc1cccc(C2=C(c3c[nH]c4ccccc34)C(=O)NC2=O)c1": 1
    },
    {
        "Cn1nc(C(N)=O)c2c1-c1nc(NC3CCN(C(=O)c4ccccc4)CC3)ncc1CC2": 0
    },
    {
        "C[C@@H](Oc1ccc2ncccc2c1)c1c(Cl)ccc(F)c1Cl": 0
    },
    {
        "CN1CCCn2cc(c3ccccc32)C2=C(C(=O)NC2=O)c2cn(c3ccccc23)CCOCCOCC1": 1
    },
    {
        "CCCCCCCC(=O)O[C@H]1/C(=C/C(=O)OC)CC2C[C@H]([C@@H](C)O)OC(=O)C[C@H](O)C[C@@H]3CCC[C@H](C[C@@H]4CCO[C@H](/C=C/C(C)(C)[C@]1(O)O2)O4)O3": 1
    },
    {
        "C.C[C@H]1CN(CC2CCOCC2)CCN1C(=O)N1Cc2c(NC(=O)c3cncn3C)n[nH]c2C1(C)C": 1
    },
    {
        "C.CCC1NC(C(=O)Nc2n[nH]c3c2CN(C(=O)N2CCN(CC4CCOCC4)C[C@@H]2C)C3(C)C)=CO1": 1
    },
    {
        "CC(C)[C@H]1C(=O)N[C@H](CO)Cc2cn3ncc4ccc(c2c43)N1C": 1
    },
    {
        "O=C(NC1CCCC1OC(=O)c1ccc(C(=O)c2c(O)cccc2C(=O)O)cc1)c1ccc(O)cc1": 1
    },
    {
        "CCCCCCCCCCCC(=O)Oc1ccc2c(c1)[C@](C)(C(C)C)[C@H]1C(=O)N[C@H](CO)[C@@H]21": 1
    },
    {
        "O=C(NC(COC(=O)c1cc(O)c(C(=O)c2c(O)cccc2C(=O)O)c(O)c1)Cc1ccc(O)cc1)c1ccc(O)cc1": 1
    },
    {
        "CCOC(=O)/C=C/c1ccc(CNc2nc(Nc3cc(OC)cc(OC)c3)c(C(N)=O)c3nccn23)cc1": 0
    },
    {
        "COC(=O)C1C[C@@H](NC(=O)c2ccc(O)cc2)[C@H](OC(=O)c2cc(O)c(C(=O)c3c(O)cccc3C(=O)O)c(O)c2)C1": 1
    },
    {
        "CCn1c(-c2nonc2N)nc2c(C#CC(C)(C)O)ncc(OC[C@H]3CCCNC3)c21": 1
    },
    {
        "O=C1NC(=O)C(c2c[nH]c3ccccc23)=C1Nc1cccc(Cl)c1": 1
    },
    {
        "CN(C)C[C@@H]1CCc2c(C3=C(Nc4ccccc4)C(=O)NC3=O)c3ccccc3n2C1": 1
    },
    {
        "CS(=O)(=O)c1ccc(CNCc2cc(C(=O)O)c(Nc3ccc(I)cc3F)c(F)c2F)cc1": 0
    },
    {
        "CCN1CCN(C(=O)N2Cc3c(NC(=O)c4ccccn4)n[nH]c3C2(C)C)CC1C": 1
    },
    {
        "CC1(C)CC(NC(=O)c2cccc(-c3cc4nccc(Nc5cccc(O)c5)n4n3)c2)CC(C)(C)N1[O]": 0
    },
    {
        "O=C1NC(=O)C(c2c3n(c4ccccc24)C[C@@H](CN2CCCC2)C3)=C1Nc1ccccc1": 1
    },
    {
        "CC(=O)NC[C@H]1Cc2c(C3=C(Nc4ccccc4)C(=O)NC3=O)c3ccccc3n2C1": 1
    },
    {
        "CCN(CC)C[C@H]1Cc2c(C3=C(Nc4ccccc4)C(=O)NC3=O)c3ccccc3n2C1": 1
    },
    {
        "CN(C)C[C@H]1CCn2c(c(C3=C(Nc4ccccc4)C(=O)NC3=O)c3ccccc32)C1": 1
    },
    {
        "CC1(C)c2[nH]nc(NC(=O)c3cccc(Oc4ccccc4)c3)c2CN1C(=O)N1C[C@@H]2CCCN2C[C@@H]1Cc1ccccc1": 1
    },
    {
        "C[C@H]1CN2CCC[C@H]2CN1C(=O)N1Cc2c(NC(=O)c3ccccc3F)n[nH]c2C1(C)C": 1
    },
    {
        "C[C@H]1CN2CCC[C@H]2CN1C(=O)N1Cc2c(NC(=O)c3ccc(F)c(Cl)c3)n[nH]c2C1(C)C": 1
    },
    {
        "C.COCCCN1CCN(C(=O)N2Cc3c(NC(=O)c4ccccn4)n[nH]c3C2(C)C)[C@@H](C)C1": 1
    },
    {
        "O=C1NC(=O)C(c2c[nH]c3ccccc23)=C1NCc1ccccc1": 0
    },
    {
        "Cn1ccnc1C(=O)Nc1n[nH]c2c1CN(C(=O)N1C[C@@H]3CCCN3C[C@@H]1Cc1ccccc1)C2(C)C": 1
    },
    {
        "CN1CCN(C(=O)N2Cc3c(NC(=O)c4cccc(Oc5ccccc5)c4)n[nH]c3C2(C)C)C(c2ccccc2)C1": 1
    },
    {
        "CC1(C)c2[nH]nc(NC(=O)c3cccc(Cl)n3)c2CN1C(=O)N1CCN2CCCC2C1": 1
    },
    {
        "COc1cc(C(=O)Nc2n[nH]c3c2CN(C(=O)N2C[C@@H]4CCCN4C[C@@H]2C)C3(C)C)ccc1Cl": 1
    },
    {
        "C[C@H]1CN2CCC[C@H]2CN1C(=O)N1Cc2c(NC(=O)c3nc4ccccc4s3)n[nH]c2C1(C)C": 1
    },
    {
        "Cc1ccc2ccc(CN)cc2c1C1=C(c2c[nH]c3ccccc23)C(=O)NC1=O": 1
    },
    {
        "Cn1cc(C2=C(c3c(Cl)ccc4ccc(CN)cc34)C(=O)NC2=O)c2ccccc21": 1
    },
    {
        "COCCNCc1ccc2ccc(Cl)c(C3=C(c4cn(C)c5ccccc45)C(=O)NC3=O)c2c1": 1
    },
    {
        "CC[C@H]1CN2CCC[C@H]2CN1C(=O)N1Cc2c(NC(=O)c3ccccc3F)n[nH]c2C1(C)C": 1
    },
    {
        "Cc1c(Nc2c(C#N)cncc2/C=C/c2cccc(OCCN3CCN(C)CC3)c2)ccc2[nH]ccc12": 1
    },
    {
        "C.C[C@H](CO)CN1CCN(C(=O)N2Cc3c(NC(=O)c4ccccn4)n[nH]c3C2(C)C)[C@@H](C)C1": 1
    },
    {
        "C[C@H]1CN(C2CCOCC2)[C@H](C)CN1C(=O)N1Cc2c(NC(=O)c3ccncn3)n[nH]c2C1(C)C": 1
    },
    {
        "CC(C)[C@H]1/C(S)=N/[C@H](CO)Cc2c[nH]c3cccc(c23)N1C": 1
    },
    {
        "COc1ccccc1C1=C(c2cn(CCCNS(N)(=O)=O)c3ncccc23)C(=O)NC1=O": 1
    },
    {
        "CCCCCCCCC#Cc1ccc2c(c1)[C@](C)(C(C)C)[C@H]1C(=O)N[C@H](CO)[C@@H]21": 1
    },
    {
        "Cc1ccc(S(=O)(=O)N2CCC[C@@H](OC(=O)c3cc(O)c(C(=O)c4c(O)cccc4C(=O)O)c(O)c3)[C@H](NC(=O)c3ccc(O)cc3)C2)cc1": 1
    },
    {
        "C.CCCN1CCN(C(=O)N2Cc3c(NC(=O)c4ccc(F)cc4F)n[nH]c3C2(C)C)[C@@H](C)C1": 1
    },
    {
        "Cc1nc(C(=O)Nc2n[nH]c3c2CN(C(=O)N2C[C@@H](C)N(C)C[C@@H]2C)C3(C)C)cs1": 1
    },
    {
        "O=C1NC(=O)C2=C1c1cn(c3ncccc13)CCOCCOCCOCCOCCn1cc2c2cccnc21": 0
    },
    {
        "CN(C)CCCCCn1cc(C2=C(Nc3ccccc3)C(=O)NC2=O)c2ccccc21": 1
    },
    {
        "C[C@H]1CN(CC2CCOCC2)[C@H](C)CN1C(=O)N1Cc2c(NC(=O)c3ccc(C#N)cn3)n[nH]c2C1(C)C": 1
    },
    {
        "Cc1ncc(C#N)c(Nc2ccc3[nH]ccc3c2C)c1/C=C/c1cccc(S(=O)(=O)N2CCN(C)CC2)c1": 0
    },
    {
        "COc1cccc(NC2=C(c3c[nH]c4ccccc34)C(=O)NC2=O)c1": 1
    },
    {
        "CN(C)CCn1cc(C2=C(Nc3ccccc3)C(=O)NC2=O)c2ccccc21": 1
    },
    {
        "Nc1nccc(-c2c[nH]c3c(Br)ccc(O)c23)n1": 1
    },
    {
        "O=C(NC1CNCC1OC(=O)c1ccc(-c2c(O)cccc2C(=O)O)cc1)c1ccc(O)cc1": 0
    },
    {
        "CN1CCN(c2ccc(OC(F)(F)F)c(Nc3nccc(-c4cc(C(N)=O)cn4C)n3)c2)CC1": 0
    },
    {
        "O=C1NC(=O)C2=C1c1cn(c3ccccc13)CCO[C@H](CNCc1ccccc1)CCn1cc2c2ccccc21": 1
    },
    {
        "NCCOc1cccc(O)c1C(=O)c1c(O)cc(C(=O)OC2CCCC2NC(=O)c2ccc(O)cc2)cc1O": 0
    },
    {
        "CC1(C)c2[nH]nc(NC(=O)c3ccc4ccccc4n3)c2CN1C(=O)N1C[C@@H]2CCCN2C[C@@H]1Cc1ccccc1": 1
    },
    {
        "CCc1cc(C(=O)Nc2n[nH]c3c2CN(C(=O)N2C[C@@H](C)N(CC4CCOCC4)C[C@@H]2C)C3(C)C)on1": 1
    },
    {
        "CCc1nc(C(=O)Nc2n[nH]c3c2CN(C(=O)N2C[C@@H](C)N(CC4CCOCC4)C[C@@H]2C)C3(C)C)cs1": 1
    },
    {
        "C=CCN1C[C@H](C)N(C(=O)N2Cc3c(NC(=O)c4ccccn4)n[nH]c3C2(C)C)C[C@H]1C": 1
    },
    {
        "COCCCN1C[C@H](C)N(C(=O)N2Cc3c(NC(=O)c4oc(C)cc4C)n[nH]c3C2(C)C)C[C@H]1C": 1
    },
    {
        "CN(C)CCCn1nc(C2=C(c3cn(-c4ccccc4)c4ccccc34)C(=O)NC2=O)c2ccccc21": 1
    },
    {
        "COc1cc(Nc2nc(NCc3ccc(/C=C/C(=O)O)cc3)n3ccnc3c2C(N)=O)cc(OC)c1": 0
    },
    {
        "C[C@H]1CN(C)C(C)(C)CN1C(=O)N1Cc2c(NC(=O)c3ccccn3)n[nH]c2C1(C)C": 1
    },
    {
        "C[C@H]1CN(CCCC#N)[C@H](C)CN1C(=O)N1Cc2c(NC(=O)c3ccccn3)n[nH]c2C1(C)C": 1
    },
    {
        "C.C[C@H]1CN(CCO)CCN1C(=O)N1Cc2c(NC(=O)c3ccccn3)n[nH]c2C1(C)C": 1
    },
    {
        "C[C@H]1CN2CCC[C@H]2CN1C(=O)N1Cc2c(NC(=O)c3cc(C4CC4)on3)n[nH]c2C1(C)C": 1
    },
    {
        "CN1CCN(C(=O)N2Cc3c(NC(=O)c4cccs4)n[nH]c3C2(C)C)[C@@H](Cc2ccccc2)C1": 1
    },
    {
        "C[C@H]1CN(Cc2cocn2)[C@H](C)CN1C(=O)N1Cc2c(NC(=O)c3ccccn3)n[nH]c2C1(C)C": 1
    },
    {
        "C[C@H]1CN(C)[C@H](CCO)CN1C(=O)N1Cc2c(NC(=O)c3ccccn3)n[nH]c2C1(C)C": 1
    },
    {
        "CN(C(=O)c1cc(O)c(C(=O)c2c(O)cccc2C(=O)O)c(O)c1)[C@H]1CCCNC[C@H]1NC(=O)c1ccc(O)cc1": 0
    },
    {
        "CN(C)CCCn1cc(C2=C(Nc3ccccc3)C(=O)NC2=O)c2ccccc21": 1
    },
    {
        "CCNC[C@H]1Cc2c(C3=C(Nc4ccccc4)C(=O)NC3=O)c3ccccc3n2C1": 1
    },
    {
        "C[C@H]1CN(CCCF)[C@H](C)CN1C(=O)N1Cc2c(NC(=O)c3ccccn3)n[nH]c2C1(C)C": 1
    },
    {
        "C[C@H]1CN(CCC2CCOCC2)[C@H](C)CN1C(=O)N1Cc2c(NC(=O)c3ccccn3)n[nH]c2C1(C)C": 1
    },
    {
        "C[C@H]1CN(CC2CCOCC2)[C@H](C)CN1C(=O)N1Cc2c(NC(=O)c3ncccn3)n[nH]c2C1(C)C": 1
    },
    {
        "CN(C)CCCn1cc(C2=C(c3cccc4ccccc34)C(=O)NC2=O)c2cccnc21": 1
    },
    {
        "CN1CCN(C[C@@H]2CCn3cc(c4ccccc43)C3=C(C(=O)NC3=O)c3cn(c4ccccc34)CCO2)CC1": 1
    },
    {
        "c1cc(-c2cc3cnccc3c(N3CCCNCC3)n2)ccn1": 1
    },
    {
        "CN(C)CCCCn1cc(C2=C(Nc3ccccc3)C(=O)NC2=O)c2ccccc21": 1
    },
    {
        "Cc1cn([C@H]2C[C@H](N=[N+]=[N-])[C@@H](CO)O2)c(=O)[nH]c1=O": 0
    },
    {
        "C[C@H]1CN2CCC[C@H]2CN1C(=O)N1Cc2c(NC(=O)c3ccc(C#N)cc3F)n[nH]c2C1(C)C": 1
    },
    {
        "CC[C@H]1CN2CCC[C@H]2CN1C(=O)N1Cc2c(NC(=O)c3ccc(F)cc3)n[nH]c2C1(C)C": 1
    },
    {
        "C[C@H]1CN2CCC[C@@H]2CN1C(=O)N1Cc2c(NC(=O)c3ccccn3)n[nH]c2C1(C)C": 1
    },
    {
        "Cc1cc(C(=O)OC2CCCC2NC(=O)c2ccc(O)cc2)cc(C)c1C(=O)c1c(O)cccc1C(=O)O": 0
    },
    {
        "O=C1NC(=O)C(c2cn(CCCO)c3ccccc23)=C1Nc1ccccc1": 1
    },
    {
        "O=C(OCC(Cc1ccc(O)cc1)NS(=O)(=O)c1ccc2ccccc2c1)c1cc(O)c(C(=O)c2c(O)cccc2C(=O)O)c(O)c1": 1
    },
    {
        "CC[C@H]1CN2CCC[C@@]2(C)CN1C(=O)N1Cc2c(NC(=O)c3ccc(F)cn3)n[nH]c2C1(C)C": 1
    },
    {
        "Cc1cc(C(=O)Nc2n[nH]c3c2CN(C(=O)N2C[C@@H](C)N(CC4CCOCC4)C[C@@H]2C)C3(C)C)on1": 1
    },
    {
        "C[C@H]1CN2CCC[C@H]2CN1C(=O)N1Cc2c(NC(=O)c3cc(C(C)(C)C)nn3C)n[nH]c2C1(C)C": 1
    },
    {
        "COCCCN1C[C@H](C)N(C(=O)N2Cc3c(NC(=O)Cc4c(C)noc4C)n[nH]c3C2(C)C)C[C@H]1C": 1
    },
    {
        "C.C[C@H]1CN(CC2CCOCC2)CCN1C(=O)N1Cc2c(NC(=O)c3ccc(F)cn3)n[nH]c2C1(C)C": 1
    },
    {
        "C.Cc1ccnc(C(=O)Nc2n[nH]c3c2CN(C(=O)N2CCN(CC4CCOCC4)C[C@@H]2C)C3(C)C)c1": 1
    },
    {
        "C[C@H]1CN2CCC[C@H]2CN1C(=O)N1Cc2c(NC(=O)c3ccccc3)n[nH]c2C1(C)C": 1
    },
    {
        "CC1(C)c2[nH]nc(NC(=O)c3ccccn3)c2CN1C(=O)N1C[C@@H]2CCCN2C[C@@H]1CC1CCCCC1": 1
    },
    {
        "C[C@H]1CN(C)[C@H](C)CN1C(=O)N1Cc2c(NC(=O)c3ccccn3)n[nH]c2C1(C)C": 1
    },
    {
        "C[C@H]1CN(CCOCCO)[C@H](C)CN1C(=O)N1Cc2c(NC(=O)c3ccccn3)n[nH]c2C1(C)C": 1
    },
    {
        "COCCCN1C[C@H](C)N(C(=O)N2Cc3c(NC(=O)c4ccc(F)cn4)n[nH]c3C2(C)C)C[C@H]1C": 1
    },
    {
        "C[C@H]1CN2CCC[C@H]2CN1C(=O)N1Cc2c(NC(=O)c3cc(C(F)(F)F)ccc3F)n[nH]c2C1(C)C": 1
    },
    {
        "CCc1ocnc1C(=O)Nc1n[nH]c2c1CN(C(=O)N1C[C@@H](C)N(C)C[C@@H]1C)C2(C)C": 1
    },
    {
        "C[C@H]1CN(C)[C@H](C)CN1C(=O)N1Cc2c(NC(=O)c3coc(C4CC4)n3)n[nH]c2C1(C)C": 1
    },
    {
        "CCc1ocnc1C(=O)Nc1n[nH]c2c1CN(C(=O)N1C[C@@H](C)N(CC3CCOCC3)C[C@@H]1C)C2(C)C": 1
    },
    {
        "Cc1ccc2nc(N3CCN(C)CC3)nc(C3=C(c4c[nH]c5ccccc45)C(=O)NC3=O)c2c1": 1
    },
    {
        "CN(C)CCCn1nc(C2=C(c3cn(-c4cccs4)c4ccccc34)C(=O)NC2=O)c2ccccc21": 1
    },
    {
        "Nc1nc(Nc2ccc(S(N)(=O)=O)cc2)nn1C(=O)c1c(F)cccc1F": 0
    },
    {
        "NC1=NC(=O)/C(=C2\\CCNC(=O)c3[nH]c(Br)cc32)N1": 1
    },
    {
        "O=C1NC(=O)C(c2cnc3ccccn23)=C1c1cn2c3c(cc(F)cc13)CN(C(=O)N1CCCCC1)CC2": 1
    },
    {
        "CN1CCN(c2ccc(OC(F)(F)F)c(Nc3nccc(-c4cc5c(n4C)CCNC5=O)n3)c2)CC1": 0
    },
    {
        "CN(C)CCCn1nc(C2=C(c3cn(-c4ccc5ccccc5c4)c4ccccc34)C(=O)NC2=O)c2ccccc21": 1
    },
    {
        "CCCCCCCC(=O)O[C@H]1/C(=C/C(=O)OC)CC2C[C@H]([C@@H](C)O)OC(=O)C[C@H](O)CCO[C@H](C(C)(C)C)C[C@@H]3CCO[C@H](/C=C/C(C)(C)[C@]1(O)O2)O3": 1
    },
    {
        "O=C(OCC(COc1ccc(O)cc1)NS(=O)(=O)c1ccccc1)c1cc(O)c(C(=O)c2c(O)cccc2C(=O)O)c(O)c1": 1
    },
    {
        "O=C(Nc1cccc(-c2ccnc3cc(-c4ccncc4)nn23)c1)c1cccc(C(F)(F)F)c1": 0
    },
    {
        "O=C1NC(=O)C(c2cn(CCCO)c3ncccc23)=C1c1ccc(F)cc1Cl": 1
    },
    {
        "C=C(C)[C@@H]1CC[C@]2(C(=O)O)CC[C@]3(C)[C@H](CC[C@@H]4[C@@]5(C)CC[C@H](O)C(C)(C)[C@@H]5CC[C@]43C)[C@@H]12": 0
    },
    {
        "CO[C@@H](C(=O)N1Cc2n[nH]c(NC(=O)c3ccc(N4CCN(C)CC4)cc3)c2C1)c1ccccc1": 0
    },
    {
        "COc1nccc(-c2c(-c3ccc(F)cc3)ncn2C2CCNCC2)n1": 1
    },
    {
        "COc1ccccc1C1=C(c2cn(CCCNC(=O)OC(C)(C)C)c3ncccc23)C(=O)NC1=O": 1
    },
    {
        "O=C1NC(=O)C(c2c[nH]c3ccccc23)=C1Nc1cccc(F)c1": 1
    },
    {
        "O=C1NC(=O)C(c2c[nH]c3ccccc23)=C1c1c[nH]c2ccccc12": 1
    },
    {
        "O=C(Nc1n[nH]c2cc(C(=O)N[C@H](CN3CCCC3)c3ccccc3)sc12)c1ccc(N2CCOCC2)cc1": 1
    },
    {
        "COc1ccc2cc(-c3n[nH]c4cccnc34)[nH]c2c1": 0
    },
    {
        "CC(C)(N)CNc1nc(-c2ccncc2)cc2cnccc12": 1
    },
    {
        "N=C(N)SCCCn1c(-c2cc3ccccc3s2)c(C2=CC(=O)NC2=O)c2ccccc21": 1
    },
    {
        "C=Cn1cc(C2=C(c3nn(CCCN(C)C)c4ccccc34)C(=O)NC2=O)c2ccccc21": 1
    },
    {
        "CN(C)CCCn1nc(C2=C(c3cn(-c4cnc5ccccc5c4)c4ccccc34)C(=O)NC2=O)c2ccccc21": 1
    },
    {
        "O=C(NC1CNCCC[C@H]1OC(=O)c1cc(O)c(C(=O)c2ccc3ccccc3c2O)c(O)c1)c1ccc(O)cc1": 0
    },
    {
        "Cc1cc2c3c(c1)c(C1=C(c4cnc5ccccn45)C(=O)NC1=O)cn3CCN(C(=O)N1CCCCC1)C2": 1
    },
    {
        "O=C1NC(=O)C2=C1c1cn(c3ccccc13)CCO[C@H](CO)CCn1cc2c2ccccc21": 1
    },
    {
        "COc1ccc2cc(-c3c(-c4ccncc4)nc(-c4ccc([S+](C)[O-])cc4C)n3C)ccc2c1": 0
    },
    {
        "O=C(N[C@@H]1CCC[C@H]1OC(=O)c1cc(O)c(C(=O)c2c(O)cccc2NS(=O)(=O)C(F)(F)F)c(O)c1)c1ccc(O)cc1": 1
    },
    {
        "O=C1NC(=O)C2=C1c1cn(c3ncccc13)CCOCCOCCOCCn1cc2c2cccnc21": 1
    },
    {
        "O=C1NC(=O)C2=C1c1cn(c3ccccc13)CCCc1ccc(c(N3CCCC3)n1)CCCn1cc2c2ccccc21": 1
    },
    {
        "CC(C)C1C[C@@H](NC(=O)c2ccc(O)cc2)[C@H](OC(=O)c2cc(O)c(C(=O)c3c(O)cccc3C(=O)O)c(O)c2)C1": 1
    },
    {
        "O=C(NCCOC(=O)c1cc(O)c(C(=O)c2c(O)cccc2C(=O)O)c(O)c1)c1ccc(O)cc1": 1
    },
    {
        "O=C1NC(=O)C2=C1c1cn(c3ccccc13)CCO[C@H](CNS(=O)(=O)c1ccccc1)CCn1cc2c2ccccc21": 1
    },
    {
        "OCCCCNc1cncc(-c2cncc(Nc3cccc(Cl)c3)n2)c1": 0
    },
    {
        "Cc1nc(C)c(C(=O)Nc2n[nH]c3c2CN(C(=O)N2C[C@@H](C)N(CC4CCOCC4)C[C@@H]2C)C3(C)C)s1": 1
    },
    {
        "C[C@H]1CN(CC2CCOCC2)[C@H](C)CN1C(=O)N1Cc2c(NC(=O)c3cc(C4CC4)on3)n[nH]c2C1(C)C": 1
    },
    {
        "C[C@H]1CN(CC2CCOCC2)[C@H](C)CN1C(=O)N1Cc2c(NC(=O)c3cc(C4CC4)n[nH]3)n[nH]c2C1(C)C": 1
    },
    {
        "C.COc1ccc(C(=O)Nc2n[nH]c3c2CN(C(=O)N2CCN(CC4CCOCC4)C[C@@H]2C)C3(C)C)nc1": 1
    },
    {
        "C.C.C[C@H]1CN(CC2CCOCC2)CCN1C(=O)N1Cc2c(NC(=O)c3cocn3)n[nH]c2C1(C)C": 1
    },
    {
        "Cn1nnc(-c2cccc(O)c2C(=O)c2c(O)cc(C(=O)O[C@@H]3CCC[C@H]3NC(=O)c3ccc(O)cc3)cc2O)n1": 1
    },
    {
        "Nc1nccc(-c2cc3c([nH]2)[C@@H](CCF)CNC3=O)n1": 1
    },
    {
        "COCCCn1cc(C2=C(c3ccccc3O)C(=O)NC2=O)c2cccnc21": 1
    },
    {
        "O=C1NC(=O)C2=C1c1cn(c3ccccc13)CCCOC(CO)CCn1cc2c2ccccc21": 1
    },
    {
        "O=C(NC1CNCC1OC(=O)c1cc(O)c(C(=O)c2c(C(=O)O)ccc3ccccc23)c(O)c1)c1ccc(O)cc1": 1
    },
    {
        "Cc1ccc(F)c(C(=O)n2nc(Nc3ccc(S(N)(=O)=O)cc3)nc2C)c1F": 0
    },
    {
        "C=C(C)[C@@H]1CC[C@]2(C(=O)O)CC[C@]3(C)[C@H](CC[C@@H]4[C@@]5(C)CC[C@H](OC(=O)CCC(=O)O)C(C)(C)[C@@H]5CC[C@]43C)[C@@H]12": 0
    },
    {
        "Cc1c(Nc2c(C#N)cncc2/C=C/CCN2CCNCC2)ccc2[nH]ccc12": 1
    },
    {
        "C[C@@H](Oc1ccc2ncc(/C=C/C(N)=O)cc2c1)c1c(Cl)ccc(F)c1Cl": 0
    },
    {
        "O=C(NC1CNCC1OC(=O)c1cc(O)c(C(=O)Nc2ccccc2C(=O)O)c(O)c1)c1ccc(O)cc1": 0
    },
    {
        "O=C1NC(=O)C(c2cn(CCCO)c3ncccc23)=C1c1ccccc1C(F)(F)F": 1
    },
    {
        "O=C(Nc1cccc(-c2cn3ccnc3c(NCc3ccncc3)n2)c1)Nc1cccc(C(F)(F)F)c1": 0
    },
    {
        "CC(C)N1CCOCCn2cc(c3ccccc32)C2=C(C(=O)NC2=O)c2cn(c3ccccc23)CCOCC1": 1
    },
    {
        "O=C(NC1CCCC1OC(=O)c1cc(O)c(C(=O)c2c(O)cccc2NC(=O)C(F)(F)F)c(O)c1)c1ccc(O)cc1": 0
    },
    {
        "CN1CCN(C)CCn2cc(c3ccccc32)C2=C(C(=O)NC2=O)c2cn(c3ccccc23)CCN(C)CC1": 1
    },
    {
        "CN(C)CCCn1cc(C2=C(c3ccccc3Cl)C(=O)NC2=O)c2cccnc21": 1
    },
    {
        "C[C@H]1CN2CCC[C@H]2CN1C(=O)N1Cc2c(NC(=O)c3c(F)cccc3C(F)(F)F)n[nH]c2C1(C)C": 1
    },
    {
        "O=C(NC1CNCCC[C@H]1OC(=O)c1cc(O)c(C(=O)C2CCCC[C@H]2C(=O)O)c(O)c1)c1ccc(O)cc1": 0
    },
    {
        "COc1cc(C(=O)O[C@@H]2CCCNCC2NC(=O)c2ccc(O)cc2)cc(OC)c1C(=O)c1c(O)cccc1O": 0
    },
    {
        "COCCCN1C[C@H](C)N(C(=O)N2Cc3c(NC(=O)c4cnccn4)n[nH]c3C2(C)C)C[C@H]1C": 1
    },
    {
        "O=C1NC(=O)C2=C1c1cn(c3ccccc13)CCOCCOCCOCCn1cc2c2cccnc21": 1
    },
    {
        "CN(C)CCNc1cncc(-c2cncc(Nc3cccc(Cl)c3)n2)c1": 0
    },
    {
        "COC(=O)c1cccc(O)c1C(=O)c1c(O)cc(C(=O)OC[C@@H](Cc2ccc(O)cc2)NS(=O)(=O)c2ccccc2)cc1O": 1
    },
    {
        "CNC(=O)c1nn(C)c2c1C(C)(C)Cc1cnc(Nc3ccc(N4CCN(C)CC4)cc3)nc1-2": 0
    },
    {
        "N#Cc1cccc(O)c1C(=O)c1c(O)cc(C(=O)OC2CCCC2NC(=O)c2ccc(O)cc2)cc1O": 1
    },
    {
        "CS(=O)(=O)Nc1cccc(O)c1C(=O)c1c(O)cc(C(=O)O[C@@H]2CCC[C@H]2NC(=O)c2ccc(O)cc2)cc1O": 1
    },
    {
        "O=C(Cc1ccc2ccccc2c1)Nc1cc(C2CC2)n[nH]1": 0
    },
    {
        "CCn1cc(C2=C(c3cn(CCCO)c4ncccc34)C(=O)NC2=O)c2cccnc21": 1
    },
    {
        "CC(C)C[C@H]1CN2CCC[C@H]2CN1C(=O)N1Cc2c(NC(=O)c3ccc4ccccc4n3)n[nH]c2C1(C)C": 1
    },
    {
        "CC1(C)c2[nH]nc(NC(=O)c3ccccc3)c2CN1C(=O)N1CCN2CCCC2C1": 1
    },
    {
        "CN1CCN(c2nc(C3=C(c4c[nH]c5ccccc45)C(=O)NC3=O)c3cc(Cl)ccc3n2)CC1": 1
    },
    {
        "COc1cc(Nc2nc(N[C@H]3CCCC[C@H]3N)n3ncnc3c2C(N)=O)cc(OC)c1": 1
    },
    {
        "CC(C)[C@H](CO)Nc1nc(Nc2cccc(Cl)c2)c2ncn(C(C)C)c2n1": 0
    },
    {
        "C[C@H]1CN(C2CCOCC2)[C@H](C)CN1C(=O)N1Cc2c(NC(=O)c3ccc(Cl)cn3)n[nH]c2C1(C)C": 1
    },
    {
        "CN1CCN(CCOc2cccc(-c3cncc(C#N)c3Nc3cccc4[nH]ccc34)c2)CC1": 1
    },
    {
        "O=C(NC1CNCCC[C@H]1OC(=O)c1cc(O)c(C2OC(=O)c3cccc(O)c32)c(O)c1)c1ccc(O)cc1": 1
    },
    {
        "Br.N=C(N)SCCCn1cc(C2=C(Nc3ccccc3)C(=O)NC2=O)c2ccccc21": 1
    },
    {
        "CCn1nc(C)cc1C(=O)Nc1n[nH]c2c1CN(C(=O)N1C[C@@H](C)N(CC3CCOCC3)C[C@@H]1C)C2(C)C": 1
    },
    {
        "CCc1cc(C(=O)Nc2n[nH]c3c2CN(C(=O)N2C[C@@H](C)N(CC4CCOCC4)C[C@@H]2C)C3(C)C)no1": 1
    },
    {
        "C[C@H]1CN2CCC[C@H]2CN1C(=O)N1Cc2c(NC(=O)c3cccc(Cl)c3)n[nH]c2C1(C)C": 1
    },
    {
        "CN(Cc1ccc2ccc(Cl)c(C3=C(c4cn(C)c5ccccc45)C(=O)NC3=O)c2c1)C1CC1": 1
    },
    {
        "Cc1c(Nc2c(C#N)cncc2/C=C/CCN2CCC[C@@H](N)C2)ccc2[nH]ccc12": 0
    },
    {
        "NCCNc1nc(-c2ccncc2)cc2cnccc12": 1
    },
    {
        "O=C1NC(=O)C2=C1c1cn(c3ccccc13)CCO[C@H](CN1CCOCC1)CCn1cc2c2ccccc21": 1
    },
    {
        "O=C(NC1CNCCC[C@H]1OC(=O)c1cc(O)c(C(=O)c2c(O)cccc2O)c(O)c1)c1ccc(O)cc1": 1
    },
    {
        "O=C(NC1CNCCC[C@H]1OC(=O)c1cc(O)c2c(=O)c3c(C(=O)O)cccc3oc2c1)c1ccc(O)cc1": 0
    },
    {
        "O=C(NC1CNCC1OC(=O)c1cc(O)c(C(=O)c2c(O)ccc3ccccc23)c(O)c1)c1ccc(O)cc1": 1
    },
    {
        "C[C@H]1CN2CCC[C@H]2CN1C(=O)N1Cc2c(NC(=O)c3cncs3)n[nH]c2C1(C)C": 1
    },
    {
        "Cc1cc(C(=O)Nc2n[nH]c3c2CN(C(=O)N2C[C@@H]4CCCN4C[C@@H]2C)C3(C)C)nn1C": 1
    },
    {
        "CN(C)CCCn1cc(C2=C(Nc3cccc(Cl)c3)C(=O)NC2=O)c2ccccc21": 1
    },
    {
        "CNC(=O)c1nn(C)c2c1CCc1cnc(NC3CCN(C(=O)C4CCN(S(C)(=O)=O)CC4)CC3)nc1-2": 0
    },
    {
        "Cc1nc(C)c(C(=O)Nc2n[nH]c3c2CN(C(=O)N2C[C@@H](C)N(CCCO)C[C@@H]2C)C3(C)C)o1": 1
    },
    {
        "C.COc1cccc(C(=O)Nc2n[nH]c3c2CN(C(=O)N2CCN(CC4CCOCC4)C[C@@H]2C)C3(C)C)n1": 1
    },
    {
        "C.Cc1ccc(C(=O)Nc2n[nH]c3c2CN(C(=O)N2CCN(CC4CCOCC4)C[C@@H]2C)C3(C)C)nc1": 1
    },
    {
        "C.Cc1cc(C(=O)Nc2n[nH]c3c2CN(C(=O)N2CCN(CC4CCOCC4)C[C@@H]2C)C3(C)C)n(C)n1": 1
    },
    {
        "C.C[C@H]1CN(CC2CCOCC2)CCN1C(=O)N1Cc2c(NC(=O)c3coc(C4CC4)n3)n[nH]c2C1(C)C": 1
    },
    {
        "CCCCCCn1cc2c3c(cccc31)N(C)[C@@H](C(C)C)C(=O)N[C@H](CO)C2": 1
    },
    {
        "CC1=C[C@]23C(=O)[C@@H](C=C(CO)C[C@]2(O)[C@H]1OC(=O)C1(C)CCCCC1)[C@H]1[C@@H](C[C@H]3C)C1(C)C": 1
    },
    {
        "C[C@H]1CN(CCCCC#N)[C@H](C)CN1C(=O)N1Cc2c(NC(=O)c3ccccn3)n[nH]c2C1(C)C": 1
    },
    {
        "Cc1ncoc1C(=O)Nc1n[nH]c2c1CN(C(=O)N1C[C@@H](C)N(C)C[C@@H]1C)C2(C)C": 1
    },
    {
        "CC1(C)c2[nH]nc(NC(=O)c3ccccc3Cl)c2CN1C(=O)N1C[C@@H]2CCCN2C[C@@H]1Cc1ccccc1": 1
    },
    {
        "O=C(NC1CCCC1OC(=O)c1cc(O)c(-c2nnc(O)c3cccc(O)c23)c(O)c1)c1ccc(O)cc1": 0
    },
    {
        "O=C1NC(=S)N/C1=C\\c1ccc2ncsc2c1": 0
    },
    {
        "C.CC1c2[nH]nc(NC(=O)c3ccccc3)c2CN1C(=O)N1CCN(C)C[C@@H]1Cc1ccccc1": 1
    },
    {
        "CN1CCN(C(=O)N2Cc3c(NC(=O)c4cc5ccccc5o4)n[nH]c3C2(C)C)[C@@H](Cc2ccccc2)C1": 1
    },
    {
        "C[C@H]1CN2CCC[C@H]2CN1C(=O)N1Cc2c(NC(=O)c3cc(Cl)ccc3F)n[nH]c2C1(C)C": 1
    },
    {
        "C.COc1cccc(C(=O)Nc2n[nH]c3c2CN(C(=O)N2C[C@@H]4CCCN4C[C@@H]2C)C3(C)C)c1": 1
    },
    {
        "CC[C@H]1CN2CCC[C@H]2CN1C(=O)N1Cc2c(NC(=O)c3ccccc3)n[nH]c2C1(C)C": 1
    },
    {
        "CC[C@H]1CN2CCC[C@H]2CN1C(=O)N1Cc2c(NC(=O)c3ccccn3)n[nH]c2C1(C)C": 1
    },
    {
        "C.CC(C)[C@H]1CN(C)C(C)CN1C(=O)N1Cc2c(NC(=O)c3ccc(Cl)cn3)n[nH]c2C1(C)C": 1
    },
    {
        "CN(C)Cc1ccc2ccc(Cl)c(C3=C(c4c[nH]c5ccccc45)C(=O)NC3=O)c2c1": 1
    },
    {
        "CCC1CN(C(=O)N2Cc3c(NC(=O)c4ccccn4)n[nH]c3C2(C)C)CCN1C": 1
    },
    {
        "CCC1(C)c2[nH]nc(NC(=O)c3ncc(F)cc3F)c2CN1C(=O)C1C[C@@H]2CCCN2C[C@@H]1C": 1
    },
    {
        "C[C@H]1CN2CCC[C@H]2CN1C(=O)N1Cc2c(NC(=O)c3cc(N(C)C)ccn3)n[nH]c2C1(C)C": 1
    },
    {
        "CN1CCN(C[C@@H](NC(=O)C[C@H]2CNC(=O)c3cc(-c4cccc(Cl)c4)cn32)C2CCCCC2)CC1": 0
    },
    {
        "NC(=O)c1cc(F)cc2c1C(=O)N(C1CCN(C3CCC(F)(F)CC3)CC1)C2": 0
    },
    {
        "COc1cccc(OC)c1C(=O)c1c(O)cc(C(=O)O[C@@H]2CCCNCC2NC(=O)c2ccc(O)cc2)cc1O": 0
    },
    {
        "COc1ccc(COc2ccc(Cc3cnc(N)nc3N)cc2OC)cc1": 0
    },
    {
        "CN1CCN(c2nc(C3=C(c4c[nH]c5cccc(Cl)c45)C(=O)NC3=O)c3ccccc3n2)CC1": 1
    },
    {
        "CN1CCN(c2nc(C3=C(c4c[nH]c5ccc(Cl)cc45)C(=O)NC3=O)c3ccccc3n2)CC1": 1
    },
    {
        "CN1CCN(c2nc(C3=C(c4c[nH]c5c(Cl)cccc45)C(=O)NC3=O)c3ccccc3n2)CC1": 1
    },
    {
        "C.C[C@H]1CN(CC2CC2)CCN1C(=O)N1Cc2c(NC(=O)c3ccccn3)n[nH]c2C1(C)C": 1
    },
    {
        "CC1CN(C(=O)N2Cc3c(NC(=O)c4ccccn4)n[nH]c3C2(C)C)C(C)CN1CCCO": 1
    },
    {
        "C[C@H]1CN2C[C@H]3CC3[C@H]2CN1C(=O)N1Cc2c(NC(=O)c3ccccn3)n[nH]c2C1(C)C": 1
    },
    {
        "C.CCCCN1CCN(C(=O)N2Cc3c(NC(=O)c4ccc(F)cc4F)n[nH]c3C2(C)C)[C@@H](C)C1": 1
    },
    {
        "CCc1ccc(C(=O)Nc2n[nH]c3c2CN(C(=O)N2C[C@@H](C)N(C4CCOCC4)C[C@@H]2C)C3(C)C)nc1": 1
    },
    {
        "C[C@H]1CN2CCC[C@H]2CN1C(=O)N1Cc2c(NC(=O)c3ccc4ccccc4n3)n[nH]c2C1(C)C": 1
    },
    {
        "COCCN1C[C@H](C)N(C(=O)N2Cc3c(NC(=O)c4ccccn4)n[nH]c3C2(C)C)C[C@H]1C": 1
    },
    {
        "Cc1cnc(C(=O)Nc2n[nH]c3c2CN(C(=O)N2C[C@@H]4CCCN4C[C@@H]2C)C3(C)C)cn1": 1
    },
    {
        "C[C@H]1CN2CCC[C@H]2CN1C(=O)N1Cc2c(NC(=O)c3ccc4cnccc4n3)n[nH]c2C1(C)C": 1
    },
    {
        "CCc1nc(C)c(C(=O)Nc2n[nH]c3c2CN(C(=O)N2C[C@@H](C)N(CC4CCOCC4)C[C@@H]2C)C3(C)C)o1": 1
    },
    {
        "C[C@@H](CCCc1cccc(O)c1)[C@H]1O[C@@]23C[C@H](OC(=O)C[C@H]([C@@H](C)O)OC(=O)C[C@](O)(O2)[C@H](C)CC3(C)C)[C@@H]1C": 1
    },
    {
        "C[C@H]1[C@@H]2C[C@@]3(O[C@H](CCC3(C)C)CC(=O)O[C@@H](CO)CC(=O)O2)O[C@@H]1CCCCc1cccc(O)c1": 1
    },
    {
        "CN1CCN(c2ccc(OC(F)(F)F)c(Nc3ncc4c(n3)-c3c(c(C(N)=O)nn3CCO)CC4)c2)CC1": 0
    },
    {
        "C.CC(C)N1CCN(C(=O)N2Cc3c(NC(=O)c4ccccn4)n[nH]c3C2(C)C)[C@@H](C)C1": 1
    },
    {
        "C.CCCN1CCN(C(=O)N2Cc3c(NC(=O)c4ccccn4)n[nH]c3C2(C)CC)[C@@H](C)C1": 1
    },
    {
        "C.C[C@H]1CN(CC2CC2)CCN1C(=O)N1Cc2c(NC(=O)c3ccc(F)cc3F)n[nH]c2C1(C)C": 1
    },
    {
        "C[C@H]1CN2CCC[C@H]2CN1C(=O)N1Cc2c(NC(=O)C3CCCCO3)n[nH]c2C1(C)C": 1
    },
    {
        "CC[C@H]1CN(C(=O)N2Cc3c(NC(=O)c4ccccn4)n[nH]c3C2(C)C)[C@@H](C)CN1C": 1
    },
    {
        "C[C@H]1CN(CCO)[C@H](C)CN1C(=O)N1Cc2c(NC(=O)c3ccc(F)cn3)n[nH]c2C1(C)C": 1
    },
    {
        "CC[C@H](C)[C@H]1CN2C[C@H](O)C[C@H]2CN1C(=O)N1Cc2c(NC(=O)c3ccccn3)n[nH]c2C1(C)C": 1
    },
    {
        "C[C@H]1CN2CCC[C@H]2CN1C(=O)N1Cc2c(NC(=O)c3ccc(F)cn3)n[nH]c2C1(C)C": 1
    },
    {
        "COCCN1C[C@H](C)N(C(=O)N2Cc3c(NC(=O)c4ccc(F)cn4)n[nH]c3C2(C)C)C[C@H]1C": 1
    },
    {
        "Cc1ocnc1C(=O)Nc1n[nH]c2c1CN(C(=O)N1C[C@@H](C)N(C)C[C@@H]1C)C2(C)C": 1
    },
    {
        "C[C@H]1CN2CCC[C@H]2CN1C(=O)N1Cc2c(NC(=O)c3ccnn3C)n[nH]c2C1(C)C": 1
    },
    {
        "CCc1cc(C(=O)Nc2n[nH]c3c2CN(C(=O)N2C[C@@H](C)N(CCCOC)C[C@@H]2C)C3(C)C)n(C)n1": 1
    },
    {
        "CC(C)(C)NS(=O)(=O)c1cncc(-c2ccn3nc(N)nc3c2)c1": 0
    },
    {
        "O=C(NC1CNCCC[C@H]1OC(=O)c1cc(O)c(C(=O)c2ccccc2O)c(O)c1)c1ccc(O)cc1": 0
    },
    {
        "CN1CCN(c2nc(C3=C(c4c[nH]c5ccccc45)C(=O)NC3=O)c3ccc(F)cc3n2)CC1": 1
    },
    {
        "Cc1cccc(C)c1Nc1ncc(-c2ccc(OCC3CCCN(C)C3)cc2)n2cncc12.Cl": 0
    },
    {
        "O=C1NC(=O)C(c2c[nH]c3ccccc23)=C1c1nc(N2CCNCC2)nc2ccccc12": 1
    },
    {
        "O=C1C[C@H]2CCC[C@]3(C[C@@H](C[C@@H](CCCCc4ccccc4)O3)OC(=O)C[C@H](CO)O1)O2": 1
    },
    {
        "Cc1ccc(C(=O)Nc2n[nH]c3c2CN(C(=O)N2C[C@@H](C)N(C4CCOCC4)C[C@@H]2C)C3(C)C)nc1": 1
    },
    {
        "C[C@H]1CN(CC2CCOCC2)[C@H](C)CN1C(=O)N1Cc2c(NC(=O)c3ccc(C(F)(F)F)cn3)n[nH]c2C1(C)C": 1
    },
    {
        "CC(C)=C1CC(CO)(COC(=O)c2ccc(C#Cc3ccc(C)cc3)cc2)OC1=O": 1
    },
    {
        "Cn1cc(C2=C(c3cccc4ccc(CN)cc34)C(=O)NC2=O)c2ccccc21": 1
    },
    {
        "C.COCCCN1CCN(C(=O)N2Cc3c(NC(=O)c4ccc(F)cc4F)n[nH]c3C2(C)C)[C@@H](C)C1": 1
    },
    {
        "C[C@H]1CN2CCC[C@@]2(C)CN1C(=O)N1Cc2c(NC(=O)c3ccc(F)cn3)n[nH]c2C1(C)C": 1
    },
    {
        "COCCCN1C[C@H](C)N(C(=O)N2Cc3c(NC(=O)c4ocnc4C)n[nH]c3C2(C)C)C[C@H]1C": 1
    },
    {
        "Cc1nc(C)c(C(=O)Nc2n[nH]c3c2CN(C(=O)N2C[C@@H](C)N(CC4CCOCC4)C[C@@H]2C)C3(C)C)o1": 1
    },
    {
        "NCc1ccc2cccc(C3=C(c4c[nH]c5ccccc45)C(=O)NC3=O)c2c1": 1
    },
    {
        "C[C@H]1CN(CC2(C)COC2)[C@H](C)CN1C(=O)N1Cc2c(NC(=O)c3ccccn3)n[nH]c2C1(C)C": 1
    },
    {
        "C.C[C@H]1CN(CC2(O)CCOCC2)CCN1C(=O)N1Cc2c(NC(=O)c3ccccn3)n[nH]c2C1(C)C": 1
    },
    {
        "Cc1ccc(C(=O)Nc2ccon2)cc1NC(=O)c1cnn(-c2ccccc2F)c1N": 0
    },
    {
        "CN1CCN(c2nc(C3=C(c4cn(C)c5ccccc45)C(=O)NC3=O)c3ccccc3n2)CC1": 1
    },
    {
        "CC(=O)N1CCC(Nc2ncc3c(n2)-c2c(c(C(N)=O)nn2C)CC3)CC1": 0
    },
    {
        "CC1=C[C@]23C(=O)[C@@H](C=C(CO)C[C@@H]2[C@H]1OC(=O)C1(C)CCCCC1)[C@H]1[C@@H](C[C@H]3C)C1(C)C": 1
    },
    {
        "CC1=C[C@@]23CC[C@@H]4[C@H]([C@H](C=C(CO)[C@@H](O)[C@]2(O)[C@H]1OC(=O)C1(C)CCCCC1)C3=O)C4(C)C": 1
    },
    {
        "C[C@H]1CN(CC2CCOCC2)[C@H](C)CN1C(=O)N1Cc2c(NC(=O)c3ccn(C)n3)n[nH]c2C1(C)C": 1
    },
    {
        "C.C.CCn1cnc(C(=O)Nc2n[nH]c3c2CN(C(=O)N2CCN(CC4CCOCC4)C[C@@H]2C)C3(C)C)c1": 1
    },
    {
        "Cc1noc(C)c1CC(=O)Nc1n[nH]c2c1CN(C(=O)N1C[C@@H](C)N(CC3CCOCC3)C[C@@H]1C)C2(C)C": 1
    },
    {
        "COc1ccc(-c2cncc(C#N)c2Nc2ccc3[nH]ccc3c2)cc1OC": 0
    },
    {
        "Nc1nc2c3ccc(NCCO)cc3nc(Cc3ccc4c(c3)OCO4)n2n1": 0
    },
    {
        "C[C@@H]1CC(C)(C)[C@@]23C[C@@H](C[C@@H](CCCCc4cccc(O)c4)O2)OC(=O)C[C@H](CO)OC(=O)C[C@@H]1O3": 1
    },
    {
        "C.C.CC1c2[nH]nc(NC(=O)c3ccccn3)c2CN1C(=O)N1C[C@@H]2CCCN2C[C@@H]1C": 1
    },
    {
        "C.CC1c2[nH]nc(NC(=O)c3ccccc3F)c2CN1C(=O)N1C[C@@H]2CCCN2C[C@@H]1Cc1ccccc1": 1
    },
    {
        "CC1CN(C(=O)N2Cc3c(NC(=O)c4ccccn4)n[nH]c3C2(C)C)C(C)CN1": 1
    },
    {
        "Cc1cc(C(=O)Nc2n[nH]c3c2CN(C(=O)N2C[C@@H]4CCCN4C[C@@H]2C)C3(C)C)nc(Cl)n1": 1
    },
    {
        "CC[C@H]1CN2CCC[C@@H]2CN1C(=O)N1Cc2c(CC(=O)c3ccccn3)n[nH]c2C1(C)C": 1
    },
    {
        "C[C@H]1CN2C[C@@H](F)C[C@H]2CN1C(=O)N1Cc2c(NC(=O)c3ccccn3)n[nH]c2C1(C)C": 1
    },
    {
        "C.C[C@H]1CN(C2CCC2)CCN1C(=O)N1Cc2c(NC(=O)c3ccc(F)cc3F)n[nH]c2C1(C)C": 1
    },
    {
        "C.CO[C@@H]1CN2C[C@H](C)N(C(=O)N3Cc4c(NC(=O)c5ccccn5)n[nH]c4C3(C)C)C[C@@H]2C1C": 1
    },
    {
        "C.CCCN1CCN(C(=O)N2Cc3c(NC(=O)c4ccccn4)n[nH]c3C2(C)C)[C@@H](C)C1": 1
    },
    {
        "CCN1C[C@H](C)N(C(=O)N2Cc3c(NC(=O)c4ccc(F)cn4)n[nH]c3C2(C)C)C[C@@H]1C": 1
    },
    {
        "C[C@H]1CN2CCC[C@H]2CN1C(=O)N1Cc2c(NC(=O)c3ccc(C(F)(F)F)cn3)n[nH]c2C1(C)C": 1
    },
    {
        "C[C@H]1CN(CC2CCOCC2)[C@H](C)CN1C(=O)N1Cc2c(NC(=O)c3ccccn3)n[nH]c2C12CC2": 1
    },
    {
        "C[C@H]1CN2CCC[C@H]2CN1C(=O)N1Cc2c(NC(=O)c3cc4ccccc4cn3)n[nH]c2C1(C)C": 1
    },
    {
        "Cc1cc(C(=O)Nc2n[nH]c3c2CN(C(=O)N2C[C@@H]4CCCN4C[C@@H]2C)C3(C)C)ccc1F": 1
    },
    {
        "C[C@H]1CN(C)[C@H](C)CN1C(=O)N1Cc2c(NC(=O)c3cc(C4CC4)on3)n[nH]c2C1(C)C": 1
    },
    {
        "Cc1nc(C(=O)Nc2n[nH]c3c2CN(C(=O)N2C[C@@H]4CCCN4C[C@@H]2C)C3(C)C)cs1": 1
    },
    {
        "Cc1cc(C(=O)Nc2n[nH]c3c2CN(C(=O)N2C[C@@H](C)N(CC4CCOCC4)C[C@@H]2C)C3(C)C)no1": 1
    },
    {
        "CC(C)=C1CC(CO)(COC(=O)COc2ccc(C#Cc3ccc(C)cc3)cc2)OC1=O": 1
    },
    {
        "Cc1c(Nc2c(C#N)cncc2/C=C/CCN2CCC(NS(C)(=O)=O)CC2)ccc2[nH]ccc12": 1
    },
    {
        "Cc1c(Nc2c(C#N)cnc3sc(-c4cccc(CN(C)C)c4)cc23)ccc2[nH]ccc12": 1
    },
    {
        "CN1CCN(c2nc(C3=C(c4c[nH]c5cc(Cl)ccc45)C(=O)NC3=O)c3ccccc3n2)CC1": 1
    },
    {
        "CN(C1=C(c2c[nH]c3ccccc23)C(=O)NC1=O)c1ccccc1": 1
    },
    {
        "O=C1NC(=O)C(c2cnc3ccccn23)=C1c1cn2c3c(cccc13)CN(C(=O)N1CCOCC1)CC2": 1
    },
    {
        "CC1(C)c2[nH]nc(NC(=O)c3cccc(F)c3F)c2CN1C(=O)N1C[C@@H]2CCCN2C[C@@H]1Cc1ccccc1": 1
    },
    {
        "C[C@H]1CN2CCC[C@H]2CN1C(=O)N1Cc2c(NC(=O)c3ccc(OC(F)(F)F)cc3)n[nH]c2C1(C)C": 1
    },
    {
        "C[C@H]1CN2CCC[C@H]2CN1C(=O)N1Cc2c(NC(=O)c3cscn3)n[nH]c2C1(C)C": 1
    },
    {
        "COc1cc(C(=O)Nc2n[nH]c3c2CN(C(=O)N2C[C@@H]4CCCN4C[C@@H]2C)C3(C)C)nc(OC)n1": 1
    },
    {
        "C[C@H]1CN2CCC[C@H]2CN1C(=O)N1Cc2c(NC(=O)c3cc4cccn4cn3)n[nH]c2C1(C)C": 1
    },
    {
        "C[C@H]1CN2CCC[C@H]2CN1C(=O)C1Cc2c(NC(=O)c3cc(Cl)cc(Cl)c3)n[nH]c2C1(C)C": 1
    },
    {
        "C[C@H]1CN2CCC[C@H]2CN1C(=O)N1Cc2c(NC(=O)c3ccc(Cl)cn3)n[nH]c2C1(C)C": 1
    },
    {
        "C[C@H]1CN2CCC[C@H]2CN1C(=O)N1Cc2c(NC(=O)c3nc(Cl)c(Cl)s3)n[nH]c2C1(C)C": 1
    },
    {
        "CC[C@H](C)[C@H]1CN2CCC[C@@H]2CN1C(=O)N1Cc2c(NC(=O)c3ccccn3)n[nH]c2C1(C)C": 1
    },
    {
        "CC(C)[C@H]1CN2CCC[C@H]2CN1C(=O)N1Cc2c(NC(=O)c3ccccn3)n[nH]c2C1(C)C": 1
    },
    {
        "C[C@H]1CN(CC2CCOC2)[C@H](C)CN1C(=O)N1Cc2c(NC(=O)c3ccccn3)n[nH]c2C1(C)C": 1
    },
    {
        "O=C1NCCc2[nH]c(-c3ccncc3)cc21": 0
    },
    {
        "C[C@H]1CN(C)C(C)(C)CN1C(=O)N1Cc2c(NC(=O)c3ccc(F)cc3F)n[nH]c2C1(C)C": 1
    },
    {
        "C.CCN1CCN(C(=O)N2Cc3c(NC(=O)c4ccccn4)n[nH]c3C2(C)C)[C@@H](C)C1": 1
    },
    {
        "C[C@H]1CN(C2CCOCC2)[C@H](C)CN1C(=O)N1Cc2c(NC(=O)c3ccccn3)n[nH]c2C1(C)C": 1
    },
    {
        "CC1(C)c2[nH]nc(NC(=O)c3ccccn3)c2CN1C(=O)C1(F)CCN(C2CCOCC2)CC1": 1
    },
    {
        "CCc1nc(C)c(C(=O)Nc2n[nH]c3c2CN(C(=O)N2C[C@@H](C)N(CCCOC)C[C@@H]2C)C3(C)C)o1": 1
    },
    {
        "C.C[C@H]1CN(CC2CCOCC2)CCN1C(=O)N1Cc2c(NC(=O)c3cn(C4CCC4)cn3)n[nH]c2C1(C)C": 1
    },
    {
        "C.C[C@H]1CN(CC2CCOCC2)CCN1C(=O)N1Cc2c(NC(=O)c3ccccc3)n[nH]c2C1(C)C": 1
    },
    {
        "C.Cc1cccc(C(=O)Nc2n[nH]c3c2CN(C(=O)N2CCN(CC4CCOCC4)C[C@@H]2C)C3(C)C)c1": 1
    },
    {
        "C.C[C@H]1CN(CC2CCOCC2)CCN1C(=O)N1Cc2c(NC(=O)c3cccc(F)c3)n[nH]c2C1(C)C": 1
    },
    {
        "C.C[C@H]1CN(CC2CCOCC2)CCN1C(=O)N1Cc2c(NC(=O)c3cccc(C#N)c3)n[nH]c2C1(C)C": 1
    },
    {
        "Cc1cc(C(=O)Nc2n[nH]c3c2CN(C(=O)N2C[C@@H]4CCCN4C[C@@H]2C)C3(C)C)nc(C)n1": 1
    },
    {
        "CCN1C[C@H](C)N(C(=O)N2Cc3c(NC(=O)c4ccccn4)n[nH]c3C2(C)C)C[C@H]1C": 1
    },
    {
        "C.C[C@H]1CN(C)CCN1C(=O)N1Cc2c(NC(=O)c3ccccn3)n[nH]c2C1(C)C": 1
    },
    {
        "C.CCCCN1CCN(C(=O)N2Cc3c(NC(=O)c4ccccn4)n[nH]c3C2(C)C)[C@@H](C)C1": 1
    },
    {
        "C[C@H]1CN(CC2CCOCC2)[C@H](C)CN1C(=O)N1Cc2c(NC(=O)c3ccccn3)n[nH]c2C1(C)C": 1
    },
    {
        "C[C@H]1CN([C@H](C)CCO)[C@H](C)CN1C(=O)N1Cc2c(NC(=O)c3ccccn3)n[nH]c2C1(C)C": 1
    },
    {
        "C[C@H]1CN(CCCO)[C@H](C)CN1C(=O)N1Cc2c(NC(=O)c3ccc(F)cn3)n[nH]c2C1(C)C": 1
    },
    {
        "C[C@H]1CN2CCC[C@H]2CN1C(=O)N1Cc2c(NC(=O)c3cc(C4CC4)n[nH]3)n[nH]c2C1(C)C": 1
    },
    {
        "Cc1nonc1C(=O)Nc1n[nH]c2c1CN(C(=O)N1C[C@@H](C)N(CC3CCOCC3)C[C@@H]1C)C2(C)C": 1
    },
    {
        "Cc1nc(C(=O)Nc2n[nH]c3c2CN(C(=O)N2C[C@@H](C)N(CC4CCOCC4)C[C@@H]2C)C3(C)C)c(C)o1": 1
    },
    {
        "C[C@H]1CN2CCC[C@H]2CC1C(=O)N1Cc2c(NC(=O)c3csc(Br)n3)n[nH]c2C1(C)C": 1
    },
    {
        "C[C@H]1CN(C)C2(CCC2)CN1C(=O)N1Cc2c(NC(=O)c3ccccn3)n[nH]c2C1(C)C": 1
    },
    {
        "CCN1C[C@H](C)N(C(=O)N2Cc3c(NC(=O)c4cnccn4)n[nH]c3C2(C)C)C[C@H]1C": 1
    },
    {
        "CCc1nc(C)c(C(=O)Nc2n[nH]c3c2CN(C(=O)N2C[C@@H](C)N(C)C[C@@H]2C)C3(C)C)o1": 1
    },
    {
        "CN1CCN(Cc2ccc3ccc(Cl)c(C4=C(c5cn(C)c6ccccc56)C(=O)NC4=O)c3c2)CC1": 1
    },
    {
        "COc1ccc(C(=O)Nc2n[nH]c3c2CN(C(=O)N2C[C@@H]4CCCN4C[C@@H]2Cc2ccccc2)C3(C)C)cc1": 1
    },
    {
        "Cc1cccc(C(=O)Nc2n[nH]c3c2CN(C(=O)N2C[C@@H]4CCCN4C[C@@H]2C)C3(C)C)c1": 1
    },
    {
        "COCCCN1C[C@H](C)N(C(=O)N2Cc3c(NC(=O)c4cc(C)nc(C)n4)n[nH]c3C2(C)C)C[C@H]1C": 1
    },
    {
        "C.C[C@H]1CN(CC2CCOCC2)CCN1C(=O)N1Cc2c(NC(=O)c3cn(C)cn3)n[nH]c2C1(C)C": 1
    },
    {
        "C.Cc1ccccc1C(=O)Nc1n[nH]c2c1CN(C(=O)N1CCN(CC3CCOCC3)C[C@@H]1C)C2(C)C": 1
    },
    {
        "C[C@H]1CN2CCC[C@H]2CN1C(=O)N1Cc2c(NC(=O)c3cnc4ccccc4n3)n[nH]c2C1(C)C": 1
    },
    {
        "Cc1nc(C)c(C(=O)Nc2n[nH]c3c2CN(C(=O)N2C[C@@H]4CCCN4C[C@@H]2C)C3(C)C)o1": 1
    },
    {
        "COc1ccc(C(=O)Nc2n[nH]c3c2CN(C(=O)N2C[C@@H]4CCCN4C[C@@H]2C)C3(C)C)cc1": 1
    },
    {
        "CCCc1cc(C(=O)Nc2n[nH]c3c2CN(C(=O)N2C[C@@H](C)N(CC4CCOCC4)C[C@@H]2C)C3(C)C)no1": 1
    },
    {
        "C.C[C@H]1CN(CC2CCOCC2)CCN1C(=O)N1Cc2c(NC(=O)c3ccc(F)cc3)n[nH]c2C1(C)C": 1
    },
    {
        "C.Cc1cccc(C(=O)Nc2n[nH]c3c2CN(C(=O)N2CCN(CC4CCOCC4)C[C@@H]2C)C3(C)C)n1": 1
    },
    {
        "CN1CCC(F)(C(=O)N2Cc3c(NC(=O)c4ccc(Cl)c(Cl)c4)n[nH]c3C2(C)C)CC1": 1
    },
    {
        "CCc1cc(C(=O)Nc2n[nH]c3c2CN(C(=O)N2C[C@@H]4CCCN4C[C@@H]2C)C3(C)C)no1": 1
    },
    {
        "CC(=O)C1=C(O)C=C2Oc3c(C(N)=O)c(O)cc(O)c3[C@]2(C)C1=O": 1
    },
    {
        "CN(C)CCCn1cc(C2=C(c3csc4ccccc34)C(=O)NC2=O)c2ccccc21": 1
    },
    {
        "C[C@H]1CN2CCC[C@H]2CN1C(=O)N1Cc2c(NC(=O)c3ccc(Br)cn3)n[nH]c2C1(C)C": 1
    },
    {
        "COc1ccc(C(=O)Nc2n[nH]c3c2CN(C(=O)N2C[C@@H](C)N(C4CCOCC4)C[C@@H]2C)C3(C)C)nc1": 1
    },
    {
        "CC1CN(C(=O)N2Cc3c(NC(=O)c4ccccn4)n[nH]c3C2(C)C)CCN1CC1CC1": 1
    },
    {
        "CN1CCN(c2nc(C3=C(c4c[nH]c5ccccc45)C(=O)NC3=O)c3ccc(Cl)cc3n2)CC1": 1
    },
    {
        "CC1=CC23C(=O)[C@@H](C=C(CO)[C@@H](O)[C@@H]2[C@H]1OC(=O)C1(C)CCCCC1)[C@H]1[C@@H](C[C@H]3C)C1(C)C": 1
    },
    {
        "C[C@H]1CN2CCC[C@H]2CN1C(=O)N1Cc2c(CC(=O)c3ccccn3)n[nH]c2C1(C)C": 1
    },
    {
        "C[C@H]1CN(C)C2(CCCC2)CN1C(=O)N1Cc2c(NC(=O)c3ccccn3)n[nH]c2C1(C)C": 1
    },
    {
        "CN1CCN(C(=O)N2Cc3c(n[nH]c3NC(=O)c3cc4ccccc4s3)C2(C)C)[C@@H](Cc2ccccc2)C1": 1
    },
    {
        "CC(C)c1csc(C(=O)Nc2n[nH]c3c2CN(C(=O)N2C[C@@H]4CCCN4C[C@@H]2C)C3(C)C)n1": 1
    },
    {
        "CC1(C)CN2CCC[C@H]2CN1C(=O)N1Cc2c(NC(=O)c3cccc(Cl)c3)n[nH]c2C1(C)C": 1
    },
    {
        "CCc1ccc(C(=O)Nc2n[nH]c3c2CN(C(=O)N2C[C@@H]4CCCN4C[C@@H]2C)C3(C)C)cc1": 1
    },
    {
        "C[C@H]1CN(CC2CCOCC2)[C@H](C)CN1C(=O)N1Cc2c(NC(=O)c3cnccn3)n[nH]c2C1(C)C": 1
    },
    {
        "C[C@H]1CN(C)[C@H](C)CN1C(=O)N1Cc2c(NC(=O)c3ccc(C#N)cn3)n[nH]c2C1(C)C": 1
    },
    {
        "CC(C)NCc1ccc2ccc(Cl)c(C3=C(c4cn(C)c5ccccc45)C(=O)NC3=O)c2c1": 1
    },
    {
        "CCC[C@H]1CN2CCC[C@H]2CN1C(=O)N1Cc2c(NC(=O)c3ccccc3)n[nH]c2C1(C)C": 1
    },
    {
        "C[C@H]1CN2CCC[C@H]2CN1C(=O)N1Cc2c(NC(=O)c3cc(Cl)ccn3)n[nH]c2C1(C)C": 1
    },
    {
        "Cc1cc(C(=O)Nc2n[nH]c3c2CN(C(=O)N2C[C@@H]4CCCN4C[C@@H]2C)C3(C)C)n(C)n1": 1
    },
    {
        "C[C@@H]1CC(=O)Nc2ncnc(N3CCC(c4nc(C5CCOCC5)cn4CCN4CCCC4)CC3)c21": 0
    },
    {
        "CC1(C)c2[nH]nc(NC(=O)c3ccc4ccccc4n3)c2CN1C(=O)N1CCN2CCCC2C1": 1
    },
    {
        "C[C@H]1CN2CCC[C@H]2CN1C(=O)N1Cc2c(NC(=O)c3cccc(OC(F)(F)F)c3)n[nH]c2C1(C)C": 1
    },
    {
        "COc1ccc(C(=O)Nc2n[nH]c3c2CN(C(=O)N2C[C@@H]4CCCN4C[C@@H]2C)C3(C)C)nc1": 1
    },
    {
        "Cc1cc(C)nc(C(=O)Nc2n[nH]c3c2CN(C(=O)N2C[C@@H]4CCCN4C[C@@H]2C)C3(C)C)c1": 1
    },
    {
        "CCc1ccnc(C(=O)Nc2n[nH]c3c2CN(C(=O)N2C[C@@H]4CCCN4C[C@@H]2C)C3(C)C)c1": 1
    },
    {
        "C[C@H]1CN2CCC[C@H]2CN1C(=O)N1Cc2c(NC(=O)c3cccc(C#N)c3)n[nH]c2C1(C)C": 1
    },
    {
        "CC[C@H]1CN2CCC[C@H]2CN1C(=O)N1Cc2c(NC(=O)c3cccc(Cl)c3)n[nH]c2C1(C)C": 1
    },
    {
        "CC1(C)c2[nH]nc(NC(=O)c3ccccn3)c2CN1C(=O)N1C[C@@H]2CCCN2C[C@@H]1CO": 1
    },
    {
        "CCCN1C[C@H](C)N(C(=O)N2Cc3c(NC(=O)c4ccc(F)cc4F)n[nH]c3C2(C)C)C[C@H]1CCO": 1
    },
    {
        "CCC1(CC)c2[nH]nc(NC(=O)c3ccccn3)c2CN1C(=O)N1C[C@@H]2CCCN2C[C@@H]1C": 1
    },
    {
        "CC(C)[C@H]1CN(C)C(C)(C)CN1C(=O)N1Cc2c(NC(=O)c3ccccn3)n[nH]c2C1(C)C": 1
    },
    {
        "C[C@H]1CN(C2CCOCC2)[C@H](C)CN1C(=O)N1Cc2c(NC(=O)c3ccc(F)cn3)n[nH]c2C1(C)C": 1
    },
    {
        "CC1(C)c2[nH]nc(NC(=O)c3cccc(Oc4ccccc4)c3)c2CN1C(=O)N1CCNCC1c1ccccc1": 1
    },
    {
        "CN1CCN(C(=O)N2Cc3c(NC(=O)c4ccc5ccccc5n4)n[nH]c3C2(C)C)[C@@H](Cc2ccccc2)C1": 1
    },
    {
        "CC1(C)c2[nH]nc(NC(=O)c3cccs3)c2CN1C(=O)N1CCN2CCCC2C1": 1
    },
    {
        "CC1(C)c2[nH]nc(NC(=O)c3ccc4ccncc4n3)c2CN1C(=O)N1C[C@@H]2CCCN2C[C@@H]1Cc1ccccc1": 1
    },
    {
        "Cn1c(=O)c(S(=O)(=O)c2ccc(F)cc2F)cc2cnc(Nc3ccc4[nH]ccc4c3)nc21": 0
    },
    {
        "COc1cccc(C(=O)Nc2n[nH]c3c2CN(C(=O)N2C[C@@H]4CCCN4C[C@@H]2Cc2ccccc2)C3(C)C)c1": 1
    },
    {
        "CC1(C)c2[nH]nc(NC(=O)c3cccc(Cl)c3)c2CN1C(=O)N1CCN2CCCC2C1": 1
    },
    {
        "C[C@H]1CN2CCC[C@H]2CN1C(=O)N1Cc2c(NC(=O)c3ccc(Cl)c(Cl)c3)n[nH]c2C1(C)C": 1
    },
    {
        "C[C@H]1CN2CCC[C@H]2CN1C(=O)N1Cc2c(NC(=O)c3c(F)cccc3Cl)n[nH]c2C1(C)C": 1
    },
    {
        "C.CCn1ccc(C(=O)Nc2n[nH]c3c2CN(C(=O)N2CCN(CC4CCOCC4)C[C@@H]2C)C3(C)C)n1": 1
    },
    {
        "Cc1ccc2ccc(CN)cc2c1C1=C(c2cn(C)c3ccccc23)C(=O)NC1=O": 1
    },
    {
        "CN(C)Cc1ccc2c(C3=C(c4c[nH]c5ccccc45)C(=O)NC3=O)c(Cl)ccc2c1": 1
    },
    {
        "CC(=O)N(C)Cc1ccc2ccc(Cl)c(C3=C(c4cn(C)c5ccccc45)C(=O)NC3=O)c2c1": 1
    },
    {
        "C.C[C@H]1CN(CC2CCOCC2)CCN1C(=O)N1Cc2c(NC(=O)c3ccc(C#N)cc3)n[nH]c2C1(C)C": 1
    },
    {
        "O=C1NC(=S)S/C1=C\\c1ccc2ncccc2c1": 0
    },
    {
        "C.C[C@H]1CN(CC2CCOCC2)CCN1C(=O)N1Cc2c(NC(=O)c3ccc(Cl)cn3)n[nH]c2C1(C)C": 1
    },
    {
        "C.Cc1nc(C(=O)Nc2n[nH]c3c2CN(C(=O)N2CCN(CC4CCOCC4)C[C@@H]2C)C3(C)C)cs1": 1
    },
    {
        "CC(C)(C)CNC(=O)CC1CNC(=O)c2cc(-c3ccsc3)cn21": 0
    },
    {
        "CCCN1C[C@H](C)N(C(=O)N2Cc3c(NC(=O)c4ccccn4)n[nH]c3C2(C)C)C[C@H]1CCO": 1
    },
    {
        "C[C@H]1CN2CCC[C@H]2CN1C(=O)N1Cc2c(NC(=O)c3c(F)ccc(F)c3F)n[nH]c2C1(C)C": 1
    },
    {
        "Cc1cc(C(=O)Nc2n[nH]c3c2CN(C(=O)N2C[C@@H](C)N(CC4CCOCC4)C[C@@H]2C)C3(C)C)n(C)n1": 1
    },
    {
        "C.C[C@H]1CN(C)CCN1C(=O)N1Cc2c(NC(=O)c3ccc(F)cc3F)n[nH]c2C1(C)C": 1
    },
    {
        "Cn1cc(C2=C(c3c(Cl)ccc4ccc(CN5CCC5)cc34)C(=O)NC2=O)c2ccccc21": 1
    },
    {
        "CC1(C)c2n[nH]c(NC(=O)c3ccccn3)c2CN1C(=O)C1(F)CCN(C2CCC2)CC1": 1
    },
    {
        "Cc1nc(C)c(C(=O)Nc2n[nH]c3c2CN(C(=O)N2C[C@@H](C)N(C)C[C@@H]2C)C3(C)C)o1": 1
    },
    {
        "C[C@@H]1CC(=O)Nc2ncnc(N3CCC(c4nc(CCC(F)(F)F)cn4CCN4CCCC4)CC3)c21": 1
    },
    {
        "CN1CCN(CCCOc2cccc(CC(=O)Nc3nc(-c4c[nH]c5ncccc45)cs3)c2)CC1": 0
    },
    {
        "O=C(Cc1cccc(OCCCN2CCNCC2)c1)Nc1nc(-c2ccncc2)cs1": 0
    },
    {
        "C.C[C@H]1CN(CC2CCCC2)CCN1C(=O)N1Cc2c(NC(=O)c3ccc(F)cc3F)n[nH]c2C1(C)C": 1
    },
    {
        "CC(C)[C@H]1CN2CCC[C@H]2CN1C(=O)N1Cc2c(NC(=O)c3ccc(F)cc3F)n[nH]c2C1(C)C": 1
    },
    {
        "C[C@H]1CN(C(=O)N2Cc3c(NC(=O)c4ccccn4)n[nH]c3C2(C)C)C[C@@H](C)N1": 1
    },
    {
        "C[C@H]1CN(C2CCOCC2)[C@H](C)CN1C(=O)N1Cc2c(NC(=O)c3ccc(N4CCOCC4)cn3)n[nH]c2C1(C)C": 1
    },
    {
        "C[C@@H]1CC(=O)Nc2ncnc(N3CCC(c4nc(-c5ccc(F)c(C(F)(F)F)c5)cn4CCN4CCCC4)CC3)c21": 1
    },
    {
        "CS(=O)(=O)Nc1cccc(CC(=O)Nc2nc(-c3c[nH]c4ncccc34)cs2)c1": 1
    },
    {
        "O=C1NC(=S)S/C1=C\\c1ccc2ncsc2c1": 1
    },
    {
        "C[C@@H]1CC(=O)Nc2ncnc(N3CCC(c4nc(C(F)(F)F)cn4CCN4CCCC4)CC3)c21": 0
    },
    {
        "C1COC(=O)C1=CC2=CC3=C(C=C2)OCO3": 0
    },
    {
        "CC1CC(=CC2=CC=C(C=C2)OC)C(=O)O1": 0
    },
    {
        "COC1=CC=C(C=C1)C=C2C(=O)NC(=O)N2": 0
    },
    {
        "COC1=CC=C(C=C1)C=C2CCOC2=O": 0
    },
    {
        "CC1CC(=CC2=CC3=C(C=C2)N=CS3)C(=O)O1": 0
    },
    {
        "C1CC2=C(C=CC(=C2)C=C3CCOC3=O)OC1": 0
    },
    {
        "C1COC(=O)C1=CC2=CC3=C(C=C2)OCCO3": 0
    },
    {
        "COC1=CC=C(C=C1)C=C2CCCOC2=O": 0
    },
    {
        "COC1=CC=C(C=C1)C=C2C(=O)NC(=S)S2": 0
    },
    {
        "C1=CC2=NC=CN=C2C=C1C=C3C(=O)NC(=O)S3": 0
    },
    {
        "CC1CC(=CC2=CC3=C(C=C2)OCC3)C(=O)O1": 0
    },
    {
        "COC1=CC=C(C=C1)C=C2C(=O)SC(=O)N2": 0
    },
    {
        "C1COC(=O)C1=CC2=CC3=C(C=C2)N=CS3": 0
    },
    {
        "C1COC2=C1C=C(C=C2)C=C3CCOC3=O": 0
    }
]