[
    {
        "Nc1nc(Cl)nc2c1ncn2[C@@H]1O[C@H](CS[C@@H]2CN[C@H](C(=O)O)C2)[C@@H](O)[C@H]1O": 1
    },
    {
        "Nc1ncnc2c1c(Br)cn2[C@@H]1O[C@H](CSCC[C@H](N)C(=O)O)[C@@H](O)[C@H]1O": 1
    },
    {
        "CCCc1cc(C)[nH]c(=O)c1CNC(=O)c1cc(-c2ccnc(N3CCN(C)CC3)c2)cc2c1cnn2C(C)C": 0
    },
    {
        "Cc1cc(Nc2cccc(NC(=O)c3cccc(Nc4ccnc5ccccc45)c3)c2)nc(N)n1": 1
    },
    {
        "O=C1N=C(NCc2ccco2)NCN1": 0
    },
    {
        "Nc1ncnc2c1ncn2[C@@H]1O[C@H](CS[C@@H]2CCC[C@@H]2N)[C@@H](O)[C@H]1O": 0
    },
    {
        "NC(CCSC[C@H]1O[C@@H](n2cnc3c(NCCc4ccc(-c5ccccc5)cc4)ncnc32)[C@H](O)[C@@H]1O)C(=O)O": 1
    },
    {
        "Cc1cc(Nc2ccc(NC(=O)c3ccccc3Nc3ccnc4ccccc34)cc2)nc(N)n1": 0
    },
    {
        "COC(=O)[C@@H]1C[C@H](SC[C@H]2O[C@@H](n3cnc4c(N)ncnc43)[C@H](O)[C@@H]2O)CN1C": 1
    },
    {
        "CN1CC[C@@H](SC[C@H]2O[C@@H](n3cnc4c(N)ncnc43)[C@H](O)[C@@H]2O)C1": 0
    },
    {
        "Nc1ncnc2c1ncn2[C@@H]1O[C@H](CSCC[C@H](N)C(=O)O)[C@@H](O)[C@H]1O": 1
    },
    {
        "COC(=O)[C@@H]1C[C@H](SC[C@H]2O[C@@H](n3cnc4c(N)ncnc43)[C@H](O)[C@@H]2O)CN1": 1
    },
    {
        "O=C(O)[C@@H]1C[C@H](SC[C@H]2O[C@@H](n3cnc4c(NCCc5ccc(-c6ccccc6)cc5)ncnc43)[C@H](O)[C@@H]2O)CN1": 1
    },
    {
        "O=C(O)[C@@H]1C[C@H](SC[C@H]2O[C@@H](n3cnc4c(NCCc5ccc(-c6ccccc6)cc5)nc(Cl)nc43)[C@H](O)[C@@H]2O)CN1": 1
    },
    {
        "Cc1cc(C)c(CNC(=O)c2cc(-c3ccc(N4CCN(C)CC4)nc3)cc3c2cnn3C(C)C)c(=O)[nH]1": 0
    },
    {
        "Cc1cc(Nc2cccc(NC(=O)c3ccccc3Nc3ccnc4ccccc34)c2)nc(N)n1": 0
    },
    {
        "Cc1cc(Nc2ccccc2NC(=O)c2ccc(Nc3ccnc4ccccc34)cc2)nc(N)n1": 0
    },
    {
        "COc1cc2c(NC3CCN(C(C)C)CC3)nc(N3CCC(F)(F)CC3)nc2cc1OCCCN1CCCC1": 0
    },
    {
        "Nc1ncn([C@H]2C[C@H](O)[C@@H](CO)O2)c(=O)n1": 1
    },
    {
        "c1ccc(CCNc2ncnc3cc(OCC4CCN(CCNc5ccnc6ccccc56)CC4)ccc23)cc1": 0
    },
    {
        "Cc1ccc(-c2cc(NC3CCN(C)CC3)c3cc(O)c(OCCCN4CCCC4)cc3n2)o1": 1
    },
    {
        "Nc1ncnc2c1ncn2[C@@H]1O[C@H](CSC[C@H]2CCCN2)[C@@H](O)[C@H]1O": 0
    },
    {
        "NCCSC[C@H]1O[C@@H](n2cnc3c(N)ncnc32)[C@H](O)[C@@H]1O": 0
    },
    {
        "COc1cc2c(NC3CCN(C)CC3)nc(-c3ccc(C)o3)nc2cc1OCCCN1CCCC1": 1
    },
    {
        "COc1cc2c(NC3CCN(C)CC3)cc(-c3ccccc3C)nc2cc1OCCCN1CCCC1": 1
    },
    {
        "COc1cc2c(NC3CCN(C)CC3)cc(-c3ccc(C)s3)nc2cc1OCCCN1CCCC1": 1
    },
    {
        "COc1cc2c(NC3CCN(C)CC3)cc(-c3ccc(CO)o3)nc2cc1OCCCN1CCCC1": 1
    },
    {
        "Nc1ncnc2c1ncn2[C@@H]1O[C@H](CSC2CNC2)[C@@H](O)[C@H]1O": 0
    },
    {
        "O[C@@H]1[C@@H](CS[C@H]2CCNC2)O[C@@H](n2cnc3c(NCCc4ccc(-c5ccccc5)cc4)nc(Cl)nc32)[C@@H]1O": 1
    },
    {
        "CN1C[C@@H](SC[C@H]2O[C@@H](n3cnc4c(N)ncnc43)C(O)[C@@H]2O)C[C@H]1C(=O)O": 0
    },
    {
        "CN(CC[C@H](N)C(=O)O)C[C@H]1O[C@@H](n2cnc3c(N)ncnc32)[C@H](O)[C@@H]1O": 0
    },
    {
        "Nc1ncnc2c1ncn2[C@@H]1O[C@H](CN(CCc2csc3ccccc23)CC[C@H](N)C(=O)O)[C@@H](O)[C@H]1O": 0
    },
    {
        "COc1cc2c(NC3CCN(C)CC3)cc(C)nc2cc1OCCCN1CCCC1": 1
    },
    {
        "COc1cc2c(NCc3ccccc3)cc(-c3ccc(C)o3)nc2cc1OCCCN1CCCC1": 1
    },
    {
        "Nc1ncn([C@@H]2O[C@H](CO)[C@@H](O)[C@H]2O)c(=O)n1": 1
    },
    {
        "COc1cc2c(NC3CCN(C)CC3)cc(-c3cc4ccccc4o3)nc2cc1OCCCN1CCCC1": 1
    },
    {
        "COc1cc2c(NC3CCN(C)CC3)cc(-c3cc[nH]c(=O)c3)nc2cc1OCCCN1CCCC1": 1
    },
    {
        "COc1cc2c(NC3CCN(C4CC4)CC3)cc(-c3ccc(C)o3)nc2cc1OCCCN1CCCC1": 1
    },
    {
        "COc1cc2c(NC3CCN(C)CC3)cc(-c3ccc(C)o3)nc2cc1OCCCN1CCCC1": 1
    },
    {
        "CCc1ccc(-c2cc(NC3CCC34CCN(C)CC4)c3cc(OC)c(OCCCN4CCCC4)cc3n2)o1": 1
    },
    {
        "COc1cc2c(OC3CCN(C)CC3)cc(-c3ccc(C)o3)nc2cc1OCCCN1CCCC1": 1
    },
    {
        "COc1cc2c(NCC3CCN(C)CC3)cc(-c3ccc(C)o3)nc2cc1OCCCN1CCCC1": 1
    },
    {
        "CCc1ccc(-c2cc(NC3CCN(C)CC3)c3cc(OC)c(OCCCN(C)C)cc3n2)o1": 1
    },
    {
        "CCc1ccc(-c2cc(NC3CCN(C)CC3)c3cc(OC)c(OCCCN4CCCCC4)cc3n2)o1": 1
    },
    {
        "COc1cc2c(NC3CCN(C)CC3)cc(-c3ccc(C)o3)nc2cc1OCC1CCN(C)CC1": 1
    },
    {
        "COc1cc2c(NC3CCN(C(C)C)CC3)nc(C3CCCCC3)nc2cc1OCCCN1CCCC1": 1
    },
    {
        "c1ccc(NCCNc2ncnc3cc(OCC4CCN(CCNc5ccnc6ccccc56)CC4)ccc23)cc1": 0
    },
    {
        "c1ccc2c(CCCNc3ncnc4cc(OCC5CCN(CCNc6ccnc7ccccc67)CC5)ccc34)cccc2c1": 0
    },
    {
        "Nc1nc(Cl)nc2c1ncn2[C@@H]1O[C@H](CS[C@H]2CCNC2)[C@@H](O)[C@H]1O": 0
    },
    {
        "COc1cc2c(NC3CCN(C)CC3)cc(C3=CCOCC3)nc2cc1OCCCN1CCCC1": 1
    },
    {
        "Cc1cc(Nc2ccccc2NC(=O)c2cccc(Nc3ccnc4ccccc34)c2)nc(N)n1": 0
    },
    {
        "O=C(NCCSSCCNC(=O)/C(Cc1ccc(O)c(Br)c1)=N/O)/C(Cc1ccc(O)c(Br)c1)=N/O": 1
    },
    {
        "Nc1ccc(NC(=O)c2ccc(Nc3ccnc4ccccc34)cc2)cc1": 0
    },
    {
        "COc1cc2c(NC3CCN(C)CC3)cc(C3=CCCCC3)nc2cc1OCCCN1CCCC1": 1
    },
    {
        "CCc1ccc(-c2cc(NC3CCN(C4CC4)CC3)c3cc(OC)c(OCCCN4CCCC4)cc3n2)o1": 1
    },
    {
        "CCCc1cc(C)[nH]c(=O)c1CNC(=O)c1cc(-c2ccc(N3CCN(C)CC3)nc2)cc2c1cnn2C(C)C": 0
    },
    {
        "COc1cc2c(NC3CCN(C)CC3)cc(-c3ccc(C)[nH]3)nc2cc1OCCCN1CCCC1": 1
    },
    {
        "Cc1ccc(-c2cc(NC3CCN(C)CC3)c3cc(Cl)c(OCCCN4CCCC4)cc3n2)o1": 1
    },
    {
        "COc1cc2c(NC3CC4(CCN(C)CC4)C3)cc(-c3ccc(C)o3)nc2cc1OCC1CCN(C)CC1": 1
    },
    {
        "NCCCSC[C@H]1O[C@@H](n2cnc3c(N)ncnc32)[C@H](O)[C@@H]1O": 0
    },
    {
        "O[C@@H]1[C@@H](CS[C@H]2CCNC2)O[C@@H](n2cnc3c(NCCc4ccc(-c5ccccc5)cc4)ncnc32)[C@@H]1O": 0
    },
    {
        "COc1cc2c(NC3CCN(C(C)C)CC3)cc(C3CCCCC3)nc2cc1OCCCN1CCCC1": 1
    },
    {
        "Nc1ncnc2c1ncn2[C@@H]1O[C@H](CC(N)CC2CCCCC2)[C@@H](O)[C@H]1O": 0
    },
    {
        "COC(=O)c1ccccc1NC(=O)CSc1nc2cc(OC)ccc2[nH]1": 0
    },
    {
        "c1ccc(-c2ccc(CNc3ncnc4cc(OCC5CCN(CCNc6ccnc7ccccc67)CC5)ccc34)cc2)cc1": 0
    },
    {
        "c1ccc(CCCNc2ncnc3cc(OCC4CCN(CCNc5ccnc6ccccc56)CC4)ccc23)cc1": 0
    },
    {
        "COc1ccc(CCNc2ncnc3cc(OCC4CCN(CCNc5ccnc6ccccc56)CC4)ccc23)cc1": 0
    },
    {
        "Cc1cc(Nc2ccc(NC(=O)c3ccc(N)cc3)cc2)nc(N)n1": 0
    },
    {
        "COc1cc2c(NC3CCN(C)CC3)cc(-c3ccccc3)nc2cc1OCCCN1CCCC1": 1
    },
    {
        "COc1cc2c(NC3CCN(C)CC3)cc(-c3ccc(CN(C)C)o3)nc2cc1OCCCN1CCCC1": 1
    },
    {
        "COc1cc2nc(N3CCCC3)nc(NCCCCCN3CCCC3)c2cc1OC": 0
    },
    {
        "Clc1ccc(CCNc2ncnc3cc(OCC4CCN(CCNc5ccnc6ccccc56)CC4)ccc23)cc1": 0
    },
    {
        "Cc1cc(NCCN2CCC(COc3ccc4c(NCCCc5ccccc5)ncnc4c3)CC2)c2ccccc2n1": 0
    },
    {
        "CCc1ccc(-c2cc(NC3CCN(C)CC3)c3cc(OC)c(OCCCN4CCC5(CC5)C4)cc3n2)o1": 1
    },
    {
        "COc1cc2c(NCC3CCN(C(C)C)CC3)cc(-c3ccc(C)o3)nc2cc1OCCCN1CCCC1": 1
    },
    {
        "COc1cc2c(NC3CCN(C(C)C)CC3)cc(-c3ccc(C)o3)nc2cc1OCCCN1CCCC1": 1
    },
    {
        "COc1cc2c(NC3CC4(CCN(C(C)C)CC4)C3)cc(-c3ccc(C)o3)nc2cc1OCCCN1CCCC1": 1
    },
    {
        "c1ccc2c(NCCNc3ncnc4cc(OCC5CCN(CCNc6ccnc7ccccc67)CC5)ccc34)cccc2c1": 0
    },
    {
        "COc1cc2nccc(NCCN3CCC(COc4ccc5c(NCCCc6ccccc6)ncnc5c4)CC3)c2cc1OC": 0
    },
    {
        "COc1cc2nc(N3CCCN(C)CC3)nc(NC3CCN(Cc4ccccc4)CC3)c2cc1OC": 0
    },
    {
        "COc1cc2c(NC3CC4(CCN(C)CC4)C3)cc(-c3ccc(C)o3)nc2cc1OCCCN1CCCC1": 1
    },
    {
        "COc1cc2c(NC3CC4CCC(C3)N4C)cc(-c3ccc(C)o3)nc2cc1OCCCN1CCCC1": 1
    },
    {
        "Cc1ccc(-c2cc(NC3CCN(C)CC3)c3cc(C#N)c(OCCCN4CCCC4)cc3n2)o1": 1
    },
    {
        "COc1cc2c(NC3CCN(C)CC3)cc(-c3ccc(C)o3)nc2cc1OCCCN1CCC(F)C1": 1
    },
    {
        "COc1cc2c(NC3CCN(C)CC3)cc(-c3ccc(C)o3)nc2cc1OC1CC2(C1)CN(C(C)C)C2": 1
    },
    {
        "COc1cc2c(NC3CCN(C)CC3)cc(C3CCCCC3)nc2cc1OCCCN1CCCC1": 1
    },
    {
        "COc1cc2c(NC3CCN(C)CC3)cc(-c3ccc(C#N)o3)nc2cc1OCCCN1CCCC1": 1
    },
    {
        "COc1cc2c(NC3CCN(C)CC3)cc(-c3ccnn3C)nc2cc1OCCCN1CCCC1": 0
    },
    {
        "CCc1ccc(-c2cc(NCC3C4CCC3CN(C)C4)c3cc(OC)c(OCCCN4CCCC4)cc3n2)o1": 1
    },
    {
        "CCN(CC)S(=O)(=O)c1ccc(/C=C/c2nc3ccccc3s2)cc1": 0
    },
    {
        "N[C@@H](CCSC[C@H]1O[C@@H](n2cnc3c(NCc4cccc(Cl)c4)ncnc32)[C@H](O)[C@@H]1O)C(=O)O": 0
    },
    {
        "COc1cc2c(NC3CCN(C)CC3)cc(C(F)(F)F)nc2cc1OCCCN1CCCC1": 0
    },
    {
        "COc1cc2c(NC3CCN(C)CC3)cc(-c3ccoc3)nc2cc1OCCCN1CCCC1": 1
    },
    {
        "COc1cc2c(NC3CCN(C)CC3)cc(C3CCC(C)O3)nc2cc1OCCCN1CCCC1": 1
    },
    {
        "CCNCc1ccc(-c2cc(NC3CCN(C)CC3)c3cc(OC)c(OCCCN4CCCC4)cc3n2)o1": 1
    },
    {
        "COc1cc2c(NC3CCN(C)CC3)cc(-c3ccc(-c4ccccc4)o3)nc2cc1OCCCN1CCCC1": 1
    },
    {
        "COc1cc2c(NC3CCN(C)CC3)cc(-c3cccnc3)nc2cc1OCCCN1CCCC1": 1
    },
    {
        "CCc1ccc(-c2cc(NC3CCN(C(C)C)CC3)c3cc(OC)c(OCCCN4CCCC4)cc3n2)o1": 1
    },
    {
        "COc1cc2nc(-c3ccc(C)o3)cc(NC3CCN(C)CC3)c2cc1OC": 1
    },
    {
        "COc1cc2c(NC3CCN(C)CC3)cc(-c3ccc(C)o3)nc2cc1OC1CC2(C1)CN(C)C2": 1
    },
    {
        "COc1cc2c(NC3CCNCC3)cc(-c3ccc(C)o3)nc2cc1OCCCN1CCCC1": 1
    },
    {
        "COc1cc(NC2CCN(C)CC2)c2cc(OC)c(OCCCN3CCCC3)cc2n1": 1
    },
    {
        "COc1cc2c(NC3CCN(C)CC3)cc(N3CCN(C)CC3)nc2cc1OCCCN1CCCC1": 1
    },
    {
        "COc1cc2c(NC3CCN(C)CC3)cc(-c3ccn(C)n3)nc2cc1OCCCN1CCCC1": 1
    },
    {
        "CCc1ccc(-c2cc(NC3CCN(C)CC3)c3cc(OC)c(OCCCN4CCCC4)cc3n2)o1": 1
    },
    {
        "COc1cc2c(NC3CCN(C)CC3)cc(C3CCOCC3)nc2cc1OCCCN1CCCC1": 1
    },
    {
        "COc1cc2c(NC3CCC34CCN(C)C4)cc(-c3ccc(C)o3)nc2cc1OCCCN1CCCC1": 1
    },
    {
        "COc1cc2c(NC3CCN(C)CC3)cc(-c3ccc(C)o3)nc2cc1OCC1CCNCC1": 1
    },
    {
        "COc1cc2c(NC3CCN(C)CC3)cc(-c3ccc(C)o3)nc2cc1OC1CCNCC1": 1
    },
    {
        "COc1cc2c(NC3C4CCC3CN(C)C4)cc(-c3ccc(C)o3)nc2cc1OC1CC2(C1)CN(C)C2": 1
    },
    {
        "COc1cc2c(NCC3C4CCC3CN(C)C4)cc(-c3ccc(C)o3)nc2cc1OCCCN1CCCC1": 1
    },
    {
        "Cc1ccc(-c2cc(NC3CCN(C)CC3)c3ccc(OCCCN4CCCC4)cc3n2)o1": 1
    },
    {
        "COc1cc2c(NC3CCN(C)CC3)cc(-c3ccc(C)o3)nc2cc1OC1CC2(C1)CN(C1CC1)C2": 1
    },
    {
        "COc1cc2c(N(C)C3CCN(C)CC3)cc(-c3ccc(C)o3)nc2cc1OCCCN1CCCC1": 1
    },
    {
        "CCc1ccc(-c2cc(NCC3CCN(C)CC3)c3cc(OC)c(OCCCN4CCCC4)cc3n2)o1": 1
    },
    {
        "COc1cc2c(NC3CC4(CCN(C)C4)C3)cc(-c3ccc(C)o3)nc2cc1OCCCN1CCCC1": 1
    },
    {
        "COc1cc2c(NC3CCC34CCN(C)CC4)cc(-c3ccc(C)o3)nc2cc1OCCCN1CCCC1": 1
    },
    {
        "COc1cc2c(NC3C4CCC3CN(C)C4)cc(-c3ccc(C)o3)nc2cc1OCCCN1CCCC1": 1
    },
    {
        "Cc1ccc(-c2cc(NC3CCN(C)CC3)c3cc(OC(F)(F)F)c(OCCCN4CCCC4)cc3n2)o1": 1
    },
    {
        "CCc1ccc(-c2cc(NC3CCN(C)CC3)c3cc(OC)c(OCCCN4CCOCC4)cc3n2)o1": 1
    },
    {
        "COc1cc2c(NCC3CCN(C)CC3)cc(-c3ccc(C)o3)nc2cc1OC1CC2(C1)CN(C)C2": 1
    },
    {
        "COc1cc2c(NC3CC4(CCN(C(C)C)CC4)C3)cc(-c3ccc(C)o3)nc2cc1OC1CC2(C1)CN(C)C2": 1
    },
    {
        "COc1cc2c(NC3CC3)cc(-c3ccc(C)o3)nc2cc1OCCCN1CCCC1": 1
    },
    {
        "COc1cc2c(NC3CCCC3)cc(-c3ccc(C)o3)nc2cc1OCCCN1CCCC1": 1
    },
    {
        "COc1cc2c(NCCO)cc(-c3ccc(C)o3)nc2cc1OCCCN1CCCC1": 1
    },
    {
        "CNC(=O)CCNc1cc(-c2ccc(C)o2)nc2cc(OCCCN3CCCC3)c(OC)cc12": 1
    },
    {
        "COc1cc2c(NC3CCN(C)C(=O)C3)cc(-c3ccc(C)o3)nc2cc1OCCCN1CCCC1": 1
    },
    {
        "COc1cc2c(NC(C)(C)C3CCN(C)CC3)cc(-c3ccc(C)o3)nc2cc1OCCCN1CCCC1": 1
    },
    {
        "COc1cc2c(NC3CC4(CCN(C)CC4)C3)cc(-c3ccc(C)o3)nc2cc1OC1CC2(C1)CN(C)C2": 1
    },
    {
        "C1=CC=C2C(=C1)C(=O)N(C2=O)C(CCCC(=O)O)C(=O)O": 0
    },
    {
        "CCN(CC)CCN1C2=CC=CC=C2C3=CN=C(C(=C31)C#N)N": 0
    },
    {
        "CC1=C(C(=CC=C1)OCC(=O)NC2=CC=C(C=C2)N3CCCC3)C": 0
    },
    {
        "C1=CC=C(C=C1)C(=O)OC2=CC=C(C=C2)C3=NC(=NO3)C4=CC=CC=N4": 0
    },
    {
        "CCOC1=CC=C(C=C1)NC(=O)COC2=CC(=O)N(N=C2C(=O)OCC)C3=CC=C(C=C3)F": 0
    },
    {
        "[B-](F)(F)(F)F.CC1(CC(CC(N1)(C)C)[NH+]=C2C=C(OC3=C2C=C(C=C3)Cl)C4=CC=CC=C4)C": 0
    },
    {
        "CCN(CC)CCOC1=CC2=C(C=C1)C3=C(C2=NO)C=C(C=C3)OCCN(CC)CC.Cl": 0
    },
    {
        "COC1=CC=CC=C1N2CCN(CC2)N=CC3=CC(=C(C=C3)Cl)[N+](=O)[O-]": 0
    },
    {
        "C1CC2CC3=C(CN2C1)C4=CC=CC=C4C5=CC=CC=C35": 0
    },
    {
        "CC1=CC=C(C=C1)C(=O)NN2CC(=C(C2=N)C3=NC(=CS3)C4=CC(=CC=C4)[N+](=O)[O-])O": 0
    },
    {
        "CC1=CC=[N+](C2=CC=CC=C12)CC(=O)C3=CC(=CC=C3)[N+](=O)[O-].[Br-]": 0
    },
    {
        "CCN(CC)CCCNC1=NC2=CC(=C(C=C2C3=NC(=NN31)C4=CC=CC=C4)OC)OC": 0
    },
    {
        "CN(C)CCC1=CC2=C(C3=C1C=CC4=CC=CC=C43)OCO2.Cl": 0
    },
    {
        "CN1C2=CC=CC=C2C3=C1C4=CC=CC=C4OC3=O": 0
    },
    {
        "CCOC(=O)C(C(F)(F)F)(NC1=C(C2=C(S1)CCCC2)C(=O)N)NC(=O)CC(C)C": 0
    },
    {
        "C1=CC=C(C=C1)C(=O)OC2=CC=C(C=C2)C=NNC(=O)CNC(=O)C3=CC=C(C=C3)[N+](=O)[O-]": 0
    },
    {
        "CN(C)CCOC1=NC(=NC2=C1OC3=CC=CC=C32)C4=CC=CC=C4": 0
    },
    {
        "CC1=C2C(=CC=C1)C(=C3C(=CC(=NC3=N2)C)C)N": 0
    },
    {
        "C1OC2=C(O1)C=C(C=C2)NC(=O)CN3C(=O)C(=CC4=CC=C(O4)C5=C(C=CC(=C5)C(=O)O)Cl)SC3=O": 0
    },
    {
        "CC(C)(C)CC(=O)NC1=CC=CC2=C1CCCC2": 0
    },
    {
        "CC1=CC2=NC3=NC4=C(C=CC(=C4C(=C3C=C2C=C1)N)C)C": 0
    },
    {
        "CCN(CC)CCNC1=NC2=CC(=C(C=C2C3=NC(=NN31)C4=CC=CC=C4)OC)OC": 0
    }
]
